"Scene Start","Scene End","neg","neu","pos","compound","Audio Level"
"40.0","112.0","0.091","0.848","0.061","-0.5282","0.28540644145937216"
"112.0","129.0","0.17","0.83","0.0","-0.7783","0.5092694382965653"
"130.0","148.0","0.091","0.673","0.236","0.9221","0.3805716930074493"
"148.0","163.0","0.141","0.805","0.054","-0.6041","0.3378019250043751"
"164.0","186.0","0.057","0.897","0.046","-0.4019","0.302423692287082"
"186.0","660.0","0.091","0.846","0.064","-0.9935","0.5975442334975486"
"661.0","684.0","0.117","0.792","0.091","-0.6486","0.052699902121703196"
"685.0","751.0","0.105","0.844","0.051","-0.9356","0.021517651971210906"
"752.0","915.0","0.09","0.862","0.048","-0.9841","0.25141110250606025"
"915.0","991.0","0.092","0.833","0.075","-0.5938","0.3322154567638577"
"992.0","1017.0","0.0","1.0","0.0","0.0","0.20241520738543042"
"1018.0","1024.0","0.0","0.924","0.076","0.34","0.46005228541604787"
"1025.0","1034.0","0.0","0.779","0.221","0.6249","0.30406107126150905"
"1035.0","1044.0","0.112","0.888","0.0","-0.5267","0.3003107178073944"
"1045.0","1058.0","0.0","0.948","0.052","0.2023","0.2246930666640861"
"1059.0","1169.0","0.067","0.898","0.036","-0.9364","0.06422409897601422"
"1170.0","1368.0","0.104","0.814","0.082","-0.968","0.07172026137095829"
"1369.0","1402.0","0.0","0.976","0.024","0.3612","0.036508417175013914"
"1403.0","1424.0","0.03","0.924","0.046","0.4404","0.021856790157280353"
"1424.0","1530.0","0.098","0.829","0.073","-0.2748","0.030291366857448505"
"1530.0","1622.0","0.106","0.845","0.049","-0.9231","0.13040811461955348"
"1623.0","1647.0","0.071","0.844","0.084","0.8162","0.09144612245940459"
"1648.0","1864.0","0.119","0.824","0.057","-0.9871","0.13346255135758828"
"1865.0","1984.0","0.073","0.865","0.061","-0.2844","0.07251453683419971"
"1985.0","1999.0","0.071","0.929","0.0","-0.296","0.3218413292405457"
"2000.0","2014.0","0.0","1.0","0.0","0.0","0.21059226288598393"
"2015.0","2044.0","0.0","0.95","0.05","0.0258","0.0636778316600463"
"2045.0","2066.0","0.027","0.931","0.042","0.2732","0.047737402611169384"
"2067.0","2101.0","0.0","0.92","0.08","0.5411","0.06566635514991036"
"2102.0","2279.0","0.05","0.865","0.085","0.9848","0.09026484360284988"
"2280.0","2358.0","0.105","0.851","0.044","-0.9775","0.15245392627671697"
"2360.0","2365.0","0.0","1.0","0.0","0.0","0.03599749233284777"
"2425.0","2429.0","0.129","0.786","0.085","-0.1779","0.25703153881041746"
"2430.0","2496.0","0.079","0.852","0.069","-0.6747","0.171541839111282"
"2436.0","2440.0","0.068","0.831","0.102","0.2732","0.24796793687835766"
"2497.0","2506.0","0.065","0.935","0.0","-0.1779","0.13641532998812375"
"2507.0","2539.0","0.056","0.876","0.068","0.636","0.5353779592348881"
"2540.0","2557.0","0.054","0.891","0.055","0.0173","0.6128876006555173"
"2558.0","2629.0","0.054","0.914","0.031","-0.6537","0.16601685994889318"
"2630.0","2644.0","0.0","1.0","0.0","0.0","0.10814784562943017"
"2645.0","2864.0","0.021","0.979","0.0","-0.3899","0.17434148573704075"
"2681.0","2850.0","0.077","0.803","0.12","0.9295","0.2000751683546694"
"2865.0","2882.0","0.023","0.9","0.077","0.811","0.11229586683967323"
"2883.0","2909.0","0.0","0.812","0.188","0.6249","0.1047125783125874"
"2910.0","3429.0","0.069","0.834","0.097","0.9846","0.30486333737191257"
"3285.0","3319.0","0.054","0.922","0.024","-0.6522","0.4986942496647333"
"3320.0","3324.0","0.0","1.0","0.0","0.0","0.6008663262126955"
"3325.0","3329.0","0.0","1.0","0.0","0.0","1.0"
"3330.0","3429.0","0.105","0.837","0.057","-0.894","0.6617277962175271"
"3429.0","3689.0","0.109","0.833","0.058","-0.9471","0.051226052779659276"
"3490.0","3610.0","0.116","0.807","0.077","-0.9516","0.04706521130531651"
"3610.0","3690.0","0.11","0.831","0.06","-0.8307","0.015915494878418514"
"3690.0","3751.0","0.042","0.857","0.102","0.8228","0.0705375645544717"
"3785.0","3935.0","0.093","0.82","0.087","-0.7564","0.19884274339044536"
"3936.0","4085.0","0.066","0.82","0.114","0.932","0.03759946676451678"
"4137.0","4140.0","0.034","0.966","0.0","-0.34","0.21591700791152524"
"4141.0","4360.0","0.06","0.811","0.129","0.9965","0.12324079770463084"
"4365.0","4430.0","0.046","0.902","0.052","0.6153","0.06643628114062744"
"4495.0","4820.0","0.097","0.82","0.083","-0.5653","0.06263801682605646"
"4824.0","4957.0","0.064","0.845","0.091","0.8968","0.0349823101542905"
"5100.0","5236.0","0.08","0.816","0.104","0.9195","0.09649161473725541"
"5238.0","5274.0","0.096","0.847","0.057","-0.8242","0.0766681138938094"
"5280.0","5298.0","0.032","0.927","0.04","0.3818","0.390239373178842"
"5310.0","5580.0","0.092","0.825","0.083","-0.8479","0.08823156231739893"
"5585.0","5598.0","0.0","0.875","0.125","0.7506","0.05027884345373708"
"5600.0","5673.0","0.097","0.842","0.062","-0.9659","0.17794468739476835"
"5675.0","5810.0","0.128","0.783","0.089","-0.9757","0.05040770128097167"
"5983.0","6010.0","0.08","0.893","0.027","-0.5994","0.42800547432696634"
"6033.0","6093.0","0.096","0.807","0.097","-0.2023","0.0415438681793043"
"6148.0","6210.0","0.07","0.819","0.111","0.7805","0.43055539314151536"
"6390.0","6770.0","0.08","0.869","0.051","-0.9917","0.39503295996158655"
"6780.0","6810.0","0.09","0.85","0.059","-0.533","0.08549156774530198"
"6811.0","6840.0","0.014","0.869","0.117","0.8762","0.0801315305780867"
"106.0","116.0","0.081","0.776","0.143","0.5435","0.24082704551841216"
"120.0","159.0","0.114","0.804","0.082","-0.6876","0.2286088416129207"
"160.0","203.0","0.167","0.771","0.062","-0.9635","0.1873685774286499"
"204.0","225.0","0.096","0.83","0.074","-0.296","0.18290036283635117"
"227.0","231.0","0.099","0.901","0.0","-0.5574","0.11887845344454363"
"232.0","250.0","0.0","1.0","0.0","0.0","0.3100065215988316"
"251.0","282.0","0.078","0.848","0.073","0.0452","0.12255031373229153"
"283.0","318.0","0.099","0.751","0.15","0.7146","0.2103546690237173"
"319.0","370.0","0.109","0.834","0.057","-0.8816","0.3512897550684273"
"371.0","384.0","0.147","0.772","0.081","-0.2263","0.5309621997707724"
"385.0","408.0","0.122","0.878","0.0","-0.7783","0.5290704215192328"
"426.0","431.0","0.073","0.884","0.043","-0.3182","0.21311651077985952"
"432.0","444.0","0.111","0.889","0.0","-0.5216","0.15022488034053028"
"445.0","540.0","0.059","0.854","0.088","0.453","0.4887961183867988"
"545.0","570.0","0.204","0.773","0.023","-0.9305","0.44680701354570185"
"575.0","590.0","0.171","0.736","0.092","-0.7227","0.13753423245972768"
"592.0","595.0","0.0","1.0","0.0","0.0","0.12194038579703502"
"622.0","783.0","0.091","0.831","0.078","-0.8867","0.15925658834402648"
"784.0","795.0","0.0","0.627","0.373","0.9588","0.09602111355073711"
"796.0","808.0","0.035","0.887","0.078","0.6775","0.06942798385167707"
"809.0","879.0","0.104","0.75","0.146","0.7156","0.5183959537196348"
"884.0","890.0","0.0","0.837","0.163","0.5994","0.07995540997769161"
"891.0","960.0","0.154","0.833","0.013","-0.9008","0.13612132215536712"
"961.0","1042.0","0.03","0.925","0.046","0.4168","0.12094216038508"
"1043.0","1062.0","0.032","0.895","0.073","0.5267","0.10231704855138961"
"1064.0","1107.0","0.101","0.899","0.0","-0.8516","0.018523509023780776"
"1108.0","1159.0","0.013","0.929","0.058","0.7599","0.06031725023073265"
"1160.0","1164.0","0.0","1.0","0.0","0.0","0.13919444602746342"
"1165.0","1197.0","0.066","0.906","0.028","-0.5575","0.10156059776597155"
"1198.0","1202.0","0.0","1.0","0.0","0.0","0.13428881528389394"
"1203.0","1230.0","0.092","0.767","0.141","0.4404","0.10736441245758967"
"1245.0","1257.0","0.086","0.745","0.169","0.5719","0.06354710008998438"
"1258.0","1366.0","0.024","0.865","0.11","0.9883","0.04649483599202996"
"1367.0","1470.0","0.052","0.877","0.07","0.5256","0.10501083071007809"
"1471.0","1589.0","0.068","0.852","0.079","0.7871","0.06358701737267895"
"1590.0","1610.0","0.099","0.827","0.074","-0.1197","0.23465619971570167"
"1614.0","1647.0","0.071","0.854","0.074","0.1531","0.15601081222124147"
"1648.0","1691.0","0.065","0.83","0.105","0.6808","0.2756764741272212"
"1692.0","1711.0","0.107","0.832","0.061","-0.6854","0.0873963297157515"
"1712.0","1770.0","0.088","0.868","0.044","-0.8619","0.0776069002291788"
"1771.0","1847.0","0.094","0.877","0.03","-0.8458","0.1016524250239753"
"1847.0","1851.0","0.0","1.0","0.0","0.0","0.31196226716113423"
"1852.0","1900.0","0.079","0.889","0.032","-0.7879","0.3166943290877111"
"1879.0","1944.0","0.073","0.824","0.103","0.2441","0.23447797015135965"
"1901.0","1915.0","0.092","0.771","0.137","0.4404","0.10071855294987456"
"1916.0","1938.0","0.229","0.771","0.0","-0.9541","0.20189895671047736"
"1945.0","1960.0","0.133","0.867","0.0","-0.4153","0.5436245985785766"
"1962.0","2002.0","0.073","0.872","0.054","-0.3649","0.20033916702090465"
"2003.0","2060.0","0.121","0.795","0.084","-0.9301","0.3820060481737667"
"2063.0","2065.0","0.0","1.0","0.0","0.0","0.5462652656792668"
"2069.0","2116.0","0.134","0.808","0.058","-0.9283","0.4827571862764823"
"2119.0","2167.0","0.126","0.773","0.101","-0.5411","0.3020305890582314"
"2168.0","2180.0","0.0","1.0","0.0","0.0","0.04182631656897471"
"2181.0","2200.0","0.111","0.841","0.047","-0.4898","0.34282127712333366"
"2201.0","2205.0","0.0","1.0","0.0","0.0","0.5363705247755459"
"2220.0","2235.0","0.049","0.861","0.09","0.453","0.35098062507233313"
"2236.0","2305.0","0.049","0.873","0.079","0.8741","0.25428596189862696"
"2306.0","2320.0","0.0","0.911","0.089","0.6199","0.0936311398191273"
"2321.0","2323.0","0.0","1.0","0.0","0.0","0.1183198751790768"
"2324.0","2348.0","0.208","0.699","0.093","-0.7476","0.17978180173203212"
"2349.0","2442.0","0.061","0.784","0.156","0.9545","0.04041641931829002"
"2443.0","2460.0","0.0","0.757","0.243","0.9337","0.1237536048280447"
"2461.0","2470.0","0.04","0.96","0.0","-0.516","0.11647656149147044"
"2471.0","2493.0","0.026","0.925","0.049","0.6184","0.086271922406665"
"2494.0","2520.0","0.068","0.904","0.028","-0.4871","0.03383891665837748"
"2525.0","2608.0","0.103","0.897","0.0","-0.1531","0.13320065349493346"
"2608.0","2809.0","0.081","0.827","0.092","0.5815","0.16802555826158871"
"2851.0","3024.0","0.072","0.826","0.102","0.9322","0.0398204536336347"
"3028.0","3070.0","0.074","0.862","0.064","-0.6388","0.03559150594152563"
"3071.0","3111.0","0.045","0.894","0.061","0.2297","0.04185064369381709"
"3140.0","3194.0","0.019","0.932","0.049","0.5859","0.04904896185587999"
"3195.0","3226.0","0.114","0.845","0.041","-0.8984","0.23753412687547223"
"3230.0","3239.0","0.087","0.913","0.0","-0.296","0.3666372328613499"
"3240.0","3248.0","0.099","0.804","0.097","-0.0516","0.03315392203741172"
"3249.0","3253.0","0.124","0.876","0.0","-0.34","0.7654796164256233"
"3254.0","3262.0","0.0","0.904","0.096","0.2023","1.0"
"3263.0","3269.0","0.0","1.0","0.0","0.0","0.16474489949055685"
"3270.0","3318.0","0.046","0.936","0.018","-0.643","0.11220963204449938"
"3319.0","3380.0","0.038","0.845","0.118","0.9455","0.04805176834732203"
"3381.0","3396.0","0.0","1.0","0.0","0.0","0.09079636491352343"
"3397.0","3411.0","0.031","0.851","0.119","0.6486","0.04381247746228132"
"3412.0","3484.0","0.061","0.817","0.121","0.9024","0.03505732803389344"
"3485.0","3498.0","0.0","1.0","0.0","0.0","0.32892609367819625"
"3505.0","3536.0","0.013","0.855","0.132","0.9605","0.15829763142083517"
"3537.0","3545.0","0.052","0.813","0.135","0.8588","0.34563366543137275"
"3546.0","3555.0","0.271","0.624","0.106","-0.7662","0.22941010287358343"
"3565.0","3581.0","0.05","0.898","0.052","0.0258","0.14916863932337596"
"3582.0","3590.0","0.212","0.788","0.0","-0.6249","0.14290775869633923"
"3591.0","3613.0","0.072","0.817","0.111","0.3853","0.10627765750850665"
"3614.0","3654.0","0.081","0.839","0.081","0.0","0.28543227104408775"
"3655.0","3684.0","0.095","0.824","0.081","0.4815","0.1855648396932413"
"3685.0","3690.0","0.094","0.906","0.0","-0.4019","0.1660084920385425"
"3693.0","3715.0","0.326","0.674","0.0","-0.6486","0.22780565576999456"
"3717.0","3793.0","0.108","0.876","0.016","-0.9551","0.4576045304960776"
"3795.0","3843.0","0.103","0.847","0.05","-0.9029","0.4606975128009113"
"3855.0","3898.0","0.078","0.884","0.038","-0.5943","0.3317891110095406"
"3899.0","4080.0","0.06","0.894","0.045","-0.5618","0.35752746035991895"
"4081.0","4101.0","0.143","0.63","0.227","0.25","0.08550190109674759"
"4102.0","4110.0","0.117","0.826","0.058","-0.5204","0.08935471006401274"
"4111.0","4120.0","0.0","0.874","0.126","0.5574","0.18366157461301852"
"4121.0","4131.0","0.189","0.755","0.057","-0.5994","0.09772197616005794"
"4132.0","4147.0","0.259","0.741","0.0","-0.7506","0.24454145459380694"
"4147.0","4180.0","0.101","0.899","0.0","-0.7319","0.1759420496373429"
"4183.0","4185.0","0.0","1.0","0.0","0.0","0.058704971002318286"
"4187.0","4234.0","0.095","0.846","0.059","-0.5719","0.07376236347216003"
"4237.0","4297.0","0.011","0.85","0.139","0.9767","0.18738523895916548"
"4298.0","4381.0","0.135","0.771","0.094","-0.8773","0.05077811146622364"
"4382.0","4435.0","0.062","0.85","0.088","0.8147","0.0808017990640094"
"4437.0","4475.0","0.077","0.891","0.032","-0.4939","0.020539151413952714"
"4479.0","4570.0","0.032","0.848","0.121","0.9714","0.05154387509565419"
"4572.0","4643.0","0.111","0.802","0.087","-0.4939","0.07294494021241398"
"4645.0","4660.0","0.0","0.816","0.184","0.7269","0.16166460046954406"
"4661.0","4680.0","0.073","0.927","0.0","-0.296","0.18374691493929954"
"4680.0","4700.0","0.038","0.849","0.113","0.5267","0.02115362204398367"
"4705.0","4719.0","0.0","0.535","0.465","0.832","0.02472715167167234"
"4720.0","4765.0","0.103","0.723","0.175","0.9091","0.03274239675953486"
"4766.0","4800.0","0.081","0.738","0.181","0.6808","0.05296697034982584"
"4810.0","4867.0","0.0","1.0","0.0","0.0","0.056687807632389724"
"4870.0","4889.0","0.198","0.802","0.0","-0.8555","0.02196433063127831"
"4909.0","4954.0","0.042","0.906","0.052","0.1759","0.10523122394367943"
"4955.0","5005.0","0.031","0.899","0.07","0.7398","0.04081568456307148"
"5006.0","5028.0","0.207","0.725","0.068","-0.7574","0.0773983329318085"
"5029.0","5033.0","0.167","0.833","0.0","-0.296","0.029511684168994964"
"5035.0","5102.0","0.056","0.877","0.067","0.5425","0.02891793029052229"
"5103.0","5135.0","0.228","0.746","0.026","-0.93","0.21969966839658514"
"5136.0","5220.0","0.083","0.843","0.074","-0.3485","0.02777649241282247"
"5222.0","5269.0","0.105","0.895","0.0","-0.8483","0.02945273702504202"
"5280.0","5307.0","0.131","0.82","0.049","-0.8213","0.061284103816024796"
"5309.0","5384.0","0.092","0.84","0.068","-0.4215","0.23662868010904656"
"5385.0","5431.0","0.077","0.787","0.136","0.8252","0.05945529018886771"
"5434.0","5450.0","0.205","0.635","0.16","-0.2617","0.24643796246863464"
"5455.0","5490.0","0.022","0.856","0.122","0.872","0.08880602180621791"
"5491.0","5520.0","0.074","0.787","0.14","0.8834","0.0834103576677053"
"5521.0","5552.0","0.087","0.888","0.025","-0.7248","0.05254290215729108"
"5553.0","5644.0","0.057","0.854","0.089","0.687","0.015310075999189625"
"5645.0","5650.0","0.0","0.855","0.145","0.5994","0.44415686653238345"
"5653.0","5685.0","0.112","0.82","0.068","-0.8585","0.1837627092805279"
"5686.0","5690.0","0.0","0.782","0.218","0.5994","0.30119715892975163"
"5691.0","5695.0","0.081","0.919","0.0","-0.3182","0.2193315701078724"
"5696.0","5701.0","0.0","1.0","0.0","0.0","0.40526001589212624"
"5702.0","5715.0","0.05","0.908","0.042","-0.128","0.24466713891518907"
"5717.0","5740.0","0.213","0.787","0.0","-0.9337","0.1843006440110315"
"5742.0","5775.0","0.096","0.904","0.0","-0.7184","0.10398299470191247"
"5805.0","5840.0","0.317","0.653","0.03","-0.9655","0.12425947499594328"
"5865.0","5883.0","0.19","0.728","0.082","-0.8531","0.1192967012119263"
"5885.0","5900.0","0.0","1.0","0.0","0.0","0.1982705865144691"
"5905.0","5920.0","0.125","0.844","0.031","-0.6523","0.13522951809591702"
"5923.0","5965.0","0.104","0.831","0.065","-0.5673","0.23263962778010888"
"5966.0","6120.0","0.056","0.937","0.007","-0.8608","0.26105150654313247"
"6121.0","6142.0","0.0","1.0","0.0","0.0","0.06728754662665472"
"6143.0","6148.0","0.0","0.772","0.228","0.7351","0.05399828697889968"
"6149.0","6154.0","0.0","0.679","0.321","0.5837","0.07017771749220347"
"6155.0","6157.0","0.0","0.82","0.18","0.296","0.05015738885034721"
"6157.0","6165.0","0.182","0.76","0.058","-0.6597","0.0805807255732057"
"6166.0","6224.0","0.121","0.781","0.098","-0.6876","0.3041917400270867"
"6225.0","6245.0","0.172","0.694","0.134","-0.5053","0.3169973290830435"
"6250.0","6258.0","0.076","0.924","0.0","-0.5067","0.16812744444841168"
"6259.0","6273.0","0.232","0.731","0.037","-0.9245","0.19741863222969755"
"6274.0","6276.0","0.119","0.58","0.301","0.5574","0.10144839686224133"
"6277.0","6281.0","0.431","0.569","0.0","-0.8442","0.3285486422707915"
"6282.0","6313.0","0.053","0.825","0.122","0.6747","0.07823402544647552"
"6314.0","6355.0","0.121","0.836","0.044","-0.8516","0.0693743908181152"
"6371.0","6413.0","0.065","0.909","0.027","-0.8726","0.22012756022758231"
"6420.0","6564.0","0.086","0.839","0.076","-0.4843","0.4760994559711886"
"6565.0","6620.0","0.132","0.782","0.086","-0.6859","0.06814850257743368"
"6624.0","6810.0","0.086","0.81","0.104","0.8985","0.11692538319413945"
"6820.0","6830.0","0.138","0.862","0.0","-0.34","0.1652552148505993"
"6833.0","6895.0","0.12","0.746","0.134","-0.4021","0.26457481083144946"
"6895.0","6898.0","0.125","0.875","0.0","-0.25","0.3018874377007342"
"6906.0","6925.0","0.0","0.741","0.259","0.6808","0.5872220156199709"
"6957.0","7050.0","0.097","0.828","0.074","-0.77","0.2766643651946335"
"7054.0","7119.0","0.144","0.752","0.104","-0.8641","0.18639676042056022"
"7120.0","7177.0","0.086","0.8","0.114","0.2168","0.10787733303278237"
"7178.0","7260.0","0.103","0.876","0.021","-0.9734","0.4651524504240289"
"7265.0","7275.0","0.148","0.817","0.035","-0.7767","0.4046339702751867"
"7293.0","7445.0","0.107","0.716","0.176","0.9287","0.0528967539550956"
"25.0","85.0","0.084","0.916","0.0","-0.5106","0.18641124942269613"
"100.0","243.0","0.026","0.915","0.059","0.7269","0.4113380483679819"
"244.0","389.0","0.031","0.876","0.093","0.9941","0.038943511244032315"
"391.0","400.0","0.0","0.948","0.052","0.6705","0.4269637779678758"
"402.0","440.0","0.101","0.805","0.093","-0.6036","0.2572974116994373"
"444.0","450.0","0.069","0.931","0.0","-0.3818","0.5463901758899876"
"451.0","470.0","0.073","0.851","0.076","0.1635","0.1702942116084989"
"471.0","480.0","0.0","1.0","0.0","0.0","0.22025203670815635"
"540.0","588.0","0.067","0.875","0.058","-0.4841","0.29760567445365793"
"590.0","595.0","0.051","0.949","0.0","-0.0772","0.4211912466930509"
"596.0","608.0","0.082","0.918","0.0","-0.6973","0.28007442960464085"
"632.0","670.0","0.045","0.715","0.24","0.9694","0.4121015510357499"
"671.0","720.0","0.0","0.901","0.099","0.7003","0.04771650438743302"
"721.0","743.0","0.078","0.908","0.014","-0.7096","0.08895509593311703"
"745.0","859.0","0.025","0.893","0.082","0.966","0.06317242697602625"
"860.0","892.0","0.025","0.975","0.0","-0.2263","0.035765696310327284"
"893.0","1050.0","0.111","0.842","0.047","-0.9871","0.06112585086733564"
"1051.0","1100.0","0.081","0.88","0.038","-0.5204","0.02726639407812647"
"1101.0","1112.0","0.086","0.914","0.0","-0.7096","0.1304551975001914"
"1113.0","1130.0","0.0","0.943","0.057","0.128","0.20437665992558524"
"1185.0","1214.0","0.125","0.827","0.048","-0.9533","0.07456246300961339"
"1225.0","1325.0","0.123","0.851","0.026","-0.9916","0.09956942749068133"
"1326.0","1360.0","0.054","0.862","0.084","0.5052","0.1440145975560072"
"1361.0","1380.0","0.158","0.775","0.067","-0.6523","0.044657433369152254"
"1400.0","1410.0","0.068","0.864","0.068","-0.0085","0.09791507210856741"
"1415.0","1433.0","0.046","0.893","0.06","0.1531","0.37424512226198126"
"1435.0","1460.0","0.018","0.931","0.052","0.5719","0.41887673728581787"
"1461.0","1470.0","0.017","0.983","0.0","-0.1531","0.6556817557859039"
"1471.0","1475.0","0.0","1.0","0.0","0.0","0.9292024117717896"
"1476.0","1485.0","0.098","0.902","0.0","-0.8074","0.7849862603610301"
"1525.0","1545.0","0.206","0.794","0.0","-0.9747","0.8560002774103768"
"1583.0","1605.0","0.158","0.821","0.02","-0.9902","0.7546601281337538"
"1606.0","1645.0","0.1","0.876","0.024","-0.9436","0.670620562774014"
"1646.0","1671.0","0.097","0.89","0.013","-0.9771","0.416406060139774"
"1685.0","1714.0","0.071","0.874","0.054","-0.6408","0.05159246842754884"
"1720.0","1740.0","0.117","0.847","0.036","-0.9612","0.3424405799709229"
"1742.0","1835.0","0.13","0.827","0.043","-0.9935","0.0947328647225151"
"1840.0","1864.0","0.053","0.9","0.047","-0.5151","0.05418102339609546"
"1871.0","1895.0","0.094","0.893","0.013","-0.9371","0.06514629663710893"
"1896.0","1904.0","0.0","1.0","0.0","0.0","0.24972027475980454"
"1905.0","1955.0","0.064","0.889","0.047","-0.3595","0.09339029190459075"
"2025.0","2093.0","0.124","0.829","0.047","-0.6808","0.20090580096513092"
"2094.0","2128.0","0.085","0.915","0.0","-0.8091","0.2275467812634788"
"2190.0","2228.0","0.146","0.772","0.082","-0.7551","0.02616960082275868"
"2229.0","2268.0","0.13","0.829","0.041","-0.9687","0.06280707435002697"
"2270.0","2295.0","0.085","0.892","0.023","-0.908","0.05767966110358098"
"2296.0","2302.0","0.091","0.909","0.0","-0.296","0.25660244488213013"
"2305.0","2350.0","0.073","0.898","0.029","-0.7178","0.022466028090015522"
"2355.0","2400.0","0.114","0.886","0.0","-0.7236","0.02423577732694419"
"2411.0","2435.0","0.073","0.911","0.016","-0.7351","0.1519250277515325"
"2436.0","2445.0","0.135","0.838","0.027","-0.7003","0.18104453290648134"
"2446.0","2460.0","0.033","0.904","0.063","0.3612","0.04742954459812414"
"2461.0","2464.0","0.182","0.804","0.014","-0.9567","0.26242781970079315"
"2465.0","2470.0","0.154","0.846","0.0","-0.4767","0.2962400654443524"
"2471.0","2475.0","0.066","0.862","0.072","0.09","0.16854820975844376"
"2476.0","2478.0","0.0","1.0","0.0","0.0","0.3884303324007276"
"2479.0","2490.0","0.132","0.789","0.079","-0.2732","0.1724798758432762"
"2491.0","2520.0","0.113","0.82","0.068","-0.3941","0.29994152965426146"
"2521.0","2525.0","0.167","0.74","0.093","-0.4881","0.5232194559946193"
"2526.0","2536.0","0.147","0.853","0.0","-0.6369","0.28097358831176444"
"2537.0","2580.0","0.172","0.818","0.01","-0.9545","0.060619055519327954"
"2587.0","2605.0","0.075","0.891","0.034","-0.3818","0.0811503812188182"
"2615.0","2634.0","0.254","0.746","0.0","-0.9179","0.03377512260601685"
"2635.0","2793.0","0.113","0.853","0.033","-0.9762","0.12036968651796308"
"2793.0","2830.0","0.077","0.811","0.112","0.5672","0.13863304516125535"
"2831.0","2858.0","0.172","0.713","0.115","-0.799","0.4598713161267712"
"2859.0","2862.0","0.201","0.625","0.174","-0.1027","0.5108421664875364"
"2863.0","2910.0","0.246","0.731","0.023","-0.9722","1.0"
"2911.0","3038.0","0.129","0.832","0.039","-0.9922","0.0528241042017126"
"3039.0","3055.0","0.04","0.896","0.064","0.079","0.034994297084576596"
"3056.0","3200.0","0.068","0.82","0.113","0.9404","0.02354622798718534"
"3255.0","3412.0","0.062","0.903","0.035","-0.9405","0.03617814919094493"
"3413.0","3455.0","0.03","0.911","0.059","0.4767","0.026066190853273604"
"3456.0","3558.0","0.129","0.812","0.059","-0.9904","0.14368571561678056"
"3559.0","3697.0","0.059","0.913","0.028","-0.9714","0.046117775581628835"
"3698.0","3760.0","0.074","0.894","0.032","-0.931","0.22820967760615551"
"3790.0","4005.0","0.125","0.84","0.036","-0.9945","0.09933142633215934"
"4006.0","4089.0","0.117","0.828","0.056","-0.981","0.26289284216321773"
"4090.0","4126.0","0.318","0.682","0.0","-0.7901","0.1299955576420981"
"4128.0","4305.0","0.071","0.855","0.074","-0.38","0.05207557619694702"
"4318.0","4335.0","0.095","0.905","0.0","-0.4215","0.11516952521739413"
"4339.0","4358.0","0.198","0.679","0.123","-0.4404","0.02062115720627303"
"4359.0","4365.0","0.039","0.961","0.0","-0.1531","0.029642079530859535"
"4381.0","4420.0","0.134","0.866","0.0","-0.6369","0.05070345643173999"
"4421.0","4450.0","0.272","0.684","0.044","-0.9759","0.5941166136852818"
"4451.0","4464.0","0.081","0.919","0.0","-0.296","0.03592038368654941"
"4465.0","4535.0","0.056","0.873","0.071","0.4282","0.28564341483523603"
"4536.0","4600.0","0.136","0.845","0.019","-0.9914","0.30674346607028397"
"4600.0","4615.0","0.25","0.697","0.053","-0.8531","0.4085580626376808"
"4616.0","4640.0","0.085","0.865","0.051","-0.4019","0.3056867426616827"
"4641.0","4660.0","0.045","0.955","0.0","-0.3612","0.6890366538931186"
"4661.0","4676.0","0.046","0.926","0.028","-0.296","0.8096095138923026"
"4677.0","4755.0","0.204","0.724","0.072","-0.9894","0.2736506825452423"
"4756.0","4765.0","0.074","0.926","0.0","-0.1531","0.47205839472073924"
"4788.0","4855.0","0.139","0.784","0.077","-0.8449","0.220103132963846"
"4905.0","4965.0","0.068","0.91","0.022","-0.9175","0.26049473953720526"
"4966.0","4975.0","0.048","0.799","0.154","0.8038","0.21832560655499003"
"4990.0","5055.0","0.052","0.882","0.066","0.4404","0.1469598271586079"
"5073.0","5108.0","0.07","0.799","0.131","0.3612","0.1518588773518422"
"5109.0","5145.0","0.083","0.823","0.093","0.1697","0.19664604389523976"
"5146.0","5166.0","0.077","0.838","0.085","0.2342","0.21096245840096975"
"5190.0","5227.0","0.057","0.924","0.018","-0.5719","0.2437143108344547"
"5224.0","5240.0","0.143","0.857","0.0","-0.9068","0.15945960093163367"
"5247.0","5255.0","0.225","0.775","0.0","-0.7717","0.27618871122122446"
"5315.0","5367.0","0.106","0.871","0.023","-0.91","0.8006747233700018"
"5425.0","5450.0","0.128","0.835","0.037","-0.7672","0.06972207143916924"
"5494.0","5508.0","0.356","0.644","0.0","-0.9758","0.578478273365577"
"5614.0","5634.0","0.0","1.0","0.0","0.0","0.05480224480284522"
"5970.0","6045.0","0.126","0.823","0.051","-0.9606","0.21577704993318741"
"6058.0","6084.0","0.141","0.751","0.108","-0.727","0.7401677998591494"
"6085.0","6140.0","0.124","0.828","0.048","-0.8989","0.10045586312625533"
"6141.0","6155.0","0.031","0.896","0.073","0.4588","0.12737528078224772"
"6156.0","6172.0","0.0","1.0","0.0","0.0","0.3918563132198599"
"15.0","40.0","0.062","0.718","0.22","0.9289","0.2128213124681007"
"41.0","60.0","0.06","0.797","0.142","0.6062","0.05950276963163374"
"61.0","72.0","0.153","0.764","0.084","-0.2263","0.010297119472113385"
"73.0","565.0","0.127","0.766","0.107","-0.9888","0.17072853463886742"
"566.0","623.0","0.076","0.875","0.049","-0.7183","0.28878708516523743"
"624.0","660.0","0.084","0.837","0.079","0.0688","0.5343752106411094"
"661.0","665.0","0.08","0.92","0.0","-0.2716","0.26522107541304235"
"666.0","670.0","0.174","0.826","0.0","-0.5647","0.2425919974012569"
"671.0","680.0","0.104","0.845","0.051","-0.3612","0.21513694858187535"
"681.0","690.0","0.289","0.673","0.039","-0.9054","0.2780766671070147"
"710.0","750.0","0.085","0.888","0.027","-0.88","0.17927035323270843"
"751.0","763.0","0.101","0.899","0.0","-0.7955","0.8250443108616764"
"766.0","787.0","0.026","0.879","0.095","0.7783","0.03635645251556183"
"788.0","790.0","0.0","0.842","0.158","0.6369","0.08934448328033517"
"791.0","1020.0","0.06","0.824","0.116","0.9877","0.04004740067890996"
"1021.0","1040.0","0.055","0.817","0.128","0.6448","0.08096114018692689"
"1041.0","1110.0","0.224","0.724","0.052","-0.9961","0.12968097898774994"
"1111.0","1128.0","0.141","0.796","0.063","-0.7964","0.023673714750050052"
"1129.0","1160.0","0.043","0.835","0.122","0.9367","0.04587053067139522"
"1164.0","1290.0","0.138","0.764","0.098","-0.969","0.12396115257190118"
"1292.0","1320.0","0.101","0.842","0.057","-0.2023","0.1422086863585079"
"1321.0","1357.0","0.023","0.824","0.153","0.8924","0.09320304584351477"
"1358.0","1440.0","0.067","0.87","0.063","-0.4215","0.09842963848241595"
"1475.0","1734.0","0.112","0.827","0.061","-0.9907","0.17174624174844197"
"1735.0","1740.0","0.044","0.956","0.0","-0.4019","0.6591179059415218"
"1741.0","1814.0","0.153","0.804","0.043","-0.9857","0.39693961342373185"
"1815.0","1817.0","0.0","1.0","0.0","0.0","0.6085239847870517"
"1818.0","1827.0","0.062","0.887","0.051","-0.1613","0.5297517018153183"
"1828.0","1895.0","0.072","0.893","0.035","-0.8382","0.15734807900708034"
"1897.0","1940.0","0.091","0.864","0.045","-0.855","0.13583383249815564"
"1945.0","1975.0","0.04","0.854","0.106","0.449","0.03233239266910499"
"1976.0","2040.0","0.075","0.837","0.089","-0.6136","0.060979133100975434"
"2082.0","2140.0","0.045","0.891","0.064","0.597","0.07903112364411048"
"2144.0","2196.0","0.049","0.875","0.076","0.7893","0.17502224792598098"
"2197.0","2248.0","0.036","0.78","0.184","0.9898","0.06527035492802079"
"2249.0","2285.0","0.135","0.76","0.105","-0.7582","0.15366691752402542"
"2310.0","2349.0","0.125","0.841","0.034","-0.9618","0.07170095602939544"
"2350.0","2360.0","0.086","0.914","0.0","-0.4588","0.23231728778571195"
"2361.0","2385.0","0.118","0.856","0.026","-0.8597","0.17295810966371122"
"2386.0","2520.0","0.187","0.76","0.053","-0.9977","0.11651221661089729"
"2525.0","2570.0","0.149","0.777","0.074","-0.9446","0.1642023825380232"
"2575.0","2668.0","0.194","0.774","0.032","-0.9958","0.0793409805839305"
"2669.0","2710.0","0.202","0.729","0.069","-0.9791","0.13561276890675764"
"2712.0","2875.0","0.171","0.779","0.05","-0.9968","0.11877378272262774"
"2877.0","2885.0","0.099","0.836","0.065","-0.2903","0.27677072185243"
"2900.0","3008.0","0.096","0.77","0.134","0.9706","0.12003974789026903"
"3009.0","3062.0","0.063","0.712","0.225","0.9899","0.1684699736475121"
"3063.0","3085.0","0.085","0.886","0.029","-0.7783","0.10020540839862095"
"3104.0","3120.0","0.088","0.912","0.0","-0.5994","0.07536360999126762"
"3130.0","3184.0","0.094","0.83","0.076","-0.3609","0.23316272386843154"
"3185.0","3264.0","0.065","0.894","0.041","-0.8282","0.08884786045550082"
"3275.0","3439.0","0.167","0.774","0.059","-0.9941","0.10814299279396106"
"3495.0","3507.0","0.099","0.738","0.163","0.8035","0.13895130521869212"
"3509.0","3523.0","0.032","0.93","0.038","0.2656","0.1065845324790658"
"3524.0","3545.0","0.117","0.858","0.025","-0.8668","0.10760730936155995"
"3546.0","3623.0","0.111","0.857","0.032","-0.939","0.10443461022546738"
"3624.0","3674.0","0.112","0.779","0.109","-0.0772","0.13857684341168294"
"3675.0","3689.0","0.072","0.804","0.124","0.4995","0.299279590742718"
"3690.0","3700.0","0.0","1.0","0.0","0.0","0.06995309814675614"
"3701.0","3759.0","0.052","0.848","0.1","0.9243","0.0868982389225413"
"3760.0","3780.0","0.039","0.917","0.044","0.368","0.262067798308361"
"3781.0","3845.0","0.071","0.841","0.087","0.4019","0.1798521435578204"
"3848.0","3852.0","0.125","0.875","0.0","-0.4019","0.11503541180733065"
"3853.0","4005.0","0.123","0.811","0.066","-0.9909","0.20050845393333167"
"4006.0","4029.0","0.142","0.808","0.049","-0.9482","0.41389823316881275"
"4030.0","4090.0","0.086","0.82","0.094","0.264","0.10318770107865563"
"4091.0","4118.0","0.0","0.867","0.133","0.9246","0.0860801545241507"
"4121.0","4305.0","0.177","0.696","0.127","-0.9087","0.048120693307363786"
"4306.0","4403.0","0.131","0.82","0.049","-0.9794","0.18593557879062883"
"4404.0","4445.0","0.024","0.815","0.162","0.9423","0.1117679668574566"
"4446.0","4470.0","0.054","0.812","0.135","0.5423","0.08367604495787559"
"4484.0","4521.0","0.031","0.969","0.0","-0.3818","0.10189246545450012"
"4522.0","4555.0","0.156","0.826","0.018","-0.9652","0.08872852617732709"
"4556.0","4585.0","0.087","0.774","0.138","0.3182","0.4243855310372363"
"4586.0","4685.0","0.079","0.845","0.076","-0.8407","0.09069373453515817"
"4686.0","4800.0","0.106","0.83","0.064","-0.9049","0.09429520071773073"
"4801.0","4825.0","0.035","0.965","0.0","-0.2263","0.6208178425422229"
"4830.0","4845.0","0.106","0.86","0.034","-0.5953","0.4502145827150013"
"4846.0","4880.0","0.172","0.73","0.098","-0.7728","0.36394968838236863"
"4890.0","4925.0","0.193","0.776","0.031","-0.8871","0.15939621322823647"
"4951.0","4970.0","0.122","0.834","0.044","-0.9239","0.2577557957637904"
"5010.0","5036.0","0.1","0.9","0.0","-0.8603","0.1300689997520897"
"5055.0","5070.0","0.355","0.645","0.0","-0.9124","0.12762396451876137"
"5100.0","5156.0","0.083","0.868","0.049","-0.6597","0.5671577113239392"
"5165.0","5245.0","0.098","0.848","0.054","-0.942","0.19264528894068053"
"5246.0","5258.0","0.029","0.79","0.182","0.9102","1.0"
"5259.0","5303.0","0.186","0.785","0.029","-0.9929","0.3222717543808891"
"5304.0","5319.0","0.213","0.699","0.088","-0.9552","0.2845517948374436"
"5320.0","5389.0","0.149","0.788","0.064","-0.9817","0.24129130263295645"
"5390.0","5730.0","0.111","0.825","0.064","-0.9917","0.21589126148358687"
"5731.0","5805.0","0.164","0.788","0.047","-0.9615","0.13044474403837378"
"5806.0","5873.0","0.259","0.699","0.043","-0.9971","0.16100176446846434"
"5874.0","5985.0","0.158","0.796","0.046","-0.9779","0.30756479949971866"
"5986.0","6010.0","0.164","0.776","0.061","-0.9716","0.5716962195421286"
"6026.0","6090.0","0.136","0.739","0.125","-0.8465","0.09425383935185422"
"155.0","198.0","0.15","0.814","0.037","-0.964","0.28078004207262147"
"199.0","206.0","0.112","0.804","0.084","0.0516","0.28977756241497094"
"207.0","270.0","0.208","0.712","0.079","-0.9371","0.49531238049106036"
"274.0","292.0","0.135","0.787","0.078","-0.34","0.12200775786156784"
"293.0","294.0","0.0","0.802","0.198","0.4939","0.1388718965067357"
"297.0","332.0","0.103","0.856","0.041","-0.8731","0.08226218987027559"
"341.0","372.0","0.172","0.788","0.041","-0.9619","0.16255837257673597"
"373.0","394.0","0.123","0.854","0.023","-0.8669","0.13831769515511275"
"395.0","422.0","0.162","0.805","0.033","-0.9579","0.1496842143619121"
"427.0","432.0","0.303","0.697","0.0","-0.91","0.15421157159078355"
"433.0","441.0","0.062","0.676","0.262","0.8537","0.06875556189752971"
"449.0","528.0","0.182","0.764","0.054","-0.9934","0.1172023320142733"
"529.0","534.0","0.0","1.0","0.0","0.0","0.3745492576564451"
"535.0","628.0","0.071","0.895","0.034","-0.8784","0.03382785462204999"
"629.0","680.0","0.193","0.682","0.125","-0.8185","0.058895621412374435"
"681.0","775.0","0.092","0.883","0.025","-0.8815","0.03919255511285406"
"776.0","836.0","0.036","0.868","0.096","0.552","0.09446032162463856"
"840.0","885.0","0.056","0.944","0.0","-0.5719","0.07592065694887812"
"887.0","900.0","0.072","0.885","0.043","-0.4168","0.10543509003433275"
"901.0","909.0","0.0","0.813","0.187","0.5994","0.21539275377754172"
"910.0","940.0","0.0","1.0","0.0","0.0","0.09955009606636404"
"941.0","950.0","0.0","0.631","0.369","0.6249","0.19104449162346296"
"941.0","991.0","0.119","0.83","0.051","-0.854","0.13959764198435476"
"993.0","1177.0","0.055","0.867","0.077","0.8775","0.08021030683722312"
"1180.0","1412.0","0.071","0.769","0.161","0.9988","0.0705060536497928"
"1413.0","1532.0","0.054","0.863","0.083","0.8908","0.04713348157334164"
"1533.0","1568.0","0.231","0.769","0.0","-0.7579","0.21754615500349384"
"1570.0","1594.0","0.084","0.849","0.067","-0.2035","0.06159732455170153"
"1595.0","1630.0","0.101","0.849","0.051","-0.8226","0.07678236500867792"
"1634.0","1647.0","0.114","0.822","0.064","-0.4909","0.05548170767073266"
"1648.0","1664.0","0.085","0.842","0.073","-0.2328","0.07906899356969228"
"1665.0","1673.0","0.082","0.774","0.143","0.801","0.1447468982518371"
"1674.0","1681.0","0.128","0.872","0.0","-0.9306","0.21180718795446482"
"1682.0","1692.0","0.022","0.892","0.086","0.5267","0.39617470789299414"
"1693.0","1724.0","0.097","0.864","0.039","-0.8929","0.09227439101008926"
"1750.0","1924.0","0.067","0.882","0.052","-0.7588","0.09071913299129164"
"1925.0","1953.0","0.117","0.845","0.037","-0.9292","0.10975067306441458"
"1954.0","2212.0","0.114","0.751","0.135","0.9643","0.06674997548857223"
"2213.0","2220.0","0.528","0.472","0.0","-0.9041","0.4984396135407793"
"2221.0","2344.0","0.179","0.754","0.067","-0.9932","0.19446977153506986"
"2346.0","2404.0","0.083","0.881","0.036","-0.8881","0.09556089494189386"
"2405.0","2410.0","0.0","1.0","0.0","0.0","0.4520949717012534"
"2411.0","2453.0","0.102","0.777","0.121","0.5682","0.25218106668360724"
"2455.0","2459.0","0.339","0.522","0.139","-0.5106","0.7328442343644618"
"2460.0","2501.0","0.171","0.771","0.058","-0.9136","0.3026533026848337"
"2502.0","2546.0","0.091","0.857","0.053","-0.7717","0.06924952777749835"
"2547.0","2567.0","0.115","0.824","0.061","-0.6705","0.12617152605711288"
"2600.0","2639.0","0.056","0.933","0.011","-0.659","0.130052337996397"
"2648.0","2689.0","0.081","0.822","0.097","0.3612","0.1003592470116123"
"2690.0","2853.0","0.16","0.739","0.101","-0.9927","0.11961149639735015"
"2855.0","2860.0","0.053","0.947","0.0","-0.2755","0.13267636593900198"
"2861.0","2992.0","0.059","0.856","0.085","0.8973","0.06417772063977403"
"2993.0","2997.0","0.0","0.888","0.112","0.2263","0.048845707193177455"
"2998.0","3072.0","0.145","0.795","0.06","-0.9784","0.08130235185753243"
"3073.0","3077.0","0.505","0.495","0.0","-0.6249","0.1628881153000185"
"3078.0","3101.0","0.027","0.925","0.048","0.4137","0.12134653735443927"
"3103.0","3135.0","0.052","0.915","0.033","-0.3903","0.10573490458591285"
"3139.0","3160.0","0.035","0.871","0.093","0.843","0.09244386616051113"
"3161.0","3251.0","0.096","0.85","0.054","-0.7786","0.11828253832353815"
"3252.0","3271.0","0.072","0.868","0.06","0.0772","0.08835985909051629"
"3273.0","3295.0","0.042","0.887","0.071","0.5996","0.0823814050511353"
"3297.0","3299.0","0.0","1.0","0.0","0.0","0.021949986071433305"
"3300.0","3302.0","0.0","1.0","0.0","0.0","0.04195338674086744"
"3303.0","3316.0","0.099","0.901","0.0","-0.4926","0.13635881435851882"
"3305.0","3371.0","0.0","0.887","0.113","0.3182","0.4049255155415073"
"3317.0","3328.0","0.085","0.856","0.059","-0.3365","0.6706924012015607"
"3329.0","3336.0","0.228","0.772","0.0","-0.7088","0.31323916697354576"
"3337.0","3343.0","0.133","0.803","0.064","-0.3612","0.7754691330596544"
"3372.0","3383.0","0.058","0.911","0.031","-0.3578","0.21334183495031583"
"3385.0","3389.0","0.324","0.676","0.0","-0.34","0.7238916729709339"
"3390.0","3419.0","0.088","0.867","0.045","-0.7753","0.3461211911283075"
"3420.0","3425.0","0.524","0.476","0.0","-0.6705","0.4165791408613558"
"3426.0","3533.0","0.12","0.769","0.111","0.5315","0.10831403505192133"
"3534.0","3552.0","0.0","0.934","0.066","0.4019","0.5757782258523226"
"3553.0","3763.0","0.093","0.833","0.074","-0.7773","0.14925024757133598"
"3764.0","3790.0","0.166","0.74","0.094","-0.7026","0.06396666954584525"
"3794.0","3836.0","0.12","0.833","0.047","-0.9595","0.3468913929473035"
"3839.0","3846.0","0.109","0.794","0.097","-0.1426","0.34699607871057314"
"3851.0","3860.0","0.057","0.816","0.127","0.5719","0.1850001361696191"
"3863.0","3920.0","0.102","0.836","0.062","-0.839","0.3152736350695395"
"3922.0","3930.0","0.128","0.752","0.12","0.1531","0.4872106171851196"
"3931.0","3944.0","0.1","0.736","0.164","0.2263","0.299205668872269"
"3945.0","3954.0","0.104","0.84","0.057","-0.4389","0.26027179886022844"
"3955.0","3960.0","0.166","0.707","0.127","-0.3365","0.2135695382670353"
"3961.0","3975.0","0.053","0.903","0.044","-0.128","0.12495858619009612"
"3976.0","4018.0","0.077","0.868","0.055","-0.5848","0.09951023437006677"
"4019.0","4059.0","0.166","0.781","0.053","-0.9311","0.07370762422057768"
"4060.0","4102.0","0.0","0.959","0.041","0.4939","0.120211269514002"
"4103.0","4352.0","0.086","0.791","0.123","0.9908","0.10761266869264531"
"4209.0","4936.0","0.065","0.91","0.025","-0.9481","0.25523334315041196"
"4353.0","4412.0","0.023","0.944","0.033","-0.0387","0.12980772326334644"
"4413.0","4434.0","0.102","0.898","0.0","-0.7579","0.13629322030972493"
"4435.0","4445.0","0.0","0.923","0.077","0.5707","0.08194078435338191"
"4446.0","4556.0","0.138","0.815","0.047","-0.9898","0.35816443562739464"
"4557.0","4582.0","0.024","0.871","0.105","0.9051","0.1715445447785102"
"4583.0","4629.0","0.107","0.769","0.124","-0.2705","0.10015799226860303"
"4634.0","4673.0","0.082","0.86","0.059","-0.573","0.47653540753325974"
"4675.0","4686.0","0.082","0.918","0.0","-0.658","0.16402404055326741"
"4687.0","4748.0","0.083","0.788","0.129","0.9213","0.496114348022642"
"4937.0","4986.0","0.05","0.888","0.062","0.5435","0.11607814735838617"
"4987.0","5009.0","0.023","0.925","0.053","0.0","0.3894406234744139"
"5010.0","5018.0","0.0","0.952","0.048","0.2037","0.08872696526077371"
"5019.0","5029.0","0.15","0.747","0.102","-0.7163","0.4595389115747231"
"5030.0","5041.0","0.072","0.724","0.203","0.6526","0.10624158872684038"
"5042.0","5047.0","0.112","0.888","0.0","-0.5267","0.20881637937817052"
"5048.0","5053.0","0.0","1.0","0.0","0.0","0.2179308906639563"
"5054.0","5059.0","0.0","1.0","0.0","0.0","0.3667127674550305"
"5060.0","5065.0","0.101","0.899","0.0","-0.466","0.2504262299405659"
"5066.0","5071.0","0.217","0.783","0.0","-0.3612","0.3277338723876486"
"5072.0","5089.0","0.269","0.731","0.0","-0.9616","0.3365244053425953"
"5090.0","5096.0","0.133","0.644","0.223","0.7906","0.1354397903522582"
"5101.0","5143.0","0.0","0.914","0.086","0.6249","0.15535571931700118"
"5221.0","5254.0","0.085","0.879","0.036","-0.8819","0.1494471669824819"
"5255.0","5263.0","0.202","0.75","0.049","-0.9382","0.32983613736315437"
"5264.0","5270.0","0.107","0.791","0.102","-0.0772","0.608242270635231"
"5271.0","5276.0","0.0","0.966","0.034","0.0258","0.5649211991727795"
"5277.0","5358.0","0.059","0.894","0.047","-0.8447","0.3795152867950711"
"5364.0","5372.0","0.032","0.925","0.043","0.1531","0.0627338896873289"
"5373.0","5381.0","0.0","1.0","0.0","0.0","0.07876050820988034"
"5382.0","5395.0","0.044","0.927","0.029","-0.2905","0.33267543848421377"
"5396.0","5489.0","0.129","0.77","0.101","-0.8445","0.3194609609476881"
"5490.0","5504.0","0.032","0.767","0.201","0.9219","0.0791160278562741"
"5505.0","5521.0","0.068","0.852","0.08","0.2244","0.210074762042667"
"5522.0","5527.0","0.084","0.916","0.0","-0.636","0.07200852812789439"
"5528.0","5577.0","0.138","0.835","0.027","-0.991","0.35665561032944687"
"5578.0","5587.0","0.042","0.828","0.13","0.68","0.2783497738642065"
"5605.0","5617.0","0.147","0.853","0.0","-0.6908","0.12091554789218861"
"5618.0","5623.0","0.136","0.864","0.0","-0.6229","0.11641881283533863"
"5628.0","5642.0","0.073","0.828","0.099","0.3802","0.10470512315272261"
"5645.0","5647.0","0.0","1.0","0.0","0.0","0.08274996368386325"
"5648.0","5650.0","0.0","1.0","0.0","0.0","0.09924825101850046"
"5651.0","5660.0","0.0","0.925","0.075","0.2942","0.13222893021677415"
"5664.0","5665.0","0.151","0.753","0.097","-0.128","0.12424227576852699"
"5667.0","5669.0","0.0","0.909","0.091","0.0516","0.206774868439088"
"5670.0","5674.0","0.256","0.744","0.0","-0.5848","0.47130557714122506"
"5676.0","5740.0","0.0","1.0","0.0","0.0","0.599764798902873"
"5697.0","5700.0","0.286","0.714","0.0","-0.3818","0.5538493668175118"
"5701.0","5712.0","0.116","0.851","0.033","-0.7258","0.33285415613523156"
"5720.0","5727.0","0.068","0.706","0.226","0.5574","0.8091543777997959"
"5729.0","5735.0","0.0","0.801","0.199","0.8734","0.6025317033230746"
"5745.0","5750.0","0.0","0.844","0.156","0.7579","0.6146671390765426"
"5751.0","5755.0","0.271","0.69","0.038","-0.8689","0.6553363279279436"
"5763.0","5775.0","0.11","0.793","0.097","-0.4359","0.6048355648798712"
"5776.0","5780.0","0.142","0.795","0.063","-0.5242","0.1302758322398674"
"5783.0","5799.0","0.083","0.732","0.185","0.644","0.13032852341555584"
"5800.0","5886.0","0.067","0.755","0.178","0.9862","0.062094341617045586"
"5891.0","5902.0","0.0","1.0","0.0","0.0","0.6083511781911659"
"5903.0","5906.0","0.0","1.0","0.0","0.0","0.6741790104950531"
"5906.0","5910.0","0.149","0.683","0.168","0.1531","0.23450063163096294"
"5911.0","5916.0","0.159","0.746","0.095","-0.4404","0.07305123257338403"
"5920.0","5950.0","0.142","0.713","0.145","0.1007","0.0869665872120894"
"5962.0","5970.0","0.072","0.819","0.109","0.4404","0.05743190353871133"
"5977.0","6060.0","0.099","0.843","0.059","-0.9561","0.06690257610981638"
"6065.0","6083.0","0.04","0.921","0.039","0.2263","0.09880541571240628"
"6085.0","6093.0","0.09","0.766","0.144","0.9506","0.14198850449025335"
"6163.0","6302.0","0.034","0.843","0.123","0.9924","0.12793291430546228"
"6303.0","6307.0","0.159","0.822","0.018","-0.851","0.39334749083008125"
"6308.0","6320.0","0.19","0.781","0.03","-0.9169","0.10937804762027424"
"6321.0","6330.0","0.162","0.703","0.135","0.0258","0.44234941995852"
"6331.0","6333.0","0.163","0.837","0.0","-0.4404","0.33159015160486205"
"6333.0","6335.0","0.189","0.811","0.0","-0.2023","0.19895789397686492"
"6334.0","6336.0","0.096","0.717","0.187","0.3182","0.26911841860900915"
"6337.0","6339.0","0.0","1.0","0.0","0.0","0.22737448669573238"
"6339.0","6341.0","0.0","1.0","0.0","0.0","0.23021231219734317"
"6342.0","6344.0","0.0","1.0","0.0","0.0","0.28912911731442104"
"6344.0","6346.0","0.0","0.914","0.086","0.1531","0.2841436605660024"
"6347.0","6349.0","0.437","0.563","0.0","-0.4767","0.2581699293540955"
"6349.0","6351.0","0.203","0.797","0.0","-0.6249","0.24056013637276624"
"6352.0","6354.0","0.0","1.0","0.0","0.0","0.2846452377055668"
"6354.0","6356.0","0.0","1.0","0.0","0.0","0.31429843200176"
"6357.0","6359.0","0.14","0.86","0.0","-0.5994","0.46170567365761755"
"6359.0","6361.0","0.0","1.0","0.0","0.0","0.4239985530316366"
"6362.0","6364.0","0.153","0.814","0.033","-0.6369","0.3507045500452163"
"6364.0","6366.0","0.146","0.619","0.235","0.5974","0.27059158049378174"
"6367.0","6369.0","0.326","0.674","0.0","-0.5255","0.9303891519744883"
"6369.0","6371.0","0.078","0.791","0.131","0.5434","0.27182783355665574"
"6372.0","6374.0","0.0","1.0","0.0","0.0","0.2754054880698853"
"6374.0","6376.0","0.205","0.795","0.0","-0.8442","0.2035784617185138"
"6377.0","6379.0","0.208","0.683","0.109","-0.4939","0.42507946777483596"
"6379.0","6381.0","0.229","0.701","0.07","-0.6369","0.4698919547362952"
"6382.0","6384.0","0.229","0.771","0.0","-0.743","0.5394813575948898"
"6384.0","6386.0","0.311","0.689","0.0","-0.8832","0.5523095902506864"
"6387.0","6389.0","0.302","0.698","0.0","-0.5994","0.696970862791118"
"6389.0","6391.0","0.0","1.0","0.0","0.0","0.7481121564181894"
"6392.0","6394.0","0.312","0.56","0.128","-0.5106","0.2915620314409127"
"6394.0","6396.0","0.467","0.533","0.0","-0.7906","0.4011041820107229"
"6397.0","6399.0","0.233","0.767","0.0","-0.807","0.5247389613087757"
"6399.0","6401.0","0.249","0.586","0.165","-0.5106","0.2923635003766307"
"6402.0","6404.0","0.204","0.796","0.0","-0.7088","0.29488846792753975"
"6404.0","6406.0","0.0","1.0","0.0","0.0","0.7074721796190035"
"6407.0","6409.0","0.0","1.0","0.0","0.0","1.0"
"6409.0","6411.0","0.0","0.768","0.232","0.5346","0.48333793227091687"
"6412.0","6414.0","0.456","0.544","0.0","-0.6908","0.26427598582477085"
"6414.0","6427.0","0.129","0.817","0.054","-0.7177","0.28269252591332794"
"6416.0","6429.0","0.122","0.799","0.078","-0.2382","0.2210318872995123"
"6419.0","6432.0","0.0","0.92","0.08","0.0772","0.29968023268225463"
"6430.0","6436.0","0.126","0.874","0.0","-0.6996","0.296718255480378"
"6432.0","6438.0","0.0","0.93","0.07","0.0516","0.2244621637995434"
"6435.0","6441.0","0.126","0.874","0.0","-0.5994","0.35771900244466315"
"6437.0","6443.0","0.141","0.693","0.165","0.2263","0.4500774003891483"
"6440.0","6446.0","0.132","0.777","0.091","-0.296","0.625186432608485"
"6442.0","6448.0","0.113","0.887","0.0","-0.5719","0.5212591262899796"
"6445.0","6451.0","0.244","0.756","0.0","-0.8126","0.3895123601138903"
"6447.0","6453.0","0.066","0.934","0.0","-0.0516","0.32765632461770255"
"6472.0","6478.0","0.104","0.896","0.0","-0.6486","0.23796487779890915"
"6474.0","6480.0","0.224","0.776","0.0","-0.5994","0.18004907675516243"
"6477.0","6483.0","0.109","0.853","0.038","-0.5106","0.24300816255712285"
"6479.0","6485.0","0.257","0.743","0.0","-0.8126","0.35855070268683814"
"6482.0","6488.0","0.17","0.697","0.133","-0.296","0.411908133437922"
"6484.0","6490.0","0.0","1.0","0.0","0.0","0.546587528967594"
"6487.0","6493.0","0.088","0.863","0.049","-0.2617","0.5020966626442546"
"6489.0","6495.0","0.084","0.8","0.116","-0.0423","0.384561087029481"
"6492.0","6498.0","0.177","0.767","0.056","-0.6249","0.3515228944112696"
"6494.0","6500.0","0.0","1.0","0.0","0.0","0.36152396897877936"
"6497.0","6503.0","0.0","0.94","0.06","0.1531","0.4308239719116084"
"6499.0","6505.0","0.173","0.756","0.071","-0.5106","0.494954625647085"
"6502.0","6508.0","0.0","1.0","0.0","0.0","0.5418929140501564"
"6504.0","6510.0","0.288","0.712","0.0","-0.8172","0.4262901590407772"
"6507.0","6513.0","0.035","0.89","0.074","0.3971","0.37659246149139725"
"6509.0","6515.0","0.0","1.0","0.0","0.0","0.6900493392131792"
"6512.0","6518.0","0.2","0.718","0.082","-0.5106","0.5399764351956818"
"6514.0","6520.0","0.0","1.0","0.0","0.0","0.34459313503594946"
"6517.0","6523.0","0.109","0.818","0.073","-0.2023","0.1730060882615537"
"6519.0","6525.0","0.0","0.809","0.191","0.5824","0.20923247904824563"
"6522.0","6528.0","0.0","1.0","0.0","0.0","0.269942934408576"
"6524.0","6530.0","0.167","0.833","0.0","-0.1531","0.26393254784369735"
"6527.0","6533.0","0.228","0.772","0.0","-0.8577","0.3046415323105804"
"6529.0","6535.0","0.188","0.672","0.14","-0.4721","0.5321179630209047"
"6532.0","6538.0","0.153","0.784","0.063","-0.5106","0.6396482527567862"
"6534.0","6540.0","0.318","0.682","0.0","-0.636","0.5464163929261612"
"6537.0","6543.0","0.0","1.0","0.0","0.0","0.3353915846193396"
"6539.0","6545.0","0.0","0.862","0.138","0.1531","0.29762383050303803"
"6542.0","6548.0","0.0","1.0","0.0","0.0","0.24749914850114255"
"6544.0","6550.0","0.252","0.748","0.0","-0.4003","0.28393902132649623"
"6547.0","6553.0","0.0","0.862","0.138","0.296","0.3556444590614621"
"6549.0","6555.0","0.0","0.918","0.082","0.1531","0.41359837879309574"
"6552.0","6558.0","0.0","0.455","0.545","0.7184","0.2947978219920236"
"6554.0","6560.0","0.209","0.708","0.082","-0.5411","0.2549131297432963"
"6557.0","6563.0","0.233","0.767","0.0","-0.7906","0.2370912937933391"
"6559.0","6565.0","0.254","0.746","0.0","-0.6249","0.5117382070568887"
"6562.0","6568.0","0.0","1.0","0.0","0.0","0.5486067606870652"
"6564.0","6570.0","0.245","0.755","0.0","-0.5994","0.40102186198386647"
"6567.0","6573.0","0.132","0.778","0.09","-0.2714","0.26994943636183366"
"6569.0","6575.0","0.145","0.855","0.0","-0.296","0.29304054903428695"
"6572.0","6578.0","0.0","1.0","0.0","0.0","0.38570212268512694"
"6574.0","6580.0","0.151","0.793","0.055","-0.6124","0.32344204913527735"
"6577.0","6583.0","0.141","0.764","0.095","-0.4588","0.17937591713125606"
"6579.0","6585.0","0.059","0.941","0.0","-0.296","0.2708413869763691"
"6582.0","6588.0","0.187","0.813","0.0","-0.5994","0.5528443372905811"
"6584.0","6590.0","0.394","0.606","0.0","-0.4939","0.70787094513303"
"6587.0","6593.0","0.0","1.0","0.0","0.0","0.35834438222895615"
"6589.0","6595.0","0.07","0.93","0.0","-0.5994","0.2975737023051213"
"6592.0","6598.0","0.083","0.828","0.09","0.0258","0.30212353702563466"
"6594.0","6600.0","0.065","0.935","0.0","-0.1531","0.5707005732323016"
"6597.0","6603.0","0.119","0.86","0.021","-0.636","0.6275762740335776"
"6599.0","6605.0","0.299","0.701","0.0","-0.5719","0.41686090153260463"
"6602.0","6608.0","0.0","1.0","0.0","0.0","0.1789822069633072"
"6604.0","6610.0","0.145","0.855","0.0","-0.5994","0.30268953030491086"
"6607.0","6613.0","0.0","0.782","0.218","0.6792","0.4400008967328068"
"6609.0","6615.0","0.362","0.638","0.0","-0.6249","0.3976794765163697"
"6612.0","6618.0","0.0","1.0","0.0","0.0","0.17859031344864382"
"6614.0","6620.0","0.0","1.0","0.0","0.0","0.19055902105778294"
"6617.0","6623.0","0.0","1.0","0.0","0.0","0.21332889348658532"
"6619.0","6625.0","0.0","1.0","0.0","0.0","0.27735835557905036"
"6622.0","6628.0","0.098","0.902","0.0","-0.0516","0.33483132446640707"
"6624.0","6630.0","0.347","0.653","0.0","-0.4926","0.2409790445618505"
"6627.0","6633.0","0.0","0.839","0.161","0.3182","0.2965838764960625"
"6629.0","6635.0","0.187","0.813","0.0","-0.5994","0.256246705264664"
"6632.0","6638.0","0.0","0.73","0.27","0.3802","0.20437984907543746"
"6634.0","6640.0","0.418","0.582","0.0","-0.5551","0.22299866376764083"
"6637.0","6643.0","0.175","0.657","0.168","-0.0258","0.2725998106445471"
"6639.0","6645.0","0.0","1.0","0.0","0.0","0.48639520274673115"
"6642.0","6648.0","0.0","1.0","0.0","0.0","0.6238379143966015"
"6644.0","6650.0","0.155","0.845","0.0","-0.296","0.6589775735173298"
"6647.0","6653.0","0.223","0.777","0.0","-0.5574","0.40901721529196167"
"6649.0","6655.0","0.0","1.0","0.0","0.0","0.3578421278543706"
"6652.0","6658.0","0.0","1.0","0.0","0.0","0.3776592279586476"
"6654.0","6660.0","0.166","0.766","0.068","-0.765","0.49179132251120605"
"6657.0","6663.0","0.375","0.625","0.0","-0.4939","0.38796103657664976"
"6666.0","6684.0","0.151","0.763","0.087","-0.753","0.14559476357285853"
"6668.0","6686.0","0.0","1.0","0.0","0.0","0.07929669406601769"
"6671.0","6689.0","0.0","1.0","0.0","0.0","0.09908953330879881"
"6673.0","6691.0","0.0","1.0","0.0","0.0","0.11414104760064207"
"6676.0","6694.0","0.0","1.0","0.0","0.0","0.11830499275659974"
"6678.0","6696.0","0.254","0.746","0.0","-0.6249","0.12901255062354378"
"6681.0","6699.0","0.0","1.0","0.0","0.0","0.15232788165762087"
"6683.0","6701.0","0.225","0.775","0.0","-0.7269","0.16609907460715884"
"6686.0","6704.0","0.085","0.915","0.0","-0.126","0.1917079669239009"
"6688.0","6706.0","0.181","0.694","0.125","-0.296","0.22145089346150496"
"6691.0","6709.0","0.231","0.579","0.19","0.128","0.2581439000324237"
"6693.0","6711.0","0.318","0.682","0.0","-0.2023","0.30988046587090173"
"6696.0","6714.0","0.07","0.93","0.0","-0.0516","0.3376110765490916"
"6698.0","6716.0","0.224","0.776","0.0","-0.6705","0.40859364852254054"
"6701.0","6719.0","0.199","0.801","0.0","-0.126","0.4775792421959584"
"6703.0","6721.0","0.0","1.0","0.0","0.0","0.5151719160815016"
"6706.0","6724.0","0.212","0.788","0.0","-0.6249","0.4754907871162183"
"6708.0","6726.0","0.348","0.652","0.0","-0.75","0.46356647537352363"
"6711.0","6729.0","0.066","0.934","0.0","-0.0516","0.46175795772240336"
"6713.0","6731.0","0.209","0.791","0.0","-0.6808","0.4706175692130618"
"6716.0","6734.0","0.0","1.0","0.0","0.0","0.38881821482281725"
"6718.0","6736.0","0.328","0.672","0.0","-0.5994","0.3491083676369792"
"6721.0","6739.0","0.0","1.0","0.0","0.0","0.29021167599807307"
"6723.0","6741.0","0.085","0.915","0.0","-0.0516","0.28204217021001476"
"6726.0","6744.0","0.338","0.662","0.0","-0.6249","0.2872434468313463"
"6728.0","6746.0","0.0","1.0","0.0","0.0","0.2642677806429743"
"6731.0","6749.0","0.0","1.0","0.0","0.0","0.2578461704990781"
"6733.0","6751.0","0.0","1.0","0.0","0.0","0.24522319107187152"
"6736.0","6754.0","0.0","0.909","0.091","0.1531","0.23869492830662062"
"6738.0","6756.0","0.265","0.573","0.161","-0.4404","0.3323608443807733"
"6741.0","6759.0","0.0","1.0","0.0","0.0","0.34502323786917605"
"6743.0","6761.0","0.39","0.61","0.0","-0.4926","0.3444839855162063"
"6746.0","6764.0","0.189","0.811","0.0","-0.2023","0.3602352572802084"
"6748.0","6766.0","0.211","0.789","0.0","-0.34","0.4062221304409578"
"6751.0","6769.0","0.427","0.573","0.0","-0.8979","0.4266008978499943"
"6753.0","6771.0","0.0","1.0","0.0","0.0","0.44405142415638205"
"6756.0","6774.0","0.089","0.849","0.062","-0.1779","0.47703384625957973"
"6758.0","6776.0","0.0","1.0","0.0","0.0","0.5089793901508252"
"6761.0","6779.0","0.182","0.818","0.0","-0.7003","0.4957999683170056"
"6763.0","6781.0","0.21","0.79","0.0","-0.6114","0.4628547206074945"
"6766.0","6784.0","0.24","0.76","0.0","-0.8356","0.40260260532604913"
"6768.0","6786.0","0.218","0.782","0.0","-0.5994","0.4615496802638808"
"6771.0","6789.0","0.37","0.63","0.0","-0.6908","0.4547925071383604"
"6773.0","6791.0","0.0","1.0","0.0","0.0","0.3827284752175097"
"6776.0","6794.0","0.151","0.849","0.0","-0.5994","0.3051578011235809"
"6778.0","6796.0","0.281","0.719","0.0","-0.4404","0.3028988646754242"
"6781.0","6799.0","0.152","0.686","0.162","0.0516","0.3001055569568842"
"6783.0","6801.0","0.146","0.854","0.0","-0.34","0.349864304827028"
"6786.0","6804.0","0.206","0.534","0.26","0.1779","0.36882276487781535"
"6788.0","6806.0","0.203","0.64","0.157","-0.3818","0.32857445991324635"
"6791.0","6809.0","0.119","0.881","0.0","-0.4767","0.36106016079669934"
"6793.0","6811.0","0.256","0.605","0.14","-0.3612","0.34561142904747866"
"6796.0","6814.0","0.176","0.824","0.0","-0.8481","0.340877534904647"
"6798.0","6816.0","0.0","1.0","0.0","0.0","0.32498476908828894"
"6801.0","6819.0","0.218","0.782","0.0","-0.5994","0.26596682960849877"
"6803.0","6821.0","0.0","1.0","0.0","0.0","0.21266046907998593"
"6806.0","6824.0","0.0","0.737","0.263","0.3612","0.20917390091238036"
"6808.0","6826.0","0.206","0.794","0.0","-0.5994","0.16187305072046368"
"6811.0","6829.0","0.134","0.695","0.171","0.1779","0.21001962608942853"
"6813.0","6831.0","0.0","0.829","0.171","0.6782","0.2630548219394276"
"6816.0","6834.0","0.281","0.719","0.0","-0.5994","0.4375539534076843"
"6818.0","6836.0","0.043","0.855","0.103","0.3987","0.45133888808179096"
"6821.0","6839.0","0.069","0.743","0.189","0.4767","0.45636033917011587"
"6823.0","6841.0","0.52","0.48","0.0","-0.7639","0.43476184405842405"
"6826.0","6844.0","0.255","0.745","0.0","-0.34","0.5804715613806933"
"6828.0","6846.0","0.202","0.798","0.0","-0.7955","0.5953821556706994"
"6831.0","6849.0","0.12","0.83","0.05","-0.4019","0.5228142803603222"
"6833.0","6851.0","0.464","0.536","0.0","-0.4939","0.4372414050990653"
"6836.0","6854.0","0.0","1.0","0.0","0.0","0.43211043989110687"
"6838.0","6856.0","0.0","1.0","0.0","0.0","0.4464065493198365"
"6841.0","6859.0","0.0","1.0","0.0","0.0","0.44735555589604054"
"6843.0","6861.0","0.0","1.0","0.0","0.0","0.3858175601091825"
"6846.0","6864.0","0.0","0.884","0.116","0.4389","0.3659892910043764"
"6848.0","6866.0","0.0","0.668","0.332","0.54","0.3835004551169994"
"6851.0","6869.0","1.0","0.0","0.0","-0.1511","0.3699289499535559"
"6853.0","6871.0","0.224","0.776","0.0","-0.3818","0.36803487009536895"
"6856.0","6874.0","0.0","0.892","0.108","0.2344","0.338592474688563"
"6858.0","6876.0","0.057","0.766","0.177","0.5423","0.3386835922984351"
"6861.0","6879.0","0.156","0.844","0.0","-0.4003","0.3626925240494121"
"6863.0","6881.0","0.091","0.909","0.0","-0.0516","0.3561064586136793"
"6866.0","6884.0","0.123","0.71","0.167","0.1759","0.2829425519588511"
"6868.0","6886.0","0.196","0.717","0.087","-0.4404","0.31512599759385884"
"6871.0","6889.0","0.0","0.82","0.18","0.0258","0.33119228696702535"
"6873.0","6891.0","0.0","1.0","0.0","0.0","0.3556649387101631"
"6876.0","6894.0","0.167","0.833","0.0","-0.0516","0.38185205074537093"
"6878.0","6896.0","0.0","1.0","0.0","0.0","0.40608522032798355"
"6881.0","6899.0","0.096","0.783","0.121","0.1655","0.42299889758919273"
"6883.0","6901.0","0.0","0.809","0.191","0.2244","0.44697646235984534"
"6886.0","6904.0","0.255","0.745","0.0","-0.34","0.4318568105375008"
"6888.0","6906.0","0.0","1.0","0.0","0.0","0.4247987657514257"
"6891.0","6909.0","0.0","1.0","0.0","0.0","0.40818648410402014"
"6893.0","6911.0","0.0","1.0","0.0","0.0","0.4443943297480356"
"6896.0","6914.0","0.382","0.527","0.09","-0.7684","0.4078866288442199"
"6898.0","6916.0","0.078","0.634","0.288","0.6486","0.3877443089049629"
"6901.0","6919.0","0.0","1.0","0.0","0.0","0.36592229220957034"
"6903.0","6921.0","0.302","0.698","0.0","-0.5994","0.36112200595264704"
"6906.0","6924.0","0.382","0.464","0.154","-0.75","0.39084691947360195"
"6908.0","6926.0","0.0","1.0","0.0","0.0","0.3583781676998252"
"6911.0","6929.0","0.118","0.882","0.0","-0.0516","0.3011992106826676"
"6913.0","6931.0","0.0","1.0","0.0","0.0","0.2800103716383273"
"6916.0","6934.0","0.0","1.0","0.0","0.0","0.30320692225457935"
"6918.0","6936.0","0.296","0.704","0.0","-0.2732","0.29774023414957634"
"6921.0","6939.0","0.0","1.0","0.0","0.0","0.29136296420812163"
"6923.0","6941.0","0.438","0.562","0.0","-0.5994","0.2516455416210683"
"6926.0","6944.0","0.087","0.849","0.064","-0.25","0.2588294877932412"
"6928.0","6946.0","0.0","0.758","0.242","0.1531","0.2636873039294545"
"6931.0","6949.0","0.0","0.626","0.374","0.5562","0.25227483159558195"
"6933.0","6951.0","0.0","1.0","0.0","0.0","0.24409611615003884"
"6936.0","6954.0","0.0","0.79","0.21","0.7717","0.2488303995011256"
"6938.0","6956.0","0.1","0.9","0.0","-0.4767","0.2524341229163775"
"6941.0","6959.0","0.216","0.784","0.0","-0.296","0.25134375635230444"
"6943.0","6961.0","0.328","0.672","0.0","-0.5994","0.24361022643924765"
"6946.0","6964.0","0.0","0.877","0.123","0.1027","0.24069956760833428"
"6948.0","6966.0","0.07","0.93","0.0","-0.0516","0.24991031709616238"
"6951.0","6969.0","0.212","0.737","0.051","-0.7184","0.23528902952402364"
"6953.0","6971.0","0.0","1.0","0.0","0.0","0.24836036072360093"
"6956.0","6974.0","0.231","0.769","0.0","-0.34","0.24715866219807772"
"6958.0","6976.0","0.276","0.724","0.0","-0.7574","0.2940944597192435"
"6961.0","6979.0","0.239","0.653","0.108","-0.8555","0.32619853976222946"
"6963.0","6981.0","0.098","0.811","0.091","-0.0772","0.32529586970426194"
"6966.0","6984.0","0.254","0.746","0.0","-0.6249","0.3197790652186051"
"6968.0","6986.0","0.451","0.549","0.0","-0.4767","0.304250486855996"
"6971.0","6989.0","0.0","1.0","0.0","0.0","0.2876370489597147"
"6973.0","6991.0","0.0","1.0","0.0","0.0","0.2655952899652506"
"6976.0","6994.0","0.094","0.781","0.125","-0.0516","0.20587254172798503"
"6978.0","6996.0","0.031","0.928","0.041","0.1027","0.18558396018847478"
"6981.0","6999.0","0.286","0.714","0.0","-0.4939","0.20766734430317496"
"6983.0","7001.0","0.0","0.84","0.16","0.2732","0.20821583358302853"
"6986.0","7004.0","0.27","0.73","0.0","-0.5719","0.22841092433714175"
"6988.0","7006.0","0.0","0.726","0.274","0.5255","0.23392219059524488"
"6991.0","7009.0","0.252","0.748","0.0","-0.4019","0.27275895447095216"
"6993.0","7011.0","0.108","0.892","0.0","-0.1759","0.3259811517200624"
"6996.0","7014.0","0.186","0.785","0.029","-0.8225","0.33753467442771323"
"6998.0","7016.0","0.0","1.0","0.0","0.0","0.34747253122032146"
"7001.0","7019.0","0.0","1.0","0.0","0.0","0.4094690251491989"
"7003.0","7021.0","0.328","0.672","0.0","-0.5994","0.4166020559127972"
"7006.0","7024.0","0.0","0.699","0.301","0.6808","0.4401497728785623"
"7008.0","7026.0","0.0","1.0","0.0","0.0","0.44841076428059723"
"7023.0","7025.0","0.114","0.725","0.161","0.2263","0.25690021771012417"
"7026.0","7028.0","0.157","0.843","0.0","-0.6705","0.565811688557955"
"7028.0","7030.0","0.0","0.659","0.341","0.4767","0.23810056397351131"
"7031.0","7033.0","0.221","0.779","0.0","-0.7269","0.4788451126898747"
"7033.0","7035.0","0.0","1.0","0.0","0.0","0.6967579628325088"
"7033.0","7036.0","0.25","0.614","0.136","-0.6369","0.6967579628325088"
"7036.0","7038.0","0.0","0.823","0.177","0.5106","0.6469872865270525"
"7047.0","7049.0","0.0","0.631","0.369","0.6249","0.1611946827987558"
"7050.0","7055.0","0.0","0.898","0.102","0.3612","0.2275535206910064"
"7052.0","7057.0","0.0","1.0","0.0","0.0","0.2855980815977527"
"7055.0","7060.0","0.151","0.849","0.0","-0.1531","0.3702976129763241"
"7067.0","7108.0","0.019","0.809","0.171","0.9855","0.13383985737639065"
"7110.0","7210.0","0.028","0.835","0.137","0.9592","0.19097919256829893"
"40.0","90.0","0.066","0.861","0.073","0.4122","0.16283276077028153"
"92.0","123.0","0.089","0.888","0.023","-0.9056","0.10798361159821135"
"124.0","172.0","0.103","0.873","0.024","-0.886","0.14280933848389357"
"173.0","202.0","0.223","0.77","0.007","-0.9877","0.5622082840552803"
"203.0","205.0","0.0","1.0","0.0","0.0","0.05762244447508379"
"206.0","225.0","0.0","0.873","0.127","0.783","0.033898617853412576"
"226.0","233.0","0.156","0.795","0.048","-0.5859","0.28549234577786514"
"234.0","240.0","0.0","1.0","0.0","0.0","0.20691541078152872"
"241.0","326.0","0.086","0.857","0.057","-0.9365","0.3834324060720268"
"327.0","405.0","0.063","0.912","0.025","-0.8798","0.3307912240275362"
"406.0","513.0","0.035","0.897","0.068","0.8915","0.02608247899415708"
"514.0","580.0","0.035","0.781","0.183","0.9463","0.03549778237943474"
"581.0","716.0","0.041","0.893","0.066","0.935","0.2564631118500146"
"717.0","721.0","0.219","0.781","0.0","-0.6523","0.1801143859020955"
"722.0","724.0","0.0","1.0","0.0","0.0","0.06547417556619899"
"725.0","774.0","0.065","0.846","0.089","0.6597","0.04335615214041956"
"775.0","1007.0","0.09","0.833","0.077","-0.9392","0.08269607724672386"
"1008.0","1020.0","0.101","0.899","0.0","-0.5574","0.09658997947801093"
"1021.0","1291.0","0.081","0.819","0.1","0.9072","0.05075126786475246"
"1292.0","1355.0","0.113","0.823","0.064","-0.8982","0.04735205059994391"
"1440.0","1500.0","0.093","0.863","0.044","-0.973","0.17041530273109606"
"1525.0","1540.0","0.036","0.86","0.104","0.6369","0.058800419852670205"
"1541.0","1944.0","0.072","0.846","0.082","-0.7736","0.05273897673015986"
"1945.0","2071.0","0.067","0.83","0.103","0.9779","0.4686690833857628"
"2072.0","2102.0","0.125","0.875","0.0","-0.8519","0.7005145348239101"
"2103.0","2198.0","0.086","0.851","0.063","-0.5905","0.11800364872516161"
"2199.0","2270.0","0.025","0.87","0.105","0.8985","0.07103997321767412"
"2271.0","2280.0","0.0","0.872","0.128","0.6124","0.08219805895957992"
"2281.0","2364.0","0.033","0.914","0.053","0.6801","0.0919951966793783"
"2365.0","2635.0","0.069","0.874","0.057","-0.9521","0.12464428718080789"
"2636.0","2662.0","0.093","0.828","0.079","0.4153","0.19378859005762372"
"2663.0","2794.0","0.099","0.823","0.079","-0.8406","0.03490006023033352"
"2800.0","2871.0","0.022","0.87","0.108","0.9009","0.04390925735152892"
"2872.0","2920.0","0.179","0.689","0.132","-0.8718","0.09216484180231739"
"2921.0","2952.0","0.094","0.835","0.071","-0.6808","0.10067080591987994"
"2953.0","3010.0","0.222","0.751","0.027","-0.9531","0.1442692558167012"
"3011.0","3140.0","0.071","0.853","0.076","0.212","0.30211727982916936"
"3028.0","3032.0","0.083","0.917","0.0","-0.4199","0.3703260231511063"
"3141.0","3150.0","0.127","0.817","0.057","-0.4738","0.0917318839221106"
"3185.0","3197.0","0.122","0.784","0.094","-0.34","0.3925419676403797"
"3198.0","3200.0","0.0","1.0","0.0","0.0","0.0296600347209744"
"3201.0","3255.0","0.123","0.718","0.159","0.743","0.10152775368303467"
"3259.0","3267.0","0.101","0.899","0.0","-0.5267","0.05734878820425998"
"3268.0","3295.0","0.049","0.773","0.178","0.9562","0.21555874072351242"
"3296.0","3335.0","0.105","0.8","0.095","-0.4291","0.053719423612509344"
"3336.0","3365.0","0.025","0.941","0.035","0.2023","0.02554144564238067"
"3669.0","3820.0","0.103","0.826","0.07","-0.8608","0.02762871389772565"
"3821.0","3915.0","0.04","0.814","0.146","0.9909","0.02341792888341627"
"3924.0","4024.0","0.05","0.839","0.111","0.9399","0.04067804990540853"
"4040.0","4066.0","0.025","0.975","0.0","-0.2023","0.32090760605001795"
"4135.0","4158.0","0.086","0.803","0.111","0.3313","0.052381647423698476"
"4260.0","4352.0","0.058","0.858","0.084","0.7212","0.0193976380452091"
"4353.0","4365.0","0.038","0.905","0.057","0.4215","0.017776937493466146"
"4366.0","4645.0","0.072","0.81","0.117","0.9651","0.021273381990834037"
"4646.0","4669.0","0.075","0.819","0.106","0.5574","0.007197686531547401"
"4680.0","4685.0","0.0","0.88","0.12","0.4588","0.05751722784084059"
"4710.0","4731.0","0.08","0.898","0.022","-0.6908","0.09386950138087766"
"4732.0","4734.0","0.357","0.643","0.0","-0.8309","0.028876537902335683"
"4735.0","4760.0","0.019","0.923","0.058","0.6121","0.046892238248412564"
"4761.0","4763.0","0.302","0.698","0.0","-0.3802","0.038172440504301394"
"4768.0","4779.0","0.238","0.762","0.0","-0.7562","0.09821653752600962"
"4788.0","4798.0","0.251","0.749","0.0","-0.8415","0.5953736947720901"
"4804.0","4828.0","0.125","0.836","0.04","-0.6597","0.16248000780665706"
"4829.0","4835.0","0.0","1.0","0.0","0.0","0.04153102787842569"
"4836.0","4840.0","0.167","0.833","0.0","-0.25","0.18801031659877787"
"4840.0","4844.0","0.0","1.0","0.0","0.0","0.07979430234689051"
"4845.0","4850.0","0.0","0.714","0.286","0.4939","0.04676446490955719"
"4863.0","4870.0","0.073","0.927","0.0","-0.2023","0.09312014031700555"
"4870.0","4875.0","0.095","0.779","0.126","0.1779","0.050288883005134455"
"4877.0","4884.0","0.0","1.0","0.0","0.0","0.055705717057584876"
"4888.0","4890.0","0.0","1.0","0.0","0.0","0.01596529474373784"
"4895.0","4916.0","0.0","1.0","0.0","0.0","0.01711448208317823"
"4940.0","4945.0","0.0","1.0","0.0","0.0","0.07648828184445224"
"4946.0","4954.0","0.105","0.702","0.194","0.3954","0.3917043652884676"
"4955.0","4965.0","0.141","0.809","0.05","-0.5709","0.42557030442442156"
"4971.0","5004.0","0.029","0.95","0.021","-0.5165","0.4338665174698244"
"5027.0","5054.0","0.096","0.875","0.029","-0.8338","0.18823719323884064"
"5055.0","5100.0","0.247","0.701","0.053","-0.9089","0.2582293126774097"
"5101.0","5104.0","0.152","0.621","0.227","-0.126","0.14459705564990333"
"5105.0","5108.0","0.0","1.0","0.0","0.0","0.14193151069304294"
"5109.0","5112.0","0.0","0.891","0.109","0.549","0.05525632533500954"
"5112.0","5120.0","0.123","0.877","0.0","-0.6956","0.08422083665067695"
"5121.0","5128.0","0.182","0.818","0.0","-0.4404","0.08505728829616654"
"5129.0","5131.0","0.085","0.709","0.206","0.5267","0.050883099620387146"
"5132.0","5134.0","0.0","1.0","0.0","0.0","0.04164925390686018"
"5134.0","5146.0","0.0","1.0","0.0","0.0","0.07102027866892663"
"5147.0","5155.0","0.094","0.852","0.055","-0.4215","0.16726773381357588"
"5156.0","5172.0","0.0","0.95","0.05","0.2023","0.06366254581013087"
"5187.0","5199.0","0.132","0.855","0.014","-0.884","0.3054866216983112"
"5200.0","5207.0","0.166","0.834","0.0","-0.8201","0.026948125839601243"
"5216.0","5230.0","0.183","0.817","0.0","-0.7998","0.039418073183797565"
"5231.0","5450.0","0.143","0.768","0.089","-0.9904","0.0551915458654492"
"5451.0","5468.0","0.034","0.821","0.145","0.7351","0.06936698405154636"
"5469.0","5486.0","0.11","0.818","0.072","-0.1531","0.03049040846742797"
"5487.0","5497.0","0.0","1.0","0.0","0.0","0.3200277846560104"
"5498.0","5605.0","0.094","0.795","0.11","0.7709","0.033495308216842885"
"5611.0","5667.0","0.108","0.85","0.042","-0.9701","0.04700812229333318"
"5670.0","5685.0","0.078","0.903","0.019","-0.8053","0.051067094679316576"
"5686.0","5840.0","0.038","0.849","0.113","0.9166","0.05455921899340326"
"5845.0","5921.0","0.049","0.857","0.094","0.5994","0.03332192848954051"
"5922.0","5933.0","0.079","0.87","0.052","-0.25","0.04423695407027081"
"5934.0","5950.0","0.141","0.72","0.139","-0.0258","0.2589707787602181"
"5951.0","5975.0","0.136","0.864","0.0","-0.8382","0.038933612688934666"
"5975.0","5980.0","0.113","0.723","0.165","0.2023","0.033219990917821705"
"5981.0","6065.0","0.096","0.871","0.033","-0.9455","0.029097688088895644"
"6066.0","6102.0","0.118","0.868","0.014","-0.8143","0.25939996890079814"
"6273.0","6295.0","0.199","0.801","0.0","-0.872","0.17130118279410433"
"6296.0","6305.0","0.0","0.758","0.242","0.4939","0.06429741890053857"
"6306.0","6328.0","0.077","0.903","0.02","-0.6476","0.4164527250310198"
"6329.0","6341.0","0.113","0.841","0.046","-0.3802","1.0"
"6342.0","6350.0","0.266","0.734","0.0","-0.8814","0.2980342568694224"
"6351.0","6443.0","0.117","0.834","0.049","-0.9779","0.3478338570777055"
"6444.0","6456.0","0.0","1.0","0.0","0.0","0.05834896374611713"
"6457.0","6464.0","0.0","1.0","0.0","0.0","0.08653055776358658"
"6465.0","6530.0","0.144","0.85","0.006","-0.981","0.58192883370264"
"6531.0","6689.0","0.065","0.888","0.047","-0.467","0.5767081620194113"
"6690.0","6692.0","0.0","1.0","0.0","0.0","0.08688327292171846"
"6693.0","6736.0","0.074","0.911","0.014","-0.5979","0.10585327700573587"
"6737.0","6745.0","0.118","0.751","0.131","-0.1111","0.055388771764666264"
"6746.0","6775.0","0.085","0.915","0.0","-0.6041","0.0908186566927281"
"6776.0","6800.0","0.097","0.874","0.028","-0.932","0.055706151377236494"
"6801.0","6804.0","0.151","0.849","0.0","-0.7508","0.09373863107914895"
"6805.0","6855.0","0.073","0.827","0.1","0.3527","0.35123117513593655"
"6857.0","6862.0","0.201","0.799","0.0","-0.7762","0.11952372421827101"
"6891.0","6986.0","0.127","0.813","0.059","-0.9408","0.3633477240966887"
"6987.0","6992.0","0.285","0.715","0.0","-0.7777","0.09195440983824582"
"7045.0","7055.0","0.086","0.879","0.035","-0.5719","0.07852465320719547"
"7060.0","7128.0","0.128","0.846","0.026","-0.9776","0.3581797681307094"
"7132.0","7155.0","0.113","0.887","0.0","-0.758","0.08486472988247998"
"7156.0","7162.0","0.147","0.757","0.096","-0.3151","0.043305338941089795"
"7163.0","7170.0","0.0","0.949","0.051","0.3182","0.10282203872958764"
"7171.0","7180.0","0.256","0.744","0.0","-0.5848","0.10870462441516192"
"7200.0","7214.0","0.092","0.908","0.0","-0.4824","0.2541345880175203"
"7348.0","7365.0","0.067","0.907","0.026","-0.4404","0.20550525137985481"
"7385.0","7405.0","0.193","0.807","0.0","-0.5106","0.14387025962181912"
"7406.0","7413.0","0.071","0.871","0.058","-0.1027","0.034529927302479446"
"7414.0","7426.0","0.115","0.71","0.176","0.1601","0.042610272723290786"
"7427.0","7475.0","0.065","0.935","0.0","-0.5267","0.19203148914714122"
"7490.0","7495.0","0.171","0.678","0.151","0.2714","0.14764639134633"
"7496.0","7504.0","0.064","0.936","0.0","-0.4199","0.1780691826136911"
"7625.0","7640.0","0.2","0.727","0.073","-0.6588","0.5817816776812614"
"7641.0","7648.0","0.257","0.743","0.0","-0.7845","0.8646576940383521"
"7649.0","7764.0","0.069","0.876","0.055","-0.7217","0.10456910831332393"
"10.0","147.0","0.015","0.951","0.035","0.4374","0.13082073289446972"
"148.0","287.0","0.028","0.877","0.095","0.9953","0.11741763157389182"
"288.0","347.0","0.052","0.908","0.04","-0.453","0.3827472960596422"
"348.0","382.0","0.069","0.914","0.017","-0.6808","0.6171663048312274"
"383.0","420.0","0.058","0.887","0.055","0.2941","0.5181538234033414"
"420.0","430.0","0.099","0.881","0.019","-0.6124","0.4344881915476297"
"431.0","437.0","0.0","0.96","0.04","0.0516","0.39256078775323194"
"438.0","440.0","0.0","0.832","0.168","0.4648","0.3490889682438031"
"441.0","460.0","0.081","0.903","0.017","-0.675","0.7195837335176893"
"461.0","464.0","0.235","0.765","0.0","-0.8109","0.5185270565228339"
"465.0","490.0","0.056","0.944","0.0","-0.7717","0.41802378135431917"
"491.0","527.0","0.034","0.892","0.074","0.9108","0.5681704736237603"
"528.0","557.0","0.104","0.848","0.048","-0.9161","0.4091371313894801"
"558.0","597.0","0.15","0.763","0.086","-0.8338","0.4331442602322459"
"598.0","608.0","0.0","1.0","0.0","0.0","0.22851668529735947"
"609.0","613.0","0.0","0.864","0.136","0.5837","0.21536532770672906"
"614.0","640.0","0.073","0.869","0.058","-0.3568","0.12369339987135296"
"641.0","851.0","0.04","0.906","0.054","0.7118","0.5268795177795685"
"860.0","870.0","0.076","0.81","0.114","0.4545","0.08727568138712294"
"871.0","892.0","0.068","0.898","0.033","-0.3167","0.08249804004817653"
"893.0","950.0","0.013","0.857","0.13","0.9673","0.07219792504061537"
"951.0","1003.0","0.015","0.928","0.057","0.8039","0.16470991277545477"
"1004.0","1016.0","0.0","0.727","0.273","0.128","0.09877078087966484"
"1017.0","1039.0","0.0","0.859","0.141","0.802","0.09537465618439886"
"1040.0","1334.0","0.036","0.88","0.084","0.9886","0.06442749669950423"
"1335.0","1340.0","0.0","1.0","0.0","0.0","0.06469034291168328"
"1341.0","1351.0","0.0","0.962","0.038","0.4767","0.10326593463502731"
"1352.0","1467.0","0.036","0.886","0.078","0.9471","0.07759275809168789"
"1468.0","1490.0","0.043","0.76","0.197","0.9392","0.2651653808369304"
"1526.0","1569.0","0.0","0.773","0.227","0.9894","0.11222903203196724"
"1570.0","1612.0","0.057","0.891","0.053","0.4091","0.09940575293704972"
"1613.0","1619.0","0.079","0.921","0.0","-0.4973","0.0761562228058608"
"1620.0","1830.0","0.04","0.89","0.07","0.9621","0.08141746502923305"
"1831.0","1865.0","0.035","0.93","0.036","-0.2247","0.07316984666472431"
"1866.0","1887.0","0.133","0.867","0.0","-0.7269","0.10778245034534853"
"1888.0","2190.0","0.063","0.897","0.041","-0.9769","0.22346054549292188"
"2191.0","2230.0","0.018","0.799","0.183","0.9451","0.2110560409265393"
"2231.0","2235.0","0.0","1.0","0.0","0.0","0.8158665439705921"
"2236.0","2300.0","0.049","0.874","0.077","0.698","0.7914136348173602"
"2301.0","2470.0","0.111","0.856","0.034","-0.9937","0.47908441457108203"
"2471.0","2552.0","0.034","0.908","0.059","0.7346","0.04822604820038181"
"2553.0","2566.0","0.0","1.0","0.0","0.0","0.026733695995030216"
"2567.0","2573.0","0.0","1.0","0.0","0.0","0.04383166679910426"
"2574.0","2580.0","0.09","0.91","0.0","-0.5484","0.07360161000447456"
"2581.0","2590.0","0.047","0.919","0.033","-0.128","0.1115067255165326"
"2591.0","2667.0","0.113","0.753","0.133","0.5846","0.07272319680990821"
"2668.0","2672.0","0.0","1.0","0.0","0.0","0.04847714180069761"
"2673.0","2680.0","0.122","0.693","0.186","0.3182","0.04193528265501039"
"2681.0","2699.0","0.0","1.0","0.0","0.0","0.36269958604049934"
"2700.0","2715.0","0.0","1.0","0.0","0.0","0.26517975413577427"
"2716.0","2725.0","0.0","0.934","0.066","0.1027","0.05566534976688789"
"2726.0","2775.0","0.03","0.873","0.097","0.9545","0.16893024460591602"
"2776.0","2828.0","0.062","0.914","0.024","-0.6249","0.09495489437938902"
"2829.0","2855.0","0.047","0.866","0.086","0.6382","0.19990661473243784"
"2856.0","2867.0","0.038","0.962","0.0","-0.25","0.2980673801011416"
"2868.0","3094.0","0.079","0.827","0.093","0.848","0.13221980518991389"
"3095.0","3099.0","0.0","1.0","0.0","0.0","0.1322461018486112"
"3100.0","3161.0","0.105","0.808","0.087","-0.6148","0.12191506815300626"
"3162.0","3287.0","0.067","0.843","0.09","0.8954","0.06479563293401851"
"3288.0","3390.0","0.084","0.821","0.095","0.8008","0.23650450553947736"
"3391.0","3580.0","0.051","0.859","0.09","0.9549","0.12366761684490792"
"3581.0","3615.0","0.032","0.903","0.065","0.4576","0.25674931621089686"
"3616.0","3645.0","0.114","0.801","0.085","-0.6069","0.5107400973247762"
"3646.0","3653.0","0.027","0.973","0.0","-0.0516","0.8451384463185173"
"3654.0","3659.0","0.068","0.852","0.08","0.1162","0.6043621810666647"
"3660.0","3682.0","0.176","0.824","0.0","-0.8405","0.41546185706030625"
"3683.0","3689.0","0.0","0.861","0.139","0.7412","0.5433693615830363"
"3690.0","3695.0","0.0","1.0","0.0","0.0","0.52633873485916"
"3696.0","3712.0","0.197","0.774","0.029","-0.977","1.0"
"3713.0","3719.0","0.0","1.0","0.0","0.0","0.7224076516686995"
"3720.0","3723.0","0.0","1.0","0.0","0.0","0.348632240472945"
"3724.0","3727.0","0.0","1.0","0.0","0.0","0.25902264432630967"
"3728.0","3758.0","0.13","0.846","0.023","-0.8605","0.2769675638340317"
"3759.0","3784.0","0.067","0.878","0.055","0.4501","0.1877380493803063"
"3785.0","3788.0","0.0","1.0","0.0","0.0","0.3691775252710094"
"3789.0","3806.0","0.09","0.878","0.032","-0.5802","0.6313595176986789"
"3806.0","3870.0","0.044","0.873","0.083","0.3699","0.7959507644303527"
"3871.0","4060.0","0.097","0.835","0.068","-0.9497","0.3474931220744478"
"4070.0","4241.0","0.052","0.931","0.017","-0.8924","0.36297901210771677"
"4249.0","4289.0","0.0","0.911","0.089","0.8122","0.19809586336930787"
"4290.0","4409.0","0.058","0.893","0.049","-0.4486","0.15258977871900917"
"4419.0","4570.0","0.055","0.828","0.117","0.9694","0.07022675591071711"
"4575.0","4595.0","0.092","0.887","0.021","-0.8011","0.4468506671564246"
"4596.0","4614.0","0.0","1.0","0.0","0.0","0.5244910691944827"
"4615.0","4691.0","0.121","0.861","0.018","-0.9803","0.5987324843290954"
"4692.0","4730.0","0.096","0.849","0.055","-0.6476","0.5349909326572719"
"4731.0","4740.0","0.0","0.954","0.046","0.0772","0.35562169261816484"
"4741.0","4765.0","0.092","0.908","0.0","-0.5974","0.7013727475216512"
"4766.0","4770.0","0.049","0.951","0.0","-0.296","0.6071832811997071"
"4771.0","4785.0","0.121","0.779","0.099","-0.1593","0.7531950727354465"
"4790.0","4800.0","0.073","0.806","0.122","0.3091","0.668866240355643"
"4801.0","4880.0","0.064","0.901","0.035","-0.6866","0.313101795749134"
"4881.0","5520.0","0.034","0.898","0.068","0.9239","0.40997588772112986"
"4981.0","5008.0","0.024","0.935","0.041","0.3578","0.31833781984686904"
"5011.0","5099.0","0.021","0.91","0.069","0.9159","0.34070528251566007"
"5100.0","5217.0","0.137","0.796","0.066","-0.9791","0.2752615126344064"
"5218.0","5270.0","0.068","0.891","0.041","-0.7747","0.18758186475179486"
"5275.0","5303.0","0.038","0.962","0.0","-0.4314","0.4052842684493695"
"5340.0","5405.0","0.057","0.924","0.019","-0.6808","0.792062156572967"
"5406.0","5418.0","0.112","0.888","0.0","-0.636","0.9787038976844731"
"5424.0","5443.0","0.228","0.772","0.0","-0.93","0.6385805695340535"
"5444.0","5447.0","0.0","1.0","0.0","0.0","0.7630268564275668"
"5448.0","5454.0","0.0","1.0","0.0","0.0","0.5850749601491009"
"5455.0","5525.0","0.077","0.9","0.023","-0.8858","0.6559650514899321"
"5527.0","5537.0","0.071","0.929","0.0","-0.5067","0.4976875688776421"
"5538.0","5547.0","0.137","0.863","0.0","-0.5719","0.8738671103372004"
"5559.0","5565.0","0.08","0.92","0.0","-0.4215","0.5553451438692705"
"5566.0","5571.0","0.0","0.903","0.097","0.4767","0.4398969984593388"
"5572.0","5575.0","0.0","1.0","0.0","0.0","0.41653562118690474"
"5576.0","5580.0","0.154","0.846","0.0","-0.743","0.5414264640721039"
"5581.0","5587.0","0.0","1.0","0.0","0.0","0.5554859346379456"
"5588.0","5620.0","0.082","0.904","0.013","-0.7399","0.5743760515867709"
"5621.0","5626.0","0.135","0.865","0.0","-0.4824","0.6729781313393128"
"5627.0","5641.0","0.044","0.832","0.124","0.5106","0.8884253673526551"
"5642.0","5644.0","0.318","0.682","0.0","-0.636","0.404161117966879"
"5645.0","5670.0","0.146","0.821","0.033","-0.8591","0.6669621615307509"
"5671.0","5707.0","0.096","0.904","0.0","-0.836","0.8337036057525291"
"5708.0","5740.0","0.022","0.978","0.0","-0.4096","0.604136199377212"
"5741.0","5800.0","0.092","0.83","0.077","-0.72","0.6998244830829762"
"5801.0","5932.0","0.062","0.885","0.052","0.4585","0.12514329140354014"
"5933.0","5952.0","0.046","0.954","0.0","-0.128","0.10781498091140855"
"5953.0","6024.0","0.052","0.868","0.081","0.2263","0.21769942245730298"
"6025.0","6344.0","0.104","0.836","0.059","-0.9928","0.13153850640187"
"6345.0","6373.0","0.066","0.87","0.065","-0.2732","0.06607411486215942"
"6374.0","6390.0","0.085","0.915","0.0","-0.4215","0.12152717233094536"
"6391.0","6399.0","0.059","0.856","0.085","0.2244","0.13158710228796125"
"6400.0","6438.0","0.017","0.925","0.058","0.431","0.07386397768119209"
"6439.0","6470.0","0.053","0.947","0.0","-0.6876","0.09222092038455124"
"6471.0","6558.0","0.058","0.841","0.101","0.9304","0.1984150752281626"
"6559.0","6866.0","0.054","0.82","0.126","0.9929","0.12255463496514177"
"6867.0","7028.0","0.065","0.86","0.075","0.8264","0.41666844802439396"
"7029.0","7094.0","0.086","0.814","0.101","0.2887","0.5007726826105978"
"7095.0","7108.0","0.076","0.793","0.13","0.4404","0.9385019205542248"
"7109.0","7205.0","0.012","0.849","0.139","0.9739","0.20508173338064836"
"7206.0","7220.0","0.326","0.674","0.0","-0.7003","0.7549073274591522"
"7221.0","7235.0","0.0","1.0","0.0","0.0","0.659226459598845"
