"5.507142857142857","4.384166666666667","5.336785714285716","medium"
"4.977857142857142","4.002142857142856","5.3621428571428575","loud"
"5.881363636363636","4.732727272727273","5.654090909090909","medium"
"5.287272727272727","4.054545454545454","5.453636363636364","medium"
"5.714857142857143","3.7305714285714284","5.700285714285715","medium"
"5.174498777506113","4.302078239608802","5.238410757946211","loud"
"5.65090909090909","3.772727272727273","5.416969696969697","silent"
"5.445764705882353","4.122000000000001","5.404000000000001","silent"
"5.114475138121547","4.061602209944751","5.277900552486187","medium"
"5.272499999999999","4.08925","5.334","medium"
"4.615","3.6775","5.0725","silent"
"5.378461538461538","4.167692307692308","5.398461538461539","medium"
"5.375","3.95","5.2475000000000005","medium"
"4.906428571428571","3.7364285714285708","5.234999999999999","medium"
"5.3277777777777775","4.573333333333333","5.605555555555556","silent"
"5.036861313868613","4.115985401459854","5.304963503649635","silent"
"5.305934065934066","4.126153846153846","5.300769230769231","silent"
"5.427631578947368","3.8600000000000003","5.423684210526316","silent"
"5.4575471698113205","3.7830188679245285","5.515094339622642","silent"
"5.6053125","3.7384375000000003","5.2993749999999995","silent"
"4.927627118644068","4.03728813559322","5.256271186440678","silent"
"5.340471698113209","4.165754716981131","5.282452830188679","silent"
"5.34120253164557","4.211265822784809","5.387215189873418","silent"
"5.5287500000000005","4.0565625","5.4506250000000005","silent"
"5.832","3.7640000000000002","6.023999999999999","medium"
"5.236666666666667","3.4049999999999994","5.55","silent"
"6.042","3.886","5.346","silent"
"5.735714285714287","3.85952380952381","5.5304761904761905","silent"
"5.581250000000001","3.8356250000000003","5.3950000000000005","silent"
"5.330488888888889","4.153333333333333","5.382844444444444","silent"
"5.185625","4.212604166666666","5.228020833333334","silent"
"6.272857142857143","4.384285714285714","5.45857142857143","silent"
"5.482142857142857","4.090714285714285","5.667142857142857","medium"
"5.4205","4.025","5.464499999999999","silent"
"4.656666666666666","4.022500000000001","5.020833333333333","medium"
"5.249230769230769","4.174615384615384","5.397692307692308","silent"
"5.4351666666666665","4.1691666666666665","5.327166666666667","loud"
"5.316818181818181","3.855909090909091","5.218636363636363","loud"
"5.065294117647059","4.163137254901961","5.103333333333333","silent"
"5.368333333333332","4.181666666666666","4.88","silent"
"5.348510638297872","4.032127659574468","5.2417021276595746","silent"
"5.70763440860215","4.188817204301074","5.388709677419355","silent"
"5.660697674418604","3.861162790697675","5.492093023255814","silent"
"5.637142857142857","4.064285714285714","5.752857142857143","silent"
"5.384748201438849","4.014424460431654","5.378381294964029","medium"
"5.3118965517241366","3.939137931034482","5.290344827586208","loud"
"3.17","6.35","3.62","loud"
"4.135","5.045","4.755","loudest"
"5.00948275862069","4.111896551724137","5.171724137931034","loud"
"5.001228070175438","4.150350877192983","5.163684210526316","silent"
"5.457669902912621","4.20873786407767","5.591456310679614","silent"
"5.545428571428571","3.990714285714285","5.490285714285714","silent"
"5.711034482758619","4.052413793103448","5.552413793103448","silent"
"5.607439024390245","4.117743902439025","5.480792682926829","silent"
"5.408244274809159","4.128702290076335","5.334351145038168","silent"
"5.463181818181819","4.116363636363637","5.223181818181818","silent"
"5.592943722943722","4.072121212121212","5.376796536796537","silent"
"5.416195652173912","3.9894565217391293","5.469782608695653","silent"
"5.331420118343195","4.102248520710059","5.459585798816568","silent"
"5.506887417218543","4.239933774834436","5.4394701986754965","silent"
"5.435277777777778","4.146319444444444","5.4309722222222225","silent"
"5.478684210526317","4.215921052631579","5.426973684210526","silent"
"5.354736842105263","3.8952631578947363","5.2494736842105265","medium"
"5.338874172185431","4.10158940397351","5.311523178807948","silent"
"5.555789473684209","4.0668421052631585","5.336842105263158","silent"
"5.324719999999999","4.065359999999999","5.37392","silent"
"5.207401574803149","4.183307086614174","5.347086614173229","silent"
"4.539615384615385","4.293846153846154","4.954999999999999","medium"
"5.336944444444445","3.981944444444445","5.497499999999999","silent"
"5.440526315789472","4.304736842105264","5.186052631578948","medium"
"5.1704390243902445","4.334341463414634","5.264414634146341","medium"
"5.49578947368421","4.1078947368421055","5.418157894736844","silent"
"6.167692307692307","4.096153846153846","5.6657692307692304","silent"
"5.5075","4.07","5.461875","silent"
"5.4382758620689655","3.7327586206896552","5.288620689655172","medium"
"5.221578947368421","3.960526315789473","5.269999999999999","silent"
"5.100499999999999","4.132499999999999","5.3825","silent"
"5.811333333333334","3.6693333333333333","5.835333333333333","silent"
"5.621818181818181","3.9790909090909086","5.817272727272727","medium"
"5.4575510204081645","3.9840816326530613","5.477142857142857","silent"
"5.552903225806453","4.094838709677419","5.630322580645162","silent"
"5.582931034482757","4.006379310344828","5.508620689655172","medium"
"5.619090909090909","4.220909090909091","5.2309090909090905","loud"
"4.7335714285714285","4.417142857142857","5.172142857142858","loud"
"5.3618181818181805","4.3545454545454545","5.385454545454545","silent"
"5.759","4.24","5.625","silent"
"5.264153846153846","4.28923076923077","5.174923076923078","loud"
"5.477142857142858","4.078571428571428","5.168571428571428","medium"
"5.404285714285714","3.7192857142857134","5.088571428571428","silent"
"5.058333333333334","3.643333333333333","4.8933333333333335","silent"
"5.557016129032259","4.053629032258065","5.573145161290324","silent"
"6.137333333333333","4.355333333333333","5.602666666666667","silent"
"5.950000000000001","3.895384615384615","5.612307692307693","silent"
"5.599375","4.1990625","5.384375","loud"
"5.567692307692307","4.213846153846154","5.533846153846155","silent"
"5.407352941176471","3.5761764705882353","5.313235294117647","silent"
"5.245555555555557","4.013148148148148","5.458333333333333","silent"
"5.744000000000001","3.4973333333333327","5.3420000000000005","silent"
"5.453636363636363","3.73030303030303","5.425454545454545","silent"
"5.656545454545455","3.8167272727272734","5.5645454545454545","silent"
"5.412857142857143","3.8942857142857146","5.515714285714286","silent"
"5.459696969696969","4.016060606060606","5.473030303030302","silent"
"4.786666666666666","3.5933333333333337","5.21","silent"
"5.033846153846154","3.775769230769231","5.279230769230768","silent"
"5.901764705882352","4.08","5.635882352941176","silent"
"5.6929838709677405","3.8589516129032257","5.535322580645162","silent"
"5.475588235294118","3.9868627450980396","5.4737254901960775","silent"
"5.794324324324324","4.033513513513514","5.640337837837838","silent"
"5.0359375","3.9965624999999996","5.274062499999999","medium"
"5.400161290322582","4.071935483870968","5.3875806451612895","silent"
"5.318529411764707","3.5382352941176465","5.692352941176471","medium"
"5.348333333333333","4.008611111111112","5.415833333333333","silent"
"5.657169811320754","3.906981132075472","5.504716981132075","silent"
"5.420454545454545","4.229772727272728","5.281136363636364","silent"
"5.597777777777777","3.376666666666667","4.933333333333334","medium"
"5.03423076923077","4.493076923076923","5.313461538461539","medium"
"5.07125","4.5875","5.37","medium"
"6.036363636363637","4.156363636363636","5.608181818181818","silent"
"4.817647058823529","4.239411764705882","5.331176470588236","silent"
"5.05","4.236","5.4719999999999995","loud"
"5.64655172413793","4.044827586206896","5.5889655172413795","silent"
"5.1031707317073165","4.489756097560976","5.278170731707317","medium"
"4.811249999999999","4.2562500000000005","4.92","loud"
"5.315263157894736","3.9522807017543853","5.317719298245614","loud"
"4.981785714285714","4.203571428571429","5.2475000000000005","medium"
"4.848571428571428","3.788571428571429","5.157142857142857","silent"
"5.257692307692308","4.403846153846154","5.451538461538461","medium"
"5.2225","4.192500000000001","5.6499999999999995","loud"
"5.299166666666666","4.0841666666666665","5.515833333333333","medium"
"5.2126229508196715","4.352622950819672","5.208852459016393","medium"
"5.2335714285714285","4.434285714285714","5.502857142857143","silent"
"5.4350000000000005","4.24","5.32","silent"
"5.326315789473684","3.8626315789473677","5.2963157894736845","silent"
"5.586122448979593","3.8318367346938773","5.5259183673469385","silent"
"6.131052631578946","4.172631578947367","5.626315789473685","silent"
"5.222333333333333","3.956666666666666","5.243","silent"
"5.709130434782609","3.829565217391305","5.292173913043478","silent"
"5.187575757575758","3.8000000000000003","5.30030303030303","silent"
"5.433333333333334","4.183333333333334","5.5183333333333335","silent"
"5.325","4.067399999999999","5.325799999999999","silent"
"5.475670103092783","4.085360824742268","5.460618556701031","silent"
"5.315151515151516","4.0578787878787885","5.305","silent"
"5.483170731707317","3.881951219512195","5.391951219512194","silent"
"5.80625","4.0","5.49425","silent"
"5.553636363636364","4.176969696969696","5.408181818181818","medium"
"5.064","3.914","5.640000000000001","medium"
"5.652962962962963","3.8288888888888892","5.38962962962963","silent"
"5.016666666666667","4.141666666666667","5.551666666666667","loudest"
"5.798","4.134","5.618","loudest"
"6.162","3.533","6.035","silent"
"5.58138888888889","3.926388888888889","5.5311111111111115","silent"
"5.724117647058824","3.828039215686275","5.565098039215687","silent"
"4.821666666666666","3.6933333333333334","5.445","silent"
"5.511666666666667","3.908888888888889","5.650555555555555","silent"
"5.721111111111112","3.8306666666666667","5.687111111111111","silent"
"5.396470588235295","4.002941176470588","5.246470588235294","medium"
"5.610204081632654","3.7191836734693875","5.578163265306122","silent"
"5.45945945945946","3.942432432432433","5.284324324324324","medium"
"4.935555555555556","3.803333333333333","4.818888888888889","silent"
"5.643333333333333","4.009523809523809","5.5980952380952385","silent"
"4.963333333333334","4.301666666666667","4.883333333333334","silent"
"5.654399999999999","3.9756000000000005","5.587199999999999","silent"
"5.515000000000001","3.832142857142857","5.2907142857142855","medium"
"5.503947368421052","4.2552631578947375","5.410789473684211","silent"
"5.122000000000001","4.295","5.024","silent"
"5.006","3.4979999999999998","5.414","silent"
"5.409473684210527","3.9160526315789475","5.488421052631579","medium"
"5.109047619047619","4.200793650793649","5.23968253968254","medium"
"4.911428571428571","4.126666666666667","4.94095238095238","medium"
"5.3991911764705875","3.929852941176471","5.4501470588235295","medium"
"6.133333333333333","4.4433333333333325","5.451666666666667","silent"
"5.2025","4.37","4.963333333333334","silent"
"6.577142857142857","4.191428571428571","5.76","medium"
"5.743333333333333","4.087777777777777","5.387777777777778","silent"
"5.4222222222222225","3.673333333333334","5.578888888888889","medium"
"5.100952380952381","3.955238095238095","5.236666666666666","silent"
"4.66","6.215","4.82","silent"
"4.736666666666667","4.174666666666668","5.1339999999999995","silent"
"6.208703703703703","4.099444444444445","5.899259259259259","silent"
"5.647","4.0756000000000006","5.5602","silent"
"5.680517241379311","3.84","5.461034482758621","silent"
"5.376400000000001","3.644399999999999","5.486800000000001","silent"
"5.6388","3.8464","5.645200000000001","silent"
"5.3118181818181816","3.9786363636363644","5.436590909090909","silent"
"6.065833333333333","4.043333333333333","5.895","silent"
"5.6899999999999995","3.591","5.624999999999999","silent"
"5.99375","4.675","5.97875","silent"
"6.830000000000001","4.3933333333333335","5.87","silent"
"5.749393939393939","4.224242424242425","5.673030303030303","silent"
"6.143846153846154","4.168461538461538","5.9484615384615385","silent"
"5.952307692307692","3.9376923076923083","5.354615384615385","silent"
"5.164375","3.7199999999999998","5.3256250000000005","silent"
"5.287368421052631","4.0336842105263155","5.512105263157895","silent"
"5.812400000000001","3.8176","5.654","silent"
"5.185833333333332","3.8383333333333334","5.338333333333334","silent"
"6.43","4.265","5.584999999999999","silent"
"5.5668493150684935","3.885342465753425","5.427397260273972","silent"
"5.4704999999999995","4.278499999999999","5.244","silent"
"5.659565217391304","3.8502173913043483","5.4676086956521734","silent"
"5.6875","3.9629166666666666","5.41375","silent"
"5.306857142857142","3.841142857142857","5.336285714285713","silent"
"5.1127272727272715","4.097727272727272","5.204545454545454","medium"
"5.3319230769230765","4.076153846153846","5.5334615384615375","silent"
"4.923125","4.0225","5.051875","medium"
"5.778918918918919","4.072162162162162","5.6016216216216215","silent"
"5.834680851063829","3.8904255319148935","5.84595744680851","silent"
"5.47","3.763103448275861","5.498620689655173","silent"
"6.181086956521739","3.9210869565217394","5.939347826086956","silent"
"6.0075","3.9218749999999996","5.679375","medium"
"5.425892857142857","3.9037499999999996","5.482857142857142","silent"
"5.597142857142857","3.934285714285714","5.431428571428571","medium"
"5.553","4.011","5.486999999999999","silent"
"5.9159999999999995","3.412","5.568","medium"
"5.134736842105262","3.975263157894737","5.528947368421052","silent"
"4.979047619047618","4.166190476190476","5.299047619047618","silent"
"5.531818181818182","4.151363636363636","5.190454545454546","silent"
"4.215625000000001","4.305625","4.73125","silent"
"5.141111111111111","4.147222222222222","5.087222222222222","silent"
"5.414545454545455","3.898181818181818","5.352727272727273","silent"
"4.891818181818182","3.651818181818182","5.129090909090909","silent"
"5.246052631578945","3.7307894736842107","5.537105263157895","medium"
"5.235230769230769","3.791076923076923","5.385692307692308","medium"
"5.0645454545454545","3.7181818181818183","5.390909090909091","silent"
"6.24","3.8800000000000003","5.796","silent"
"5.7225","3.65","5.54","silent"
"5.465","4.12","6.145","silent"
"4.673","4.702","5.212","silent"
"5.384571428571428","4.083714285714285","5.465142857142857","medium"
"5.1604347826086965","4.042173913043477","5.272608695652174","medium"
"5.4575","3.78625","5.516249999999999","silent"
"4.5649999999999995","4.495714285714286","5.368571428571428","silent"
"5.03","4.196666666666666","5.361111111111111","silent"
"3.8274999999999997","5.795","4.55","medium"
"5.74","3.5589999999999997","5.7315000000000005","silent"
"5.506538461538461","4.284999999999999","5.503461538461538","silent"
"5.544912280701754","3.8549122807017544","5.506842105263159","silent"
"5.718333333333335","4.215789473684211","5.408947368421054","loud"
"5.580714285714284","3.9424999999999994","5.293571428571428","silent"
"5.6866896551724135","4.034896551724137","5.6931034482758625","silent"
"5.185714285714286","4.212857142857143","5.661428571428571","silent"
"5.653243243243243","4.017297297297298","5.5140540540540535","medium"
"6.263333333333333","3.979999999999999","5.515000000000001","medium"
"6.275","4.1674999999999995","5.8575","loud"
"5.49462962962963","3.910740740740741","5.591481481481481","medium"
"5.1803448275862065","3.976034482758621","5.31396551724138","silent"
"5.5634999999999994","4.056","5.68","silent"
"5.157384615384616","4.1141538461538465","5.33","loud"
"5.073333333333333","4.228888888888888","5.152222222222222","medium"
"5.584523809523809","4.205952380952381","5.630238095238095","silent"
"5.938888888888889","4.057777777777778","5.553888888888888","silent"
"5.505903614457831","3.8950602409638564","5.653253012048193","medium"
"5.524877049180327","3.9377049180327868","5.526844262295082","silent"
"5.7829999999999995","3.8099999999999996","5.4955","medium"
"5.454485981308412","4.218411214953272","5.590186915887849","medium"
"5.245555555555556","4.04111111111111","4.911111111111111","medium"
"5.570172413793103","3.9846551724137935","5.585","silent"
"5.746944444444444","3.8505555555555557","5.478055555555555","silent"
"5.1974193548387095","4.016774193548387","5.429838709677419","medium"
"5.941666666666666","3.633333333333333","5.510000000000001","medium"
"5.5823809523809516","3.9733333333333327","5.470000000000001","medium"
"5.975862068965518","4.18551724137931","5.729310344827588","medium"
"6.050666666666668","3.7866666666666666","5.720666666666667","silent"
"5.049473684210526","3.880000000000001","5.117894736842106","silent"
"5.455696202531646","3.9744303797468357","5.495063291139241","silent"
"5.382666666666667","3.623333333333334","5.170000000000001","silent"
"5.2453594771241825","4.2324183006535945","5.242287581699346","silent"
"5.756666666666667","3.762499999999999","5.683333333333334","silent"
"4.957777777777778","4.195","5.330555555555555","silent"
"5.674","4.084","5.626","silent"
"5.249019607843138","4.18921568627451","5.369607843137255","silent"
"5.336016949152544","4.088983050847458","5.392118644067797","silent"
"5.295238095238095","4.314285714285715","5.454285714285714","silent"
"4.939090909090909","4.269090909090909","5.4845454545454535","silent"
"5.227777777777778","4.1594444444444445","5.348888888888889","silent"
"5.673076923076923","4.014615384615385","5.512692307692307","medium"
"5.353225806451612","4.111935483870968","5.604516129032258","medium"
"5.3564","4.1048","5.6644","loud"
"4.91125","4.391249999999999","5.05625","loudest"
"5.346296296296296","4.216296296296297","5.118148148148148","loudest"
"5.01","4.4031034482758615","5.193103448275862","loudest"
"5.254303797468354","4.2530379746835445","5.13493670886076","loudest"
"5.343148148148147","4.403333333333333","5.420000000000001","loud"
"5.142173913043478","4.171739130434782","5.274239130434782","medium"
"5.483970588235294","4.139411764705883","5.432058823529412","silent"
"5.09111111111111","4.262037037037038","5.087222222222222","medium"
"5.408512396694215","4.166859504132232","5.513471074380165","silent"
"5.5998","3.8298","5.4676","silent"
"5.4277083333333325","3.9656250000000006","5.363958333333334","silent"
"4.05","5.55","4.85","silent"
"5.376727272727273","4.046181818181818","5.408363636363636","silent"
"5.612499999999999","4.1310714285714285","5.315714285714286","silent"
"5.872916666666666","3.9345833333333338","5.46375","silent"
"5.6049999999999995","4.009473684210526","5.561052631578947","silent"
"5.273958333333333","4.014375","5.518541666666667","silent"
"5.457118644067797","4.002203389830508","5.569830508474575","silent"
"6.053333333333334","3.5933333333333337","5.95","silent"
"5.453333333333334","3.8196296296296293","5.251481481481482","silent"
"5.003333333333333","3.965833333333333","4.9825","silent"
"5.009090909090909","3.9899999999999993","5.405454545454545","silent"
"5.107857142857142","3.7757142857142854","5.247142857142856","silent"
"5.719166666666667","3.7958333333333325","5.545000000000001","silent"
"4.8965","4.734","5.210999999999999","medium"
"4.873333333333334","4.61","4.3933333333333335","medium"
"5.644166666666667","4.589166666666666","5.4558333333333335","silent"
"5.6000000000000005","3.8866666666666663","5.304444444444445","medium"
"4.954615384615384","3.618461538461539","5.176923076923078","silent"
"5.190476190476191","4.106666666666667","5.423809523809523","medium"
"5.589","4.643000000000001","5.063","loud"
"5.017692307692308","4.430000000000001","4.980769230769231","medium"
"5.145925925925926","4.351111111111112","5.114074074074074","silent"
"5.055882352941176","4.115882352941177","4.930588235294117","silent"
"5.019090909090909","4.420909090909091","5.18","silent"
"5.542394366197183","3.9836619718309847","5.405633802816901","silent"
"5.364857142857143","4.4005714285714275","5.277428571428572","silent"
"5.669666666666667","4.445666666666667","5.588333333333334","medium"
"6.3725000000000005","3.7849999999999997","5.615","loud"
"4.961600000000001","4.597600000000001","5.0748","loudest"
"5.122","4.273478260869565","5.29104347826087","silent"
"5.572857142857144","4.350714285714285","5.355714285714286","silent"
"5.519846153846154","3.904923076923077","5.487230769230769","silent"
"5.383333333333334","4.101041666666666","5.3375","silent"
"5.812162162162161","3.825135135135135","5.43027027027027","silent"
"5.393563218390804","4.3660919540229886","5.294137931034483","silent"
"5.5944927536231885","3.858768115942029","5.446884057971015","silent"
"5.473086419753087","3.971851851851852","5.329753086419753","silent"
"5.311594202898551","4.07159420289855","5.1794927536231885","silent"
"5.568076923076924","4.127211538461538","5.523942307692308","medium"
"4.698","3.728","4.61","silent"
"5.554044943820225","4.071797752808989","5.557528089887641","silent"
"5.38875","3.5925","5.24125","silent"
"5.142","4.385999999999999","5.442","silent"
"5.213","3.683","5.291","silent"
"5.384117647058823","4.152941176470588","5.354117647058823","silent"
"4.9192857142857145","4.590357142857143","5.299999999999999","loud"
"4.647142857142858","4.488571428571428","4.878571428571428","silent"
"5.2335714285714285","3.9824285714285703","5.324142857142857","medium"
"5.191625","4.312875","5.287625","medium"
"5.29","4.102222222222222","5.282222222222222","medium"
"5.591739130434783","3.961739130434782","5.011739130434782","medium"
"5.913571428571428","3.5971428571428565","5.791428571428571","loud"
"4.81","4.079166666666667","5.115833333333333","loudest"
"5.535833333333333","4.021833333333334","5.220666666666667","medium"
"5.3925","3.5300000000000002","5.047499999999999","medium"
"5.350689655172413","4.1899999999999995","5.171724137931035","silent"
"5.128068181818181","4.030795454545455","5.224545454545455","medium"
"5.29375","3.7745833333333327","5.484999999999999","silent"
"5.460158730158731","3.996349206349206","5.578412698412698","silent"
"5.777000000000001","3.809","5.49","silent"
"5.51025","4.222250000000001","5.449","silent"
"5.415151515151515","4.181515151515152","5.214545454545455","silent"
"5.652941176470589","4.01235294117647","5.246764705882353","silent"
"5.3405555555555555","3.8616666666666664","5.288888888888889","silent"
"5.0236363636363635","4.117272727272726","5.399090909090909","medium"
"5.3204166666666675","4.0633333333333335","5.3339583333333325","loudest"
"5.8066666666666675","4.5175","5.203333333333333","silent"
"3.5250000000000004","5.604166666666667","4.361666666666666","loud"
"5.685217391304349","4.128260869565218","5.306956521739131","silent"
"5.306478873239436","4.275211267605632","5.459718309859156","silent"
"5.898666666666666","4.606","5.544","loud"
"5.2559523809523805","4.142142857142857","5.126666666666667","silent"
"5.5585","3.8945","5.587999999999999","silent"
"5.614999999999999","3.9616666666666664","4.96","medium"
"5.945675675675675","3.747567567567567","5.727837837837837","silent"
"5.301428571428572","3.915714285714286","5.552380952380951","silent"
"6.017272727272727","3.6145454545454543","5.6472727272727266","silent"
"5.649230769230769","3.9589878542510117","5.57836032388664","silent"
"5.679821428571429","3.77","5.558928571428572","medium"
"5.856052631578947","3.9031578947368417","5.731315789473684","loud"
"5.784285714285714","4.322857142857143","5.545714285714287","medium"
"5.061999999999999","4.358","5.24","silent"
"5.614583333333333","3.799583333333333","5.79375","silent"
"5.47","4.172307692307692","5.224615384615384","medium"
"6.1035416666666675","4.006875","5.555625","silent"
"5.7128000000000005","3.8188","5.3548","loudest"
"5.714545454545454","4.014848484848485","5.574545454545454","silent"
"5.642","4.023","5.2780000000000005","medium"
"5.960060606060606","4.102181818181818","5.707696969696969","silent"
"5.746666666666666","4.066666666666667","5.542857142857143","silent"
"5.524","4.141466666666666","5.460000000000001","silent"
"5.035555555555556","4.13962962962963","5.262962962962963","silent"
"5.661020408163265","3.936326530612245","5.302244897959183","silent"
"5.440984848484849","4.159848484848484","5.458787878787878","silent"
"5.985294117647059","3.7152941176470584","5.724117647058823","silent"
"6.055","3.6610714285714283","5.721428571428572","silent"
"5.791857142857142","3.858","5.564857142857142","silent"
"5.554652406417112","4.007860962566845","5.4748663101604285","silent"
"5.474666666666667","3.6753333333333336","5.5326666666666675","loud"
"5.363205128205129","4.050512820512821","5.497820512820512","medium"
"5.48","3.59","5.57","loud"
"5.578947368421052","4.401052631578948","5.545263157894736","loud"
"5.601358024691358","4.094197530864198","5.394197530864197","silent"
"5.4888","3.9082","5.500400000000002","silent"
"5.665555555555556","3.7583333333333337","5.57","silent"
"5.887499999999999","3.995416666666667","5.346666666666667","silent"
"5.71857142857143","4.055102040816326","5.448163265306122","silent"
"5.543793103448277","3.9160344827586204","5.557758620689655","silent"
"6.062676056338027","3.88887323943662","5.765492957746478","silent"
"5.697179487179489","4.127948717948718","5.314615384615385","silent"
"5.52264705882353","3.886764705882353","5.370294117647059","silent"
"5.3325","4.004166666666667","5.235833333333333","silent"
"5.649999999999999","3.8634482758620687","5.614137931034483","silent"
"5.388888888888889","4.161874999999999","5.439583333333333","silent"
"5.627540983606558","4.160655737704918","5.651475409836068","silent"
"5.499753086419753","4.155679012345678","5.411481481481482","silent"
"5.6621428571428565","4.149285714285715","5.598571428571428","silent"
"5.319276315789473","4.114407894736842","5.399473684210527","silent"
"5.461","3.8820000000000006","5.566","medium"
"5.529666666666667","4.041533333333333","5.5077333333333325","silent"
"5.904561403508771","4.110701754385965","5.652280701754386","silent"
"5.354791666666666","3.584166666666667","5.477083333333333","silent"
"4.997857142857144","3.362142857142857","5.057142857142857","silent"
"5.250249999999999","3.8175","5.679250000000001","silent"
"5.676976744186048","3.877906976744186","5.640697674418604","silent"
"5.26264","4.28632","5.217920000000001","silent"
"5.819791666666667","4.280208333333333","5.643125","silent"
"5.692181818181818","3.8430909090909093","5.545090909090909","silent"
"5.620512820512819","4.09076923076923","5.4230769230769225","silent"
"5.731730769230769","3.9380769230769235","5.515576923076923","silent"
"5.4803225806451605","4.2777419354838715","5.328387096774194","silent"
"5.7245454545454555","4.112272727272727","5.575454545454544","medium"
"5.536666666666666","3.5433333333333334","5.886666666666667","silent"
"5.766969696969697","3.8154545454545454","5.594848484848486","silent"
"5.81344827586207","4.157586206896552","5.653793103448276","medium"
"5.631882352941176","4.076235294117646","5.422588235294117","silent"
"5.623333333333333","3.862222222222222","5.533333333333334","silent"
"5.389106145251397","3.9807821229050275","5.561005586592179","silent"
"5.54875","4.0528125","5.7484375","medium"
"5.445","4.092222222222222","5.593333333333334","silent"
"5.948857142857143","3.8702857142857146","5.796571428571429","silent"
"5.727647058823529","4.217882352941177","5.566117647058824","silent"
"5.55320987654321","4.150740740740741","5.632345679012346","silent"
"5.7354054054054044","3.9478378378378385","5.658378378378378","silent"
"5.648571428571429","4.28","5.461428571428571","silent"
"5.980666666666666","3.67","5.868666666666668","silent"
"5.39825","3.8495000000000004","5.332","silent"
"5.661538461538461","4.103846153846154","5.443076923076922","medium"
"5.89986301369863","4.072328767123288","5.678630136986301","silent"
"5.5573417721519","4.085316455696202","5.542278481012659","silent"
"5.398333333333333","3.498333333333333","5.450833333333333","loud"
"5.760769230769229","3.7446153846153853","5.583846153846154","medium"
"5.524000000000001","3.7877142857142854","5.416571428571429","medium"
"5.378421052631579","4.166315789473684","5.329473684210527","silent"
"5.424565217391304","4.141739130434782","5.562173913043478","medium"
"5.56103448275862","3.937931034482759","5.64551724137931","silent"
"4.9037500000000005","4.99625","4.80125","silent"
"5.180000000000001","4.3325","5.391538461538461","loud"
"5.439","3.9807500000000005","5.446624999999999","silent"
"5.295333333333334","4.068666666666667","5.417333333333332","loudest"
"5.459","4.277833333333334","5.585333333333335","medium"
"5.680769230769231","3.9180769230769226","5.605384615384616","medium"
"5.318493150684931","4.29986301369863","5.476164383561644","silent"
"5.467904761904761","4.255999999999999","5.5132063492063486","silent"
"5.078775510204081","4.339183673469388","5.3887755102040815","silent"
"5.526093749999999","4.29484375","5.16","silent"
"4.956428571428572","4.248214285714286","5.234107142857143","medium"
"5.1242553191489355","4.490638297872342","5.417234042553191","loud"
"5.5291764705882365","4.369176470588235","5.4503529411764715","silent"
"5.405396825396825","4.188095238095239","5.335238095238095","medium"
"5.1063636363636355","4.52","5.491818181818181","medium"
"4.876923076923078","4.605128205128204","5.124358974358975","medium"
"5.2124999999999995","4.4025","5.246785714285714","silent"
"6.078","3.8939999999999997","5.818","silent"
"5.7007142857142865","3.986190476190475","5.411666666666666","silent"
"4.911111111111111","4.542","5.226444444444445","silent"
"5.482424242424242","4.086363636363637","5.336363636363636","silent"
"5.2374418604651165","4.3132558139534884","5.225581395348837","silent"
"5.105833333333334","4.7058333333333335","5.090833333333333","silent"
"5.656153846153846","4.196923076923077","5.4338461538461535","silent"
"5.20247619047619","4.065333333333333","5.343904761904762","silent"
"5.463333333333334","4.02","5.353333333333333","medium"
"5.512278481012659","3.8056962025316445","5.283291139240506","silent"
"5.074242424242424","3.8715151515151516","5.131212121212121","silent"
"5.332676056338029","3.9632394366197183","5.097042253521128","silent"
"5.620666666666667","4.028666666666667","5.430999999999999","silent"
"5.020500000000001","3.7625","5.297499999999999","silent"
"5.3752941176470594","3.3952941176470586","5.388823529411764","silent"
"5.741666666666666","4.0183333333333335","5.193333333333333","silent"
"5.431578947368422","3.9731578947368424","5.265263157894736","silent"
"6.336666666666666","3.4433333333333334","5.54","silent"
"5.220588235294117","4.165588235294117","5.414411764705882","silent"
"5.548082901554405","3.917512953367875","5.443626943005181","silent"
"5.737147540983607","4.03783606557377","5.610622950819672","silent"
"5.851297709923664","3.897862595419847","5.606946564885496","silent"
"5.30125","3.7700000000000005","5.22875","silent"
"5.343333333333334","3.9595833333333332","5.245416666666667","silent"
"5.601333333333333","3.956444444444444","5.320666666666668","silent"
"6.045454545454546","4.012727272727273","5.631818181818182","silent"
"5.8643478260869575","3.978695652173914","5.495217391304348","silent"
"5.227837837837837","3.993783783783784","5.517567567567568","silent"
"5.272105263157895","4.107368421052632","5.398157894736843","silent"
"5.62875","4.3031250000000005","5.074999999999999","medium"
"5.6000000000000005","4.155344827586207","5.496379310344828","silent"
"5.630952380952381","3.8989523809523807","5.366380952380951","silent"
"5.688510638297872","3.87","5.45127659574468","silent"
"5.583802816901408","4.1701408450704225","5.492394366197183","silent"
"4.203333333333333","5.1033333333333335","4.645","medium"
"5.141490683229813","4.120807453416149","5.394534161490683","silent"
"5.3792307692307695","4.079999999999999","5.280512820512822","silent"
"3.0","4.13","3.8950000000000005","medium"
"5.661111111111111","4.164444444444444","5.407222222222222","medium"
"4.858","4.82","5.1240000000000006","loud"
"5.340238095238096","4.272619047619047","5.446190476190476","medium"
"5.835294117647059","4.26","5.524705882352941","silent"
"4.8568181818181815","3.987727272727273","5.222272727272728","silent"
"5.638285714285714","3.9948571428571436","5.559428571428572","silent"
"5.485813953488372","4.053255813953488","5.575581395348837","silent"
"5.284562211981567","4.310599078341014","5.336958525345621","silent"
"6.020833333333333","3.8941666666666666","5.546666666666667","silent"
"5.742434782608695","4.092521739130435","5.543130434782609","silent"
"5.555","3.6625","5.7325","silent"
"5.349746835443038","4.417088607594937","5.31126582278481","silent"
"5.035","4.6525","5.109999999999999","medium"
"5.62054054054054","4.012432432432432","5.692432432432433","silent"
"5.329047619047619","3.8878571428571425","5.555476190476191","silent"
"5.335294117647059","4.1708823529411765","5.326470588235293","silent"
"5.671636363636362","4.009363636363637","5.531272727272727","silent"
"5.665454545454545","3.7900000000000005","5.198181818181818","silent"
"5.570454545454545","4.003636363636364","5.471818181818181","silent"
"6.165","4.68","5.925","silent"
"5.332","4.456","5.254","silent"
"5.596363636363637","4.261818181818182","5.62","silent"
"5.604285714285714","4.287142857142858","5.312857142857142","medium"
"5.463461538461538","4.370384615384615","5.4253846153846155","loud"
"5.571666666666666","4.505","5.19","medium"
"5.607692307692308","4.0346153846153845","5.533846153846154","loud"
"5.955172413793103","4.116551724137931","5.72","silent"
"4.41","5.359999999999999","4.68","loud"
"5.92061224489796","4.586938775510204","5.620816326530611","medium"
"4.68","5.515000000000001","4.62","medium"
"5.563793103448277","4.125344827586207","5.628189655172414","silent"
"5.456923076923076","3.6599999999999997","5.54576923076923","loud"
"5.697842323651452","4.030746887966806","5.547344398340249","silent"
"4.904444444444445","4.294444444444444","5.011111111111111","silent"
"5.308552631578949","4.29421052631579","5.380921052631579","medium"
"5.680000000000001","4.1376923076923084","5.751538461538463","medium"
"5.2585","3.9505000000000003","5.3715","silent"
"5.783833333333334","3.952666666666667","5.610333333333333","medium"
"5.356315789473684","4.624210526315789","5.233684210526316","medium"
"5.34625","4.1431249999999995","5.3375","medium"
"5.509999999999999","3.767857142857143","5.389285714285713","medium"
"5.344545454545455","3.7900000000000005","5.56","silent"
"5.741333333333333","3.5893333333333333","5.570666666666667","silent"
"5.607173913043479","3.9558695652173914","5.56586956521739","silent"
"5.187647058823529","4.050000000000001","5.135294117647059","silent"
"5.802692307692307","3.9546153846153844","5.4946153846153845","silent"
"5.577014388489209","4.109028776978417","5.643129496402878","silent"
"5.192239999999999","4.08856","5.4288799999999995","medium"
"5.6975","3.8932142857142864","5.588571428571428","silent"
"5.463478260869565","3.9117391304347824","5.2299999999999995","silent"
"5.660625","3.9350000000000005","5.92","silent"
"5.3015384615384615","4.06989010989011","5.3112087912087915","medium"
"5.860909090909092","4.307272727272726","5.6022727272727275","silent"
"5.203555555555555","4.252222222222223","5.169111111111111","silent"
"5.3248","4.0524","5.3126","medium"
"5.592","3.6209999999999996","5.4445","silent"
"5.559558823529411","4.2660294117647055","5.541764705882351","medium"
"5.438095238095237","4.013650793650793","5.482380952380953","silent"
"5.183636363636363","3.590454545454546","5.385454545454545","medium"
"5.398125","4.155625","5.260624999999999","silent"
"5.55","4.224","5.4380000000000015","medium"
"6.473999999999999","3.934","6.096","silent"
"5.102","3.8939999999999997","5.256","silent"
"5.856","3.6019999999999994","5.49","silent"
"5.06","4.21","5.18","medium"
"4.906000000000001","3.504","5.598000000000001","medium"
"4.095","3.6525000000000003","5.1425","medium"
"4.832941176470588","4.471176470588235","5.317647058823529","medium"
"5.877222222222223","4.296666666666667","5.663333333333333","silent"
"5.579259259259259","3.92","5.267407407407408","silent"
"5.684583333333332","3.8584722222222223","5.574166666666667","silent"
"5.02","4.295909090909091","4.957727272727272","medium"
"5.7653333333333325","4.680000000000001","5.486666666666666","loud"
"5.081250000000001","4.86125","5.36125","medium"
"5.232320000000001","4.2647200000000005","5.224000000000001","medium"
"5.010714285714286","3.953571428571429","5.499285714285714","silent"
"5.82375","4.233750000000001","6.0275","silent"
"5.506923076923076","4.173076923076923","5.259615384615383","medium"
"5.39068493150685","4.140410958904109","5.435342465753425","medium"
"5.766800000000001","4.064","5.636800000000001","silent"
"5.4","4.410000000000001","5.452727272727272","silent"
"5.413333333333333","4.331666666666666","5.435","silent"
"5.249375000000001","4.257124999999999","5.368625","medium"
"5.5052631578947375","4.080000000000001","5.494736842105263","medium"
"5.3","3.7300000000000004","5.7","silent"
"4.681428571428571","4.2057142857142855","5.162857142857142","silent"
"6.134999999999999","3.950833333333333","5.683333333333334","silent"
"4.592499999999999","4.47","4.944999999999999","silent"
"5.53","4.9","5.61","silent"
"5.70888888888889","4.067777777777778","5.644444444444444","silent"
"5.638571428571429","4.617142857142857","5.282857142857142","silent"
"6.023333333333333","4.283333333333333","5.591666666666666","silent"
"5.713333333333332","4.505","6.036666666666666","silent"
"4.373333333333334","3.91","4.653333333333333","medium"
"5.699999999999999","3.145","4.93","loud"
"5.047499999999999","4.11","4.8575","loud"
"5.073333333333333","4.526190476190477","5.1795238095238085","medium"
"5.00625","4.49625","5.65625","loudest"
"5.6905882352941175","4.697058823529412","5.676470588235294","loud"
"5.715263157894737","4.414736842105263","5.856842105263158","loud"
"4.331111111111111","5.306666666666667","4.677777777777778","loud"
"5.5112499999999995","4.7924999999999995","5.57625","loud"
"5.664444444444445","3.7322222222222217","5.874444444444444","silent"
"5.575882352941176","4.151764705882353","5.5200000000000005","silent"
"5.931973684210526","4.24328947368421","5.653552631578947","silent"
"5.491428571428571","3.922857142857143","5.381428571428572","loud"
"5.1899999999999995","3.8249999999999997","4.79","loud"
"5.381","4.775","5.543","medium"
"5.664999999999999","4.383749999999999","5.251875","silent"
"5.46578947368421","4.09921052631579","5.527105263157894","silent"
"5.9325","3.9808333333333334","5.836666666666667","silent"
"5.3673451327433614","4.123451327433629","5.456637168141592","silent"
"5.677142857142856","3.873928571428572","5.753928571428572","silent"
"5.748076923076922","4.279871794871795","5.627051282051282","silent"
"5.8244375","4.122437499999999","5.7186875","silent"
"5.106086956521739","3.9808695652173913","5.0578260869565215","medium"
"5.354814814814815","4.292962962962963","5.452222222222223","silent"
"5.576923076923077","4.136923076923077","5.176923076923076","medium"
"5.295714285714287","4.548571428571429","5.6257142857142854","medium"
"5.322500000000001","4.0200000000000005","5.19","silent"
"5.234444444444445","4.638888888888889","5.583333333333333","silent"
"5.332000000000001","4.2299999999999995","5.378","silent"
"5.984999999999999","4.175","5.125","silent"
"5.422","4.148","5.390000000000001","medium"
"5.432","3.8760000000000003","5.668","medium"
"4.04","4.466666666666667","4.073333333333333","medium"
"5.205","4.341666666666667","4.745","silent"
"5.756666666666667","3.8299999999999996","5.426666666666667","medium"
"6.05","4.86","5.67","medium"
"5.390000000000001","4.3999999999999995","5.38","medium"
"5.575","3.7399999999999998","5.405","medium"
"5.536363636363637","3.899090909090909","5.377727272727273","medium"
"5.573846153846153","4.426153846153846","5.328461538461538","medium"
"4.9366666666666665","6.63","5.373333333333334","loudest"
"5.59047619047619","4.336190476190476","5.0980952380952385","medium"
"5.964","4.984999999999999","5.781000000000001","medium"
"5.335","4.2675","5.3481250000000005","silent"
"5.4525","4.1641666666666675","5.121666666666667","medium"
"5.149166666666667","4.798333333333334","5.199166666666667","medium"
"5.217692307692308","4.709230769230769","5.357692307692308","medium"
"5.088","4.166666666666666","5.061999999999999","loud"
"4.993333333333333","4.69","4.8","loud"
"4.64","5.093333333333334","5.513333333333333","loud"
"4.468","4.866","4.970000000000001","medium"
"4.2425","5.245","4.7","loud"
"4.8536363636363635","4.749090909090909","5.0209090909090905","loud"
"4.54","4.855","4.6537500000000005","medium"
"5.189","4.351000000000001","5.164","loud"
"4.925","5.035","5.015000000000001","loudest"
"7.32","5.0","7.16","loudest"
"5.563333333333333","4.056666666666666","5.351666666666667","loud"
"4.992","4.452","5.154","medium"
"5.119047619047619","3.811428571428571","5.139047619047619","medium"
"5.226521739130436","4.53304347826087","5.386521739130434","silent"
"5.545714285714285","4.007142857142858","5.24","medium"
"5.322500000000001","4.4125","5.400833333333334","medium"
"5.32","3.6574999999999998","5.0825","silent"
"5.1045454545454545","4.8127272727272725","4.710909090909092","medium"
"5.731538461538462","4.538461538461538","5.426923076923078","medium"
"5.251666666666666","4.286666666666666","5.026666666666666","loud"
"4.615555555555556","5.345555555555556","4.9366666666666665","loud"
"4.883333333333334","4.506666666666666","4.808888888888889","medium"
"5.400999999999999","3.9890000000000008","5.3100000000000005","medium"
"5.691333333333334","3.9213333333333336","5.319333333333334","silent"
"5.20875","3.845","5.44125","silent"
"5.675294117647058","4.153529411764706","5.474117647058824","silent"
"5.092631578947369","4.0952631578947365","5.092631578947369","medium"
"5.18625","4.203749999999999","5.26125","medium"
"5.9366666666666665","3.313333333333333","6.036666666666666","loud"
"5.558571428571428","3.821428571428572","5.361428571428571","medium"
"5.169999999999999","4.21","5.759999999999999","medium"
"4.866363636363636","4.258181818181819","5.085454545454545","medium"
"5.188","3.928","5.694","medium"
"5.658571428571428","3.8628571428571434","5.581428571428572","medium"
"5.014285714285713","4.341428571428572","5.184285714285715","medium"
"4.859999999999999","4.27","4.9675","loud"
"4.88","4.301111111111111","5.108888888888889","medium"
"5.489444444444445","3.8627777777777776","5.528333333333333","loud"
"5.17","3.84","5.9725","loud"
"5.258333333333334","4.401666666666667","5.305000000000001","loud"
"5.760000000000001","4.233333333333333","5.9433333333333325","medium"
"5.3311111111111105","4.697777777777778","5.6755555555555555","silent"
"4.715","4.795","5.04","silent"
"5.338181818181817","4.092727272727273","5.408181818181818","medium"
"5.296666666666666","4.1","5.493333333333333","silent"
"5.172142857142858","4.204999999999999","5.235","medium"
"5.0","4.611666666666666","5.3933333333333335","medium"
"5.174444444444444","4.612222222222223","5.231111111111112","loud"
"4.7","4.756666666666667","4.760000000000001","loud"
"5.71","4.48","5.6850000000000005","medium"
"5.4125","3.9725","5.305","medium"
"4.74","3.24","5.04","medium"
"4.595000000000001","3.87","4.745","medium"
"5.23","4.622222222222222","5.776666666666667","medium"
"5.703333333333333","3.7422222222222223","5.65","medium"
"6.366666666666667","3.903333333333333","5.8","medium"
"5.247857142857143","4.357857142857143","5.534285714285715","silent"
"5.603","5.202999999999999","5.202","silent"
"5.611428571428571","4.4314285714285715","5.112857142857144","loud"
"5.63375","4.34125","5.35375","loud"
"5.303333333333333","4.251111111111111","5.192222222222223","medium"
"4.937777777777778","4.476666666666667","5.105555555555555","medium"
"5.275","3.891666666666667","5.706666666666666","medium"
"5.06","4.21","5.18","medium"
"5.480714285714285","4.144285714285714","5.195714285714284","medium"
"5.179090909090909","4.661818181818182","5.239090909090908","silent"
"5.557272727272727","4.513636363636363","5.620909090909091","medium"
"5.045555555555556","4.147777777777779","5.081111111111111","loud"
"4.776","4.704","5.066000000000001","loud"
"6.192500000000001","4.33","6.074999999999999","medium"
"5.6052380952380965","4.256666666666668","5.7004761904761905","medium"
"5.63","4.228","5.348","medium"
"6.077","4.46","6.066","loud"
"5.510454545454546","4.259999999999999","5.486363636363636","loud"
"5.489999999999999","4.3566666666666665","5.371666666666667","medium"
"5.63","3.27","5.1000000000000005","silent"
"5.417272727272727","4.0190909090909095","5.2272727272727275","medium"
"5.248571428571429","4.458571428571429","5.482857142857142","medium"
"5.266666666666667","4.371666666666667","5.153333333333333","medium"
"5.820000000000001","4.4157142857142855","5.8342857142857145","silent"
"6.2425","4.7575","5.505","silent"
"6.162","4.290000000000001","5.27","silent"
"6.14","4.055","5.55","medium"
"5.242","3.78","5.004","medium"
"6.05","5.213333333333333","5.993333333333333","medium"
"6.057777777777778","4.445555555555555","5.861111111111111","medium"
"5.396666666666666","4.405","5.355","silent"
"6.067500000000001","3.94","6.432500000000001","silent"
"5.0","4.0","6.0","silent"
"5.546666666666667","5.0233333333333325","5.8933333333333335","medium"
"5.85","5.164","5.7219999999999995","medium"
"5.965","4.755","5.5625","loud"
"5.8525","4.6775","5.585","loud"
"4.510000000000001","4.728333333333333","4.998333333333334","medium"
"5.966666666666666","4.3500000000000005","5.373333333333332","medium"
"5.06","4.21","5.18","medium"
"5.378333333333334","4.542777777777778","5.188888888888889","medium"
"3.83","6.4350000000000005","4.475","medium"
"5.238064516129033","4.1812903225806455","5.299677419354839","silent"
"5.878333333333334","4.735","5.431666666666666","silent"
"5.678461538461538","4.029999999999999","5.6146153846153855","silent"
"5.852222222222222","3.9833333333333334","5.582222222222222","silent"
"5.652142857142856","4.021428571428571","5.525714285714286","silent"
"5.304285714285714","4.33","5.068571428571429","silent"
"5.53","4.9","5.61","silent"
"5.3309999999999995","4.2299999999999995","5.151000000000001","silent"
"5.672499999999999","4.112500000000001","5.805","silent"
"5.21","4.615714285714286","5.194285714285714","silent"
"5.117500000000001","4.9275","5.14","medium"
"4.765","5.24","5.365","medium"
"5.736666666666667","3.916666666666666","5.41","medium"
"4.7700000000000005","4.806","4.878","medium"
"6.343333333333334","3.6799999999999997","5.94","medium"
"4.71","3.84","4.11","medium"
"5.349999999999999","4.148","5.294","medium"
"4.96","4.176","5.018","medium"
"5.40625","3.9475","5.4825","medium"
"5.500833333333333","4.175000000000001","5.154166666666668","medium"
"5.8759999999999994","4.096","5.792","medium"
"5.14","4.846","5.1160000000000005","medium"
"5.73","4.578888888888889","5.982222222222223","medium"
"4.9350000000000005","3.7825","5.675","medium"
"5.181428571428571","4.112857142857143","5.0200000000000005","medium"
"5.7219999999999995","4.36","5.574","medium"
"5.145","4.45","5.37","medium"
"5.6838461538461535","4.026923076923077","5.586923076923076","silent"
"4.894","4.4879999999999995","5.494000000000001","medium"
"5.16625","4.05875","5.3525","medium"
"5.8999999999999995","4.466666666666667","5.816666666666666","medium"
"5.626666666666666","4.326666666666667","5.223333333333334","medium"
"4.2975","4.82","4.9825","medium"
"4.875","4.68","5.5975","medium"
"4.806666666666667","4.401111111111111","4.762222222222222","medium"
"5.656666666666666","4.02","5.28","medium"
"5.965","4.20875","5.8475","medium"
"5.06","4.21","5.18","medium"
"4.424444444444443","4.848888888888889","4.883333333333334","medium"
"4.8500000000000005","4.702857142857142","5.567142857142857","medium"
"5.021818181818182","4.464545454545455","5.206363636363636","medium"
"5.423333333333335","5.155","5.131666666666667","medium"
"3.9749999999999996","5.375","4.725","medium"
"5.916666666666667","4.403333333333333","6.085","medium"
"5.456666666666667","4.222222222222222","5.3244444444444445","medium"
"4.873333333333333","4.508333333333334","5.213333333333334","medium"
"5.3875","4.60125","5.46375","medium"
"5.563333333333333","3.92","5.823333333333333","medium"
"5.676","4.602","5.926","medium"
"5.389","4.884","5.473","medium"
"5.58","4.396","4.816","medium"
"5.457777777777777","4.069999999999999","5.486666666666667","medium"
"5.558125","4.194999999999999","5.5175","medium"
"5.7780000000000005","4.204","5.4879999999999995","medium"
"5.2","4.255","5.196666666666666","medium"
"6.006666666666667","4.003333333333333","5.87","silent"
"5.713333333333334","3.731666666666667","5.338333333333334","silent"
"4.795999999999999","4.522","4.890000000000001","silent"
"6.008000000000001","3.62","5.952","silent"
"5.5371428571428565","4.156428571428571","5.605714285714286","medium"
"4.9350000000000005","5.3025","4.9275","medium"
"5.688999999999999","4.265999999999999","5.762","medium"
"5.145","3.3474999999999997","5.26","medium"
"3.146666666666667","5.506666666666667","3.9299999999999997","medium"
"4.43","3.22","4.84","loud"
"4.851000000000001","4.013999999999999","5.0409999999999995","loud"
"5.359999999999999","3.46375","4.92","loud"
"5.4366666666666665","4.57","5.256666666666667","medium"
"5.035","3.17","5.105","medium"
"4.973333333333334","4.193333333333333","5.539999999999999","medium"
"5.86","5.68","5.9","medium"
"5.034000000000001","3.9120000000000004","5.292","medium"
"5.54111111111111","3.9311111111111114","5.623333333333333","medium"
"6.0200000000000005","3.3066666666666666","5.993333333333333","medium"
"4.81","4.62","5.65","medium"
"4.34","4.026666666666666","5.296666666666667","medium"
"5.723333333333334","4.1450000000000005","6.008333333333333","medium"
"5.498571428571428","3.641428571428571","5.464285714285714","medium"
"4.914","4.5600000000000005","4.787999999999999","medium"
"5.236666666666667","3.5733333333333337","5.246666666666667","medium"
"5.636","4.252","5.720000000000001","medium"
"5.4475","4.45875","5.6","medium"
"5.455","3.55","5.085","medium"
"4.85","4.285","5.645","medium"
"5.33","3.1","5.17","medium"
"5.4799999999999995","4.127142857142858","5.572857142857144","medium"
"4.964","4.642","4.884","medium"
"4.993333333333333","4.006666666666667","5.633333333333333","medium"
"4.9","5.074999999999999","5.550000000000001","medium"
"5.906666666666666","4.946666666666666","5.663333333333333","medium"
"5.9875","4.5775","5.3725","medium"
"5.539999999999999","4.373333333333333","6.11","medium"
"3.6533333333333338","4.88","4.833333333333333","medium"
"5.577142857142857","4.047142857142857","5.965714285714286","medium"
"6.095000000000001","4.48","6.4","medium"
"4.9825","4.5475","4.98","medium"
"4.710000000000001","4.691111111111111","5.045555555555556","medium"
"5.79","3.42","5.95","medium"
"4.95","3.4875000000000003","5.157500000000001","medium"
"5.166666666666667","4.24","5.536666666666666","medium"
"5.605","3.185","5.495","medium"
"5.285","3.58","5.34","medium"
"5.581428571428572","3.9357142857142855","5.6171428571428565","medium"
"4.596666666666667","4.750000000000001","4.693333333333333","medium"
"5.5424999999999995","3.823333333333333","5.572500000000001","medium"
"4.765","4.26","5.63","medium"
"5.69","4.386666666666666","5.44","medium"
"4.43","3.22","4.84","silent"
"5.7425","3.76875","5.99375","silent"
"5.7125","4.5025","5.77125","medium"
"5.23","3.8475","5.515000000000001","silent"
"4.993333333333333","4.69","4.8","silent"
"5.4399999999999995","4.03","5.6825","silent"
"5.241666666666666","3.543333333333333","5.171666666666667","silent"
"4.7725","5.364999999999999","5.720000000000001","silent"
"5.448333333333333","4.44","4.993333333333333","medium"
"4.93","2.775","5.015","silent"
"4.341666666666666","4.826666666666667","4.580000000000001","medium"
"5.400833333333332","5.077500000000001","5.255833333333333","medium"
"5.3217647058823525","4.17","5.62","medium"
"5.0975","4.51","5.1325","medium"
"4.775","3.82","5.140000000000001","medium"
"4.99","4.425","5.55","medium"
"5.285","3.58","5.34","medium"
"5.707142857142856","4.298571428571429","5.762857142857143","silent"
"5.363333333333333","3.8146666666666667","5.351333333333334","silent"
"5.14","3.9","5.88","silent"
"6.485","5.735","5.390000000000001","silent"
"4.449999999999999","4.8875","5.057499999999999","silent"
"6.0825","4.5625","6.24","silent"
"5.375000000000001","4.486666666666667","4.991666666666667","medium"
"5.4399999999999995","3.89","5.53","medium"
"5.3864705882352935","3.764705882352941","5.435882352941176","medium"
"5.695","4.086666666666667","5.381666666666667","medium"
"6.2025","3.135","5.095000000000001","medium"
"5.168","4.462","5.191999999999999","medium"
"6.1625000000000005","3.91","5.6850000000000005","medium"
"6.017777777777779","3.8744444444444444","5.593333333333332","medium"
"5.0633333333333335","4.243333333333333","5.266666666666667","medium"
"5.013333333333333","4.08","5.335833333333333","medium"
"5.75","3.8200000000000003","5.473333333333333","silent"
"4.665833333333333","4.37","5.295833333333333","medium"
"5.21","4.113333333333334","4.62","loud"
"5.708125","4.5375","5.203125","loud"
"4.787142857142858","4.482857142857142","4.634285714285714","loud"
"6.238","4.676","5.25","silent"
"5.72375","3.3725","5.7575","silent"
"6.515","3.77","5.41","medium"
"5.603333333333334","4.64","5.29","medium"
"5.964509803921569","4.038823529411765","5.896470588235293","silent"
"5.838205128205128","4.022564102564102","5.636923076923077","silent"
"5.863902439024391","3.7979674796747966","5.71869918699187","silent"
"5.48108695652174","3.9332608695652165","5.3263043478260865","silent"
"5.643953488372094","3.767674418604651","5.366046511627907","silent"
"4.702954545454546","4.5052272727272715","4.597954545454545","loud"
"5.35","3.7620000000000005","5.234","silent"
"6.088500000000001","3.469500000000001","5.693499999999999","silent"
"5.050833333333333","3.984166666666667","4.780833333333333","medium"
"5.532500000000001","3.8775000000000004","5.512500000000001","silent"
"5.388503937007875","3.937637795275591","5.461574803149606","medium"
"5.241415094339623","3.9224528301886794","5.282830188679245","medium"
"5.757444444444445","3.9474444444444443","5.511222222222223","silent"
"5.95","4.125675675675675","5.910810810810811","silent"
"5.915839416058394","3.8851094890510947","5.6220437956204385","medium"
"5.882857142857143","4.187142857142857","6.0","silent"
"5.45","3.5999999999999996","5.54","silent"
"5.668627450980392","3.7074509803921565","5.5792156862745115","silent"
"5.52320930232558","3.8326976744186045","5.379023255813955","silent"
"5.354545454545454","4.351818181818182","5.345454545454545","silent"
"5.616143497757848","3.925695067264573","5.518609865470853","silent"
"5.755918367346939","3.879795918367347","5.522244897959184","silent"
"5.273214285714286","4.184464285714285","5.343392857142858","silent"
"6.057727272727272","3.619090909090909","5.755454545454546","silent"
"5.724910485933504","4.058005115089514","5.574066496163683","silent"
"5.467678571428571","3.9629166666666666","5.3983333333333325","medium"
"4.215263157894737","4.012105263157895","4.932631578947369","loud"
"5.70875","3.896607142857143","5.631785714285714","silent"
"5.757948717948718","3.8971794871794874","5.864871794871795","silent"
"5.973571428571428","3.957857142857143","5.585714285714286","silent"
"5.54566265060241","3.9098795180722887","5.508313253012048","silent"
"5.77327731092437","4.102226890756302","5.518865546218487","silent"
"5.6091304347826085","4.025217391304348","5.499130434782609","silent"
"5.713116883116883","4.054805194805197","5.507142857142857","silent"
"6.038775510204081","4.068979591836734","5.777346938775511","silent"
"5.350200000000001","4.138","5.424200000000001","silent"
"5.606896551724137","3.861724137931034","5.485517241379311","silent"
"5.4236","4.5388","5.4408","silent"
"5.663243243243243","4.1324324324324335","5.671621621621622","medium"
"5.796666666666666","3.3888888888888893","5.694444444444445","medium"
"5.450909090909092","4.4790909090909095","5.294545454545454","silent"
"5.41625","4.425","5.491875","medium"
"6.23","3.5","6.455","silent"
"5.727627118644067","4.142542372881357","5.609830508474577","silent"
"6.27375","3.83125","5.785","silent"
"5.630999999999999","3.8166666666666655","5.3389999999999995","silent"
"5.241428571428573","4.557142857142857","5.294761904761906","silent"
"6.0600000000000005","3.78625","5.819375","silent"
"5.862985074626866","4.034925373134329","5.61134328358209","silent"
"6.115263157894737","4.142280701754387","5.851929824561404","silent"
"5.417959183673468","4.131836734693878","5.253061224489795","silent"
"5.6848","3.6971999999999996","5.421600000000001","medium"
"5.336500000000001","3.7585","5.3950000000000005","silent"
"5.94076923076923","3.9832692307692312","5.619615384615385","silent"
"5.841428571428571","4.112857142857143","5.77","silent"
"5.890499999999999","3.8885833333333335","5.775583333333334","silent"
"5.783157894736842","3.6747368421052626","5.80842105263158","silent"
"5.866","3.69","5.614","silent"
"5.673333333333334","3.9374074074074077","5.403703703703704","silent"
"4.566666666666667","4.66","4.376666666666666","silent"
"5.770909090909091","4.143636363636363","5.570909090909091","silent"
"3.975","4.34","4.35","silent"
"5.19","3.9350000000000005","5.120000000000001","silent"
"4.7128571428571435","4.44","5.059285714285713","loud"
"5.696470588235294","3.8394117647058823","5.111764705882353","silent"
"5.484444444444445","3.7600000000000002","5.604444444444445","silent"
"4.726","4.338000000000001","4.766","silent"
"5.435","3.8924999999999996","5.9025","silent"
"5.390000000000001","3.7566666666666664","5.826666666666667","silent"
"5.297499999999999","3.40375","4.965","silent"
"6.2299999999999995","3.8033333333333332","5.256666666666667","silent"
"5.52","3.32","4.65","silent"
"4.933333333333334","3.103333333333333","5.06","silent"
"5.228","3.4859999999999993","5.182","silent"
"5.235","3.845","4.923","silent"
"6.182857142857143","4.36","5.102857142857142","medium"
"5.180000000000001","4.419473684210527","5.253684210526315","medium"
"5.627380952380952","3.880952380952381","5.6552380952380945","medium"
"4.818666666666667","4.622666666666668","5.145333333333334","silent"
"5.2124999999999995","4.593333333333333","5.401666666666666","medium"
"5.13","4.205","5.275","silent"
"5.698000000000001","3.948666666666667","5.408666666666667","silent"
"5.792222222222223","3.92","5.544444444444444","silent"
"4.945333333333334","4.197333333333334","4.965999999999999","silent"
"3.855","4.16","4.96","silent"
"5.215714285714285","4.1899999999999995","5.53","silent"
"5.09","3.685","4.755","silent"
"5.738888888888889","4.09","5.64","silent"
"5.1499999999999995","3.5171428571428573","5.028571428571428","silent"
"5.4592307692307696","4.060769230769231","5.511538461538461","silent"
"5.367241379310346","4.190689655172414","5.532758620689654","medium"
"5.3500000000000005","3.8481818181818186","5.377272727272727","silent"
"4.72111111111111","4.154444444444445","4.726666666666667","silent"
"5.465095541401274","4.253885350318471","5.42859872611465","silent"
"6.2620000000000005","4.372","5.622","silent"
"5.379411764705883","4.187647058823529","5.329411764705883","silent"
"5.63611111111111","4.352777777777778","6.0088888888888885","medium"
"5.768720930232559","4.227325581395348","5.4638372093023255","silent"
"5.319886363636363","4.069090909090909","5.442954545454546","silent"
"5.337","3.72675","5.57775","silent"
"6.030666666666665","3.788333333333334","5.806666666666666","silent"
"5.57975","3.9685","5.3475","silent"
"5.3136363636363635","3.93","5.470909090909092","silent"
"5.614999999999999","3.5833333333333335","5.699999999999999","silent"
"5.088235294117647","3.8694117647058826","5.344117647058823","silent"
"5.485714285714286","4.648571428571429","5.4","silent"
"5.421818181818182","4.033181818181818","5.492272727272726","silent"
"4.9044","4.172","5.1912","medium"
"4.6899999999999995","4.237333333333333","4.922666666666667","silent"
"6.390000000000001","3.9333333333333336","6.163333333333334","silent"
"5.464545454545455","4.149090909090909","5.277727272727273","medium"
"5.253333333333333","4.51","5.17","loudest"
"4.932142857142858","4.256428571428572","5.42","medium"
"5.145263157894737","4.373157894736843","5.337684210526315","medium"
"5.2855","4.2755","5.411499999999999","silent"
"6.091428571428572","3.91","5.791428571428571","silent"
"5.300701754385964","4.312105263157894","5.32877192982456","loud"
"5.338227848101266","4.2087974683544305","5.381012658227848","loud"
"5.624","3.7300000000000004","5.522","silent"
"6.092222222222222","3.6083333333333334","5.899444444444445","silent"
"5.356923076923077","3.6761538461538468","5.112307692307693","silent"
"4.998888888888889","4.012222222222222","5.45","silent"
"5.169692307692308","4.085692307692308","5.135999999999999","silent"
"5.430833333333333","4.0758333333333345","5.5200000000000005","silent"
"5.663684210526315","4.45578947368421","5.437105263157895","medium"
"5.072857142857143","3.98","5.344285714285713","silent"
"5.266164383561644","4.45013698630137","5.514794520547945","medium"
"4.931666666666667","5.255","5.296666666666666","silent"
"5.436666666666666","4.156666666666668","5.194761904761906","silent"
"5.173166666666668","4.2315","5.2541666666666655","medium"
"5.290000000000001","4.222142857142857","5.593571428571429","silent"
"5.368888888888888","4.423333333333334","5.696666666666666","silent"
"5.389","3.907000000000001","5.702","silent"
"5.4799999999999995","4.378","5.0920000000000005","silent"
"5.404","3.784","5.175999999999999","medium"
"5.633333333333332","3.778666666666667","5.597333333333335","silent"
"5.3149999999999995","4.8025","5.432499999999999","silent"
"5.368888888888888","3.927777777777778","5.348888888888889","silent"
"6.113333333333333","4.26","6.338333333333334","silent"
"5.583333333333333","4.382666666666667","5.816","silent"
"5.775714285714285","4.501428571428571","5.577142857142857","silent"
"5.5825","3.6275","5.42","silent"
"4.955","4.6739999999999995","5.673","loud"
"4.12","4.202727272727272","4.657272727272727","loudest"
"5.936666666666666","3.9493589743589745","5.647179487179487","silent"
