"Scene Start","Scene End","Valence","Arousal","Dominance","Audio Level"
"40.0","112.0","5.507142857142857","6.27","5.336785714285716","medium"
"112.0","129.0","4.977857142857142","5.6","5.3621428571428575","medium"
"130.0","148.0","5.881363636363636","7.14","5.654090909090909","medium"
"148.0","163.0","5.287272727272727","7.14","5.453636363636364","silent"
"164.0","186.0","5.714857142857143","6.38","5.700285714285715","medium"
"186.0","660.0","5.174498777506113","7.3","5.238410757946211","loud"
"661.0","684.0","5.65090909090909","5.5","5.416969696969697","silent"
"685.0","751.0","5.445764705882353","5.9","5.404000000000001","silent"
"752.0","915.0","5.114475138121547","7.45","5.277900552486187","medium"
"915.0","991.0","5.272499999999999","6.27","5.334","medium"
"992.0","1017.0","4.615","4.52","5.0725","medium"
"1018.0","1024.0","5.378461538461538","5.74","5.398461538461539","medium"
"1025.0","1034.0","5.375","4.64","5.2475000000000005","medium"
"1035.0","1044.0","4.906428571428571","4.52","5.234999999999999","silent"
"1045.0","1058.0","5.3277777777777775","5.79","5.605555555555556","silent"
"1059.0","1169.0","5.036861313868613","7.05","5.304963503649635","silent"
"1170.0","1368.0","5.305934065934066","7.05","5.300769230769231","silent"
"1369.0","1402.0","5.427631578947368","6.91","5.423684210526316","silent"
"1403.0","1424.0","5.4575471698113205","5.3","5.515094339622642","silent"
"1424.0","1530.0","5.6053125","5.32","5.2993749999999995","silent"
"1530.0","1622.0","4.927627118644068","6.3","5.256271186440678","medium"
"1623.0","1647.0","5.340471698113209","6.63","5.282452830188679","silent"
"1648.0","1864.0","5.34120253164557","7.74","5.387215189873418","medium"
"1865.0","1984.0","5.5287500000000005","6.2","5.4506250000000005","medium"
"1985.0","1999.0","5.832","4.52","6.023999999999999","medium"
"2000.0","2014.0","5.236666666666667","4.52","5.55","silent"
"2015.0","2044.0","6.042","4.65","5.346","silent"
"2045.0","2066.0","5.735714285714287","5.57","5.5304761904761905","silent"
"2067.0","2101.0","5.581250000000001","5.43","5.3950000000000005","silent"
"2102.0","2279.0","5.330488888888889","7.74","5.382844444444444","medium"
"2280.0","2358.0","5.185625","7.14","5.228020833333334","medium"
"2360.0","2365.0","6.272857142857143","5.08","5.45857142857143","silent"
"2425.0","2429.0","5.482142857142857","6.14","5.667142857142857","silent"
"2430.0","2496.0","5.4205","6.55","5.464499999999999","silent"
"2436.0","2440.0","4.656666666666666","6.14","5.020833333333333","silent"
"2497.0","2506.0","5.249230769230769","6.55","5.397692307692308","silent"
"2507.0","2539.0","5.4351666666666665","6.8","5.327166666666667","medium"
"2540.0","2557.0","5.316818181818181","5.05","5.218636363636363","medium"
"2558.0","2629.0","5.065294117647059","6.81","5.103333333333333","medium"
"2630.0","2644.0","5.368333333333332","5.1","4.88","silent"
"2645.0","2864.0","5.348510638297872","5.95","5.2417021276595746","medium"
"2681.0","2850.0","5.70763440860215","6.3","5.388709677419355","medium"
"2865.0","2882.0","5.660697674418604","6.14","5.492093023255814","silent"
"2883.0","2909.0","5.637142857142857","5.14","5.752857142857143","silent"
"2910.0","3429.0","5.384748201438849","6.67","5.378381294964029","loud"
"3285.0","3319.0","5.3118965517241366","6.62","5.290344827586208","loud"
"3320.0","3324.0","3.17","6.35","3.62","loud"
"3325.0","3329.0","4.135","6.35","4.755","loud"
"3330.0","3429.0","5.00948275862069","6.43","5.171724137931034","loud"
"3429.0","3689.0","5.001228070175438","7.74","5.163684210526316","silent"
"3490.0","3610.0","5.457669902912621","6.9","5.591456310679614","silent"
"3610.0","3690.0","5.545428571428571","6.74","5.490285714285714","silent"
"3690.0","3751.0","5.711034482758619","6.86","5.552413793103448","silent"
"3785.0","3935.0","5.607439024390245","7.11","5.480792682926829","loud"
"3936.0","4085.0","5.408244274809159","6.9","5.334351145038168","medium"
"4137.0","4140.0","5.463181818181819","6.9","5.223181818181818","silent"
"4141.0","4360.0","5.592943722943722","6.76","5.376796536796537","medium"
"4365.0","4430.0","5.416195652173912","5.88","5.469782608695653","silent"
"4495.0","4820.0","5.331420118343195","7.45","5.459585798816568","medium"
"4824.0","4957.0","5.506887417218543","6.6","5.4394701986754965","silent"
"5100.0","5236.0","5.435277777777778","6.33","5.4309722222222225","silent"
"5238.0","5274.0","5.478684210526317","6.29","5.426973684210526","silent"
"5280.0","5298.0","5.354736842105263","5.17","5.2494736842105265","silent"
"5310.0","5580.0","5.338874172185431","6.33","5.311523178807948","medium"
"5585.0","5598.0","5.555789473684209","5.43","5.336842105263158","silent"
"5600.0","5673.0","5.324719999999999","6.57","5.37392","medium"
"5675.0","5810.0","5.207401574803149","6.81","5.347086614173229","silent"
"5983.0","6010.0","4.539615384615385","5.71","4.954999999999999","medium"
"6033.0","6093.0","5.336944444444445","6.27","5.497499999999999","silent"
"6148.0","6210.0","5.440526315789472","6.25","5.186052631578948","loud"
"6390.0","6770.0","5.1704390243902445","7.79","5.264414634146341","loud"
"6780.0","6810.0","5.49578947368421","6.27","5.418157894736844","silent"
"6811.0","6840.0","6.167692307692307","6.05","5.6657692307692304","silent"
"155.0","198.0","5.405396825396825","6.74","5.335238095238095","loud"
"199.0","206.0","5.1063636363636355","5.29","5.491818181818181","silent"
"207.0","270.0","4.876923076923078","6.75","5.124358974358975","loud"
"274.0","292.0","5.2124999999999995","6.4","5.246785714285714","silent"
"293.0","294.0","6.078","4.6","5.818","silent"
"297.0","332.0","5.7007142857142865","5.71","5.411666666666666","silent"
"341.0","372.0","4.911111111111111","6.62","5.226444444444445","silent"
"373.0","394.0","5.482424242424242","6.14","5.336363636363636","medium"
"395.0","422.0","5.2374418604651165","6.43","5.225581395348837","medium"
"427.0","432.0","5.105833333333334","6.27","5.090833333333333","silent"
"433.0","441.0","5.656153846153846","5.61","5.4338461538461535","silent"
"449.0","528.0","5.20247619047619","6.9","5.343904761904762","silent"
"529.0","534.0","5.463333333333334","4.67","5.353333333333333","medium"
"535.0","628.0","5.512278481012659","6.0","5.283291139240506","silent"
"629.0","680.0","5.074242424242424","5.94","5.131212121212121","silent"
"681.0","775.0","5.332676056338029","5.75","5.097042253521128","silent"
"776.0","836.0","5.620666666666667","5.35","5.430999999999999","silent"
"840.0","885.0","5.020500000000001","5.04","5.297499999999999","silent"
"887.0","900.0","5.3752941176470594","5.2","5.388823529411764","silent"
"901.0","909.0","5.741666666666666","5.05","5.193333333333333","silent"
"910.0","940.0","5.431578947368422","4.95","5.265263157894736","silent"
"941.0","950.0","6.336666666666666","4.14","5.54","silent"
"941.0","991.0","5.220588235294117","6.0","5.414411764705882","silent"
"993.0","1177.0","5.548082901554405","6.05","5.443626943005181","silent"
"1180.0","1412.0","5.737147540983607","6.8","5.610622950819672","silent"
"1413.0","1532.0","5.851297709923664","5.93","5.606946564885496","silent"
"1533.0","1568.0","5.30125","5.1","5.22875","medium"
"1570.0","1594.0","5.343333333333334","6.0","5.245416666666667","silent"
"1595.0","1630.0","5.601333333333333","6.81","5.320666666666668","silent"
"1634.0","1647.0","6.045454545454546","4.95","5.631818181818182","silent"
"1648.0","1664.0","5.8643478260869575","6.26","5.495217391304348","silent"
"1665.0","1673.0","5.227837837837837","5.48","5.517567567567568","silent"
"1674.0","1681.0","5.272105263157895","7.74","5.398157894736843","silent"
"1682.0","1692.0","5.62875","5.9","5.074999999999999","medium"
"1693.0","1724.0","5.6000000000000005","6.14","5.496379310344828","silent"
"1750.0","1924.0","5.630952380952381","6.9","5.366380952380951","medium"
"1925.0","1953.0","5.688510638297872","5.4","5.45127659574468","silent"
"1954.0","2212.0","5.583802816901408","7.05","5.492394366197183","silent"
"2213.0","2220.0","4.203333333333333","6.25","4.645","medium"
"2221.0","2344.0","5.141490683229813","7.05","5.394534161490683","medium"
"2346.0","2404.0","5.3792307692307695","6.81","5.280512820512822","silent"
"2405.0","2410.0","3.0","4.4","3.8950000000000005","medium"
"2411.0","2453.0","5.661111111111111","6.26","5.407222222222222","medium"
"2455.0","2459.0","4.858","5.53","5.1240000000000006","medium"
"2460.0","2501.0","5.340238095238096","6.14","5.446190476190476","medium"
"2502.0","2546.0","5.835294117647059","5.35","5.524705882352941","silent"
"2547.0","2567.0","4.8568181818181815","5.63","5.222272727272728","silent"
"2600.0","2639.0","5.638285714285714","6.05","5.559428571428572","medium"
"2648.0","2689.0","5.485813953488372","6.15","5.575581395348837","silent"
"2690.0","2853.0","5.284562211981567","6.9","5.336958525345621","medium"
"2855.0","2860.0","6.020833333333333","5.02","5.546666666666667","silent"
"2861.0","2992.0","5.742434782608695","6.9","5.543130434782609","silent"
"2993.0","2997.0","5.555","4.35","5.7325","silent"
"2998.0","3072.0","5.349746835443038","7.74","5.31126582278481","medium"
"3073.0","3077.0","5.035","5.53","5.109999999999999","medium"
"3078.0","3101.0","5.62054054054054","6.8","5.692432432432433","medium"
"3103.0","3135.0","5.329047619047619","6.9","5.555476190476191","silent"
"3139.0","3160.0","5.335294117647059","6.9","5.326470588235293","silent"
"3161.0","3251.0","5.671636363636362","7.05","5.531272727272727","silent"
"3252.0","3271.0","5.665454545454545","5.62","5.198181818181818","silent"
"3273.0","3295.0","5.570454545454545","6.8","5.471818181818181","silent"
"3297.0","3299.0","6.165","5.6","5.925","silent"
"3300.0","3302.0","5.332","5.0","5.254","silent"
"3303.0","3316.0","5.596363636363637","6.55","5.62","silent"
"3305.0","3371.0","5.604285714285714","5.0","5.312857142857142","loud"
"3317.0","3328.0","5.463461538461538","6.05","5.4253846153846155","loud"
"3329.0","3336.0","5.571666666666666","6.26","5.19","silent"
"3337.0","3343.0","5.607692307692308","6.85","5.533846153846154","loud"
"3344.0","3304.0","6.0009999999999994","6.8","5.767999999999999","silent"
"3372.0","3383.0","5.955172413793103","6.0","5.72","loud"
"3385.0","3389.0","4.41","6.05","4.68","loud"
"3390.0","3419.0","5.92061224489796","6.8","5.620816326530611","medium"
"3420.0","3425.0","4.68","5.53","4.62","silent"
"3426.0","3533.0","5.563793103448277","6.38","5.628189655172414","loud"
"3534.0","3552.0","5.456923076923076","5.9","5.54576923076923","loud"
"3553.0","3763.0","5.697842323651452","6.67","5.547344398340249","silent"
"3764.0","3790.0","4.904444444444445","5.67","5.011111111111111","medium"
"3794.0","3836.0","5.308552631578949","6.85","5.380921052631579","medium"
"3839.0","3846.0","5.680000000000001","5.62","5.751538461538463","medium"
"3851.0","3860.0","5.2585","5.3","5.3715","medium"
"3863.0","3920.0","5.783833333333334","6.33","5.610333333333333","medium"
"3922.0","3930.0","5.356315789473684","6.25","5.233684210526316","silent"
"3931.0","3944.0","5.34625","5.09","5.3375","silent"
"3945.0","3954.0","5.509999999999999","5.53","5.389285714285713","silent"
"3955.0","3960.0","5.344545454545455","6.05","5.56","silent"
"3961.0","3975.0","5.741333333333333","5.42","5.570666666666667","silent"
"3976.0","4018.0","5.607173913043479","6.3","5.56586956521739","silent"
"4019.0","4059.0","5.187647058823529","5.65","5.135294117647059","silent"
"4060.0","4102.0","5.802692307692307","6.91","5.4946153846153845","medium"
"4103.0","4352.0","5.577014388489209","6.81","5.643129496402878","loud"
"4209.0","4936.0","5.192239999999999","7.74","5.4288799999999995","silent"
"4353.0","4412.0","5.6975","5.74","5.588571428571428","silent"
"4413.0","4434.0","5.463478260869565","5.38","5.2299999999999995","silent"
"4435.0","4445.0","5.660625","5.1","5.92","loud"
"4446.0","4556.0","5.3015384615384615","6.85","5.3112087912087915","silent"
"4557.0","4582.0","5.860909090909092","6.36","5.6022727272727275","silent"
"4583.0","4629.0","5.203555555555555","6.43","5.169111111111111","loud"
"4634.0","4673.0","5.3248","6.6","5.3126","silent"
"4675.0","4686.0","5.592","4.76","5.4445","medium"
"4687.0","4748.0","5.559558823529411","7.74","5.541764705882351","silent"
"4937.0","4986.0","5.438095238095237","6.35","5.482380952380953","medium"
"4987.0","5009.0","5.183636363636363","5.1","5.385454545454545","silent"
"5010.0","5018.0","5.398125","5.62","5.260624999999999","medium"
"5019.0","5029.0","5.55","6.1","5.4380000000000015","silent"
"5030.0","5041.0","6.473999999999999","5.2","6.096","silent"
"5042.0","5047.0","5.102","5.0","5.256","silent"
"5048.0","5053.0","5.856","4.33","5.49","silent"
"5060.0","5065.0","4.906000000000001","4.57","5.598000000000001","silent"
"5066.0","5071.0","4.095","4.57","5.1425","medium"
"5072.0","5089.0","4.832941176470588","6.35","5.317647058823529","silent"
"5090.0","5096.0","5.877222222222223","6.62","5.663333333333333","silent"
"5101.0","5143.0","5.579259259259259","5.35","5.267407407407408","medium"
"5145.0","5123.0","5.372702702702703","5.93","5.447567567567568","medium"
"5221.0","5254.0","5.684583333333332","6.57","5.574166666666667","medium"
"5255.0","5263.0","5.02","7.05","4.957727272727272","medium"
"5264.0","5270.0","5.7653333333333325","6.09","5.486666666666666","medium"
"5271.0","5276.0","5.081250000000001","6.55","5.36125","silent"
"5277.0","5358.0","5.232320000000001","7.74","5.224000000000001","silent"
"5364.0","5372.0","5.010714285714286","6.55","5.499285714285714","medium"
"5373.0","5381.0","5.82375","5.0","6.0275","medium"
"5382.0","5395.0","5.506923076923076","5.24","5.259615384615383","silent"
"5396.0","5489.0","5.39068493150685","6.75","5.435342465753425","silent"
"5490.0","5504.0","5.766800000000001","6.08","5.636800000000001","silent"
"5505.0","5521.0","5.4","6.75","5.452727272727272","medium"
"5522.0","5527.0","5.413333333333333","6.55","5.435","silent"
"5528.0","5577.0","5.249375000000001","6.91","5.368625","medium"
"5578.0","5587.0","5.5052631578947375","5.48","5.494736842105263","silent"
"5605.0","5617.0","5.3","5.2","5.7","medium"
"5618.0","5623.0","4.681428571428571","5.3","5.162857142857142","silent"
"5628.0","5642.0","6.134999999999999","5.42","5.683333333333334","silent"
"5643.0","5644.0","4.592499999999999","7.05","4.944999999999999","silent"
"5645.0","5647.0","5.53","4.9","5.61","silent"
"5648.0","5650.0","5.70888888888889","5.35","5.644444444444444","silent"
"5651.0","5660.0","5.638571428571429","6.0","5.282857142857142","silent"
"5664.0","5665.0","6.023333333333333","6.8","5.591666666666666","silent"
"5667.0","5669.0","5.713333333333332","5.35","6.036666666666666","loud"
"5670.0","5674.0","4.373333333333334","5.3","4.653333333333333","medium"
"5676.0","5740.0","5.699999999999999","3.33","4.93","medium"
"5697.0","5700.0","5.047499999999999","6.05","4.8575","medium"
"5701.0","5712.0","5.073333333333333","6.33","5.1795238095238085","loud"
"5720.0","5727.0","5.00625","5.64","5.65625","loud"
"5729.0","5735.0","5.6905882352941175","6.65","5.676470588235294","medium"
"5745.0","5750.0","5.715263157894737","5.35","5.856842105263158","loud"
"5751.0","5755.0","4.331111111111111","6.65","4.677777777777778","silent"
"5763.0","5775.0","5.5112499999999995","7.27","5.57625","medium"
"5776.0","5780.0","5.664444444444445","4.42","5.874444444444444","silent"
"5783.0","5799.0","5.575882352941176","6.43","5.5200000000000005","medium"
"5800.0","5886.0","5.931973684210526","6.86","5.653552631578947","loud"
"5891.0","5902.0","5.491428571428571","4.6","5.381428571428572","loud"
"5903.0","5906.0","5.1899999999999995","4.06","4.79","silent"
"5906.0","5910.0","5.381","7.74","5.543","silent"
"5911.0","5916.0","5.664999999999999","6.4","5.251875","silent"
"5920.0","5950.0","5.46578947368421","7.05","5.527105263157894","silent"
"5962.0","5970.0","5.9325","5.29","5.836666666666667","silent"
"5977.0","6060.0","5.3673451327433614","6.8","5.456637168141592","silent"
"6065.0","6083.0","5.677142857142856","5.74","5.753928571428572","silent"
"6085.0","6093.0","5.748076923076922","6.55","5.627051282051282","silent"
"6163.0","6302.0","5.8244375","6.25","5.7186875","silent"
"6303.0","6307.0","5.106086956521739","6.62","5.0578260869565215","medium"
"6308.0","6320.0","5.354814814814815","6.27","5.452222222222223","medium"
"6321.0","6330.0","5.576923076923077","5.57","5.176923076923076","silent"
"6331.0","6333.0","5.295714285714287","7.74","5.6257142857142854","silent"
"6333.0","6335.0","5.322500000000001","5.29","5.19","silent"
"6334.0","6336.0","5.234444444444445","6.09","5.583333333333333","silent"
"6337.0","6339.0","5.332000000000001","5.02","5.378","silent"
"6339.0","6341.0","5.984999999999999","5.02","5.125","silent"
"6342.0","6344.0","5.422","5.02","5.390000000000001","silent"
"6344.0","6346.0","5.432","5.3","5.668","silent"
"6347.0","6349.0","4.04","7.05","4.073333333333333","silent"
"6349.0","6351.0","5.205","5.53","4.745","silent"
"6352.0","6354.0","5.756666666666667","4.1","5.426666666666667","medium"
"6354.0","6356.0","6.05","4.86","5.67","medium"
"6357.0","6359.0","5.390000000000001","5.53","5.38","silent"
"6359.0","6361.0","5.575","4.1","5.405","medium"
"6362.0","6364.0","5.536363636363637","5.53","5.377727272727273","loud"
"6364.0","6366.0","5.573846153846153","6.05","5.328461538461538","silent"
"6367.0","6369.0","4.9366666666666665","7.05","5.373333333333334","silent"
"6369.0","6371.0","5.59047619047619","6.05","5.0980952380952385","silent"
"6372.0","6374.0","5.964","6.35","5.781000000000001","silent"
"6374.0","6376.0","5.335","6.05","5.3481250000000005","medium"
"6377.0","6379.0","5.4525","5.53","5.121666666666667","medium"
"6379.0","6381.0","5.149166666666667","7.74","5.199166666666667","medium"
"6382.0","6384.0","5.217692307692308","5.79","5.357692307692308","medium"
"6384.0","6386.0","5.088","6.27","5.061999999999999","medium"
"6387.0","6389.0","4.993333333333333","5.53","4.8","silent"
"6389.0","6391.0","4.64","5.41","5.513333333333333","medium"
"6392.0","6394.0","4.468","5.53","4.970000000000001","medium"
"6394.0","6396.0","4.2425","7.05","4.7","silent"
"6397.0","6399.0","4.8536363636363635","7.05","5.0209090909090905","medium"
"6399.0","6401.0","4.54","6.35","4.6537500000000005","medium"
"6402.0","6404.0","5.189","6.35","5.164","medium"
"6404.0","6406.0","4.925","6.13","5.015000000000001","medium"
"6407.0","6409.0","7.32","5.0","7.16","medium"
"6409.0","6411.0","5.563333333333333","4.9","5.351666666666667","medium"
"6412.0","6414.0","4.992","5.53","5.154","silent"
"6414.0","6427.0","5.119047619047619","6.31","5.139047619047619","medium"
"6416.0","6429.0","5.226521739130436","6.27","5.386521739130434","medium"
"6419.0","6432.0","5.545714285714285","5.02","5.24","silent"
"6430.0","6436.0","5.322500000000001","7.05","5.400833333333334","medium"
"6432.0","6438.0","5.32","4.25","5.0825","medium"
"6435.0","6441.0","5.1045454545454545","6.6","4.710909090909092","medium"
"6437.0","6443.0","5.731538461538462","5.8","5.426923076923078","medium"
"6440.0","6446.0","5.251666666666666","5.53","5.026666666666666","medium"
"6442.0","6448.0","4.615555555555556","6.55","4.9366666666666665","silent"
"6445.0","6451.0","4.883333333333334","7.74","4.808888888888889","medium"
"6447.0","6453.0","5.400999999999999","5.5","5.3100000000000005","silent"
"6472.0","6478.0","5.691333333333334","5.42","5.319333333333334","silent"
"6474.0","6480.0","5.20875","5.05","5.44125","medium"
"6477.0","6483.0","5.675294117647058","5.53","5.474117647058824","medium"
"6479.0","6485.0","5.092631578947369","6.67","5.092631578947369","medium"
"6482.0","6488.0","5.18625","5.43","5.26125","medium"
"6484.0","6490.0","5.9366666666666665","3.9","6.036666666666666","medium"
"6487.0","6493.0","5.558571428571428","5.3","5.361428571428571","silent"
"6489.0","6495.0","5.169999999999999","5.2","5.759999999999999","silent"
"6492.0","6498.0","4.866363636363636","5.53","5.085454545454545","medium"
"6494.0","6500.0","5.188","4.86","5.694","medium"
"6497.0","6503.0","5.658571428571428","5.3","5.581428571428572","medium"
"6499.0","6505.0","5.014285714285713","5.53","5.184285714285715","medium"
"6502.0","6508.0","4.859999999999999","6.48","4.9675","loud"
"6504.0","6510.0","4.88","5.53","5.108888888888889","loud"
"6507.0","6513.0","5.489444444444445","5.42","5.528333333333333","loud"
"6509.0","6515.0","5.17","5.3","5.9725","medium"
"6512.0","6518.0","5.258333333333334","5.53","5.305000000000001","silent"
"6514.0","6520.0","5.760000000000001","5.6","5.9433333333333325","silent"
"6517.0","6523.0","5.3311111111111105","6.05","5.6755555555555555","silent"
"6519.0","6525.0","4.715","5.48","5.04","silent"
"6522.0","6528.0","5.338181818181817","5.0","5.408181818181818","medium"
"6524.0","6530.0","5.296666666666666","5.02","5.493333333333333","medium"
"6527.0","6533.0","5.172142857142858","6.27","5.235","medium"
"6529.0","6535.0","5.0","5.53","5.3933333333333335","medium"
"6532.0","6538.0","5.174444444444444","5.67","5.231111111111112","silent"
"6534.0","6540.0","4.7","5.53","4.760000000000001","silent"
"6537.0","6543.0","5.71","4.86","5.6850000000000005","silent"
"6539.0","6545.0","5.4125","5.3","5.305","silent"
"6542.0","6548.0","4.74","3.24","5.04","silent"
"6544.0","6550.0","4.595000000000001","4.5","4.745","silent"
"6547.0","6553.0","5.23","5.6","5.776666666666667","silent"
"6549.0","6555.0","5.703333333333333","5.3","5.65","silent"
"6552.0","6558.0","6.366666666666667","4.42","5.8","silent"
"6554.0","6560.0","5.247857142857143","6.27","5.534285714285715","loud"
"6557.0","6563.0","5.603","7.05","5.202","loud"
"6559.0","6565.0","5.611428571428571","6.35","5.112857142857144","loud"
"6562.0","6568.0","5.63375","6.35","5.35375","silent"
"6564.0","6570.0","5.303333333333333","5.53","5.192222222222223","silent"
"6567.0","6573.0","4.937777777777778","7.05","5.105555555555555","medium"
"6569.0","6575.0","5.275","4.92","5.706666666666666","silent"
"6574.0","6580.0","5.480714285714285","6.35","5.195714285714284","medium"
"6577.0","6583.0","5.179090909090909","6.35","5.239090909090908","medium"
"6579.0","6585.0","5.557272727272727","6.35","5.620909090909091","medium"
"6582.0","6588.0","5.045555555555556","5.53","5.081111111111111","medium"
"6584.0","6590.0","4.776","7.74","5.066000000000001","silent"
"6587.0","6593.0","6.192500000000001","6.35","6.074999999999999","loud"
"6589.0","6595.0","5.6052380952380965","5.53","5.7004761904761905","loud"
"6592.0","6598.0","5.63","5.68","5.348","loud"
"6594.0","6600.0","6.077","6.35","6.066","medium"
"6597.0","6603.0","5.510454545454546","6.6","5.486363636363636","silent"
"6599.0","6605.0","5.489999999999999","6.35","5.371666666666667","medium"
"6602.0","6608.0","5.63","3.38","5.1000000000000005","medium"
"6604.0","6610.0","5.417272727272727","5.53","5.2272727272727275","medium"
"6607.0","6613.0","5.248571428571429","5.68","5.482857142857142","silent"
"6609.0","6615.0","5.266666666666667","5.68","5.153333333333333","silent"
"6612.0","6618.0","5.820000000000001","6.35","5.8342857142857145","silent"
"6614.0","6620.0","6.2425","6.35","5.505","silent"
"6617.0","6623.0","6.162","6.35","5.27","silent"
"6619.0","6625.0","6.14","6.35","5.55","silent"
"6622.0","6628.0","5.242","5.2","5.004","silent"
"6624.0","6630.0","6.05","6.35","5.993333333333333","silent"
"6627.0","6633.0","6.057777777777778","6.35","5.861111111111111","silent"
"6629.0","6635.0","5.396666666666666","5.53","5.355","silent"
"6632.0","6638.0","6.067500000000001","5.6","6.432500000000001","silent"
"6634.0","6640.0","5.0","4.0","6.0","medium"
"6637.0","6643.0","5.546666666666667","6.05","5.8933333333333335","medium"
"6639.0","6645.0","5.85","6.35","5.7219999999999995","medium"
"6642.0","6648.0","5.965","6.35","5.5625","medium"
"6644.0","6650.0","5.8525","6.35","5.585","medium"
"6647.0","6653.0","4.510000000000001","6.19","4.998333333333334","medium"
"6649.0","6655.0","5.966666666666666","6.35","5.373333333333332","medium"
"6654.0","6660.0","5.378333333333334","6.35","5.188888888888889","medium"
"6657.0","6663.0","3.83","6.62","4.475","silent"
"6666.0","6684.0","5.238064516129033","7.05","5.299677419354839","silent"
"6668.0","6686.0","5.878333333333334","5.02","5.431666666666666","silent"
"6671.0","6689.0","5.678461538461538","5.1","5.6146153846153855","silent"
"6673.0","6691.0","5.852222222222222","5.24","5.582222222222222","silent"
"6676.0","6694.0","5.652142857142856","5.24","5.525714285714286","silent"
"6678.0","6696.0","5.304285714285714","5.53","5.068571428571429","silent"
"6681.0","6699.0","5.53","4.9","5.61","silent"
"6683.0","6701.0","5.3309999999999995","5.53","5.151000000000001","medium"
"6686.0","6704.0","5.672499999999999","5.02","5.805","medium"
"6688.0","6706.0","5.21","5.53","5.194285714285714","medium"
"6691.0","6709.0","5.117500000000001","5.29","5.14","medium"
"6693.0","6711.0","4.765","5.91","5.365","loud"
"6696.0","6714.0","5.736666666666667","5.02","5.41","loud"
"6698.0","6716.0","4.7700000000000005","5.53","4.878","loud"
"6701.0","6719.0","6.343333333333334","4.43","5.94","loud"
"6703.0","6721.0","4.71","3.84","4.11","loud"
"6706.0","6724.0","5.349999999999999","5.53","5.294","loud"
"6708.0","6726.0","4.96","5.53","5.018","loud"
"6711.0","6729.0","5.40625","5.02","5.4825","medium"
"6713.0","6731.0","5.500833333333333","6.4","5.154166666666668","medium"
"6716.0","6734.0","5.8759999999999994","5.02","5.792","medium"
"6718.0","6736.0","5.14","5.53","5.1160000000000005","medium"
"6721.0","6739.0","5.73","5.35","5.982222222222223","medium"
"6723.0","6741.0","4.9350000000000005","4.76","5.675","medium"
"6726.0","6744.0","5.181428571428571","5.53","5.0200000000000005","medium"
"6728.0","6746.0","5.7219999999999995","5.35","5.574","medium"
"6731.0","6749.0","5.145","5.68","5.37","medium"
"6733.0","6751.0","5.6838461538461535","5.09","5.586923076923076","medium"
"6736.0","6754.0","4.894","5.48","5.494000000000001","medium"
"6738.0","6756.0","5.16625","5.3","5.3525","medium"
"6741.0","6759.0","5.8999999999999995","5.02","5.816666666666666","medium"
"6743.0","6761.0","5.626666666666666","5.02","5.223333333333334","medium"
"6746.0","6764.0","4.2975","5.67","4.9825","medium"
"6748.0","6766.0","4.875","6.05","5.5975","medium"
"6751.0","6769.0","4.806666666666667","6.27","4.762222222222222","loud"
"6753.0","6771.0","5.656666666666666","5.02","5.28","loud"
"6756.0","6774.0","5.965","5.35","5.8475","loud"
"6761.0","6779.0","4.424444444444443","7.05","4.883333333333334","loud"
"6763.0","6781.0","4.8500000000000005","5.48","5.567142857142857","loud"
"6766.0","6784.0","5.021818181818182","5.53","5.206363636363636","loud"
"6768.0","6786.0","5.423333333333335","5.67","5.131666666666667","loud"
"6771.0","6789.0","3.9749999999999996","6.81","4.725","medium"
"6773.0","6791.0","5.916666666666667","5.02","6.085","medium"
"6776.0","6794.0","5.456666666666667","5.53","5.3244444444444445","medium"
"6778.0","6796.0","4.873333333333333","5.11","5.213333333333334","medium"
"6781.0","6799.0","5.3875","7.05","5.46375","medium"
"6783.0","6801.0","5.563333333333333","4.76","5.823333333333333","medium"
"6786.0","6804.0","5.676","5.02","5.926","medium"
"6788.0","6806.0","5.389","6.35","5.473","medium"
"6791.0","6809.0","5.58","6.35","4.816","medium"
"6793.0","6811.0","5.457777777777777","5.29","5.486666666666667","medium"
"6796.0","6814.0","5.558125","5.53","5.5175","medium"
"6798.0","6816.0","5.7780000000000005","5.0","5.4879999999999995","medium"
"6801.0","6819.0","5.2","5.53","5.196666666666666","medium"
"6803.0","6821.0","6.006666666666667","6.8","5.87","silent"
"6806.0","6824.0","5.713333333333334","4.4","5.338333333333334","medium"
"6808.0","6826.0","4.795999999999999","5.53","4.890000000000001","medium"
"6811.0","6829.0","6.008000000000001","4.32","5.952","loud"
"6813.0","6831.0","5.5371428571428565","5.48","5.605714285714286","loud"
"6816.0","6834.0","4.9350000000000005","5.53","4.9275","loud"
"6818.0","6836.0","5.688999999999999","6.8","5.762","loud"
"6821.0","6839.0","5.145","3.86","5.26","loud"
"6823.0","6841.0","3.146666666666667","6.33","3.9299999999999997","loud"
"6826.0","6844.0","4.43","3.22","4.84","loud"
"6828.0","6846.0","4.851000000000001","5.51","5.0409999999999995","loud"
"6831.0","6849.0","5.359999999999999","3.9","4.92","loud"
"6833.0","6851.0","5.4366666666666665","5.29","5.256666666666667","loud"
"6836.0","6854.0","5.035","3.24","5.105","loud"
"6838.0","6856.0","4.973333333333334","5.35","5.539999999999999","loud"
"6841.0","6859.0","5.86","5.68","5.9","medium"
"6843.0","6861.0","5.034000000000001","5.48","5.292","medium"
"6846.0","6864.0","5.54111111111111","5.48","5.623333333333333","medium"
"6848.0","6866.0","6.0200000000000005","3.67","5.993333333333333","medium"
"6851.0","6869.0","4.81","4.62","5.65","medium"
"6853.0","6871.0","4.34","6.25","5.296666666666667","medium"
"6856.0","6874.0","5.723333333333334","4.96","6.008333333333333","medium"
"6858.0","6876.0","5.498571428571428","4.71","5.464285714285714","medium"
"6861.0","6879.0","4.914","5.81","4.787999999999999","silent"
"6863.0","6881.0","5.236666666666667","4.24","5.246666666666667","medium"
"6866.0","6884.0","5.636","5.41","5.720000000000001","medium"
"6868.0","6886.0","5.4475","5.41","5.6","medium"
"6871.0","6889.0","5.455","4.0","5.085","medium"
"6873.0","6891.0","4.85","4.76","5.645","medium"
"6876.0","6894.0","5.33","3.1","5.17","medium"
"6878.0","6896.0","5.4799999999999995","5.62","5.572857142857144","medium"
"6881.0","6899.0","4.964","5.53","4.884","medium"
"6883.0","6901.0","4.993333333333333","5.3","5.633333333333333","medium"
"6886.0","6904.0","4.9","6.05","5.550000000000001","medium"
"6888.0","6906.0","5.906666666666666","5.02","5.663333333333333","medium"
"6891.0","6909.0","5.9875","5.95","5.3725","medium"
"6893.0","6911.0","5.539999999999999","4.92","6.11","medium"
"6896.0","6914.0","3.6533333333333338","5.93","4.833333333333333","medium"
"6898.0","6916.0","5.577142857142857","5.35","5.965714285714286","medium"
"6901.0","6919.0","6.095000000000001","4.96","6.4","medium"
"6903.0","6921.0","4.9825","5.53","4.98","medium"
"6906.0","6924.0","4.710000000000001","5.81","5.045555555555556","medium"
"6908.0","6926.0","5.79","3.42","5.95","medium"
"6911.0","6929.0","4.95","4.25","5.157500000000001","medium"
"6913.0","6931.0","5.166666666666667","4.76","5.536666666666666","medium"
"6916.0","6934.0","5.605","3.42","5.495","medium"
"6918.0","6936.0","5.285","3.94","5.34","medium"
"6921.0","6939.0","5.581428571428572","5.35","5.6171428571428565","medium"
"6923.0","6941.0","4.596666666666667","5.53","4.693333333333333","medium"
"6926.0","6944.0","5.5424999999999995","5.52","5.572500000000001","medium"
"6928.0","6946.0","4.765","5.3","5.63","silent"
"6931.0","6949.0","5.69","5.35","5.44","silent"
"6933.0","6951.0","4.43","3.22","4.84","silent"
"6936.0","6954.0","5.7425","4.76","5.99375","silent"
"6938.0","6956.0","5.7125","5.29","5.77125","silent"
"6941.0","6959.0","5.23","4.26","5.515000000000001","silent"
"6943.0","6961.0","4.993333333333333","5.53","4.8","silent"
"6946.0","6964.0","5.4399999999999995","5.39","5.6825","silent"
"6948.0","6966.0","5.241666666666666","4.47","5.171666666666667","silent"
"6951.0","6969.0","4.7725","6.05","5.720000000000001","silent"
"6953.0","6971.0","5.448333333333333","5.35","4.993333333333333","medium"
"6956.0","6974.0","4.93","2.96","5.015","medium"
"6958.0","6976.0","4.341666666666666","6.9","4.580000000000001","medium"
"6961.0","6979.0","5.400833333333332","5.53","5.255833333333333","medium"
"6963.0","6981.0","5.3217647058823525","6.05","5.62","medium"
"6966.0","6984.0","5.0975","5.68","5.1325","medium"
"6968.0","6986.0","4.775","4.26","5.140000000000001","medium"
"6971.0","6989.0","4.99","4.76","5.55","medium"
"6973.0","6991.0","5.285","3.94","5.34","silent"
"6976.0","6994.0","5.707142857142856","6.05","5.762857142857143","silent"
"6978.0","6996.0","5.363333333333333","6.6","5.351333333333334","silent"
"6981.0","6999.0","5.14","3.9","5.88","silent"
"6983.0","7001.0","6.485","6.57","5.390000000000001","silent"
"6986.0","7004.0","4.449999999999999","7.27","5.057499999999999","medium"
"6988.0","7006.0","6.0825","5.65","6.24","medium"
"6991.0","7009.0","5.375000000000001","5.9","4.991666666666667","medium"
"6993.0","7011.0","5.4399999999999995","4.09","5.53","medium"
"6996.0","7014.0","5.3864705882352935","5.3","5.435882352941176","medium"
"6998.0","7016.0","5.695","4.76","5.381666666666667","medium"
"7001.0","7019.0","6.2025","3.94","5.095000000000001","medium"
"7003.0","7021.0","5.168","5.53","5.191999999999999","medium"
"7006.0","7024.0","6.1625000000000005","4.71","5.6850000000000005","silent"
"7008.0","7026.0","6.017777777777779","4.86","5.593333333333332","medium"
"7023.0","7025.0","5.0633333333333335","5.09","5.266666666666667","silent"
"7026.0","7028.0","5.013333333333333","6.0","5.335833333333333","silent"
"7028.0","7030.0","5.75","4.45","5.473333333333333","medium"
"7031.0","7033.0","4.665833333333333","7.05","5.295833333333333","medium"
"7033.0","7035.0","5.21","5.2","4.62","medium"
"7033.0","7036.0","5.708125","6.65","5.203125","silent"
"7036.0","7038.0","4.787142857142858","6.35","4.634285714285714","silent"
"7047.0","7049.0","6.238","6.48","5.25","silent"
"7050.0","7055.0","5.72375","5.35","5.7575","silent"
"7052.0","7057.0","6.515","3.94","5.41","silent"
"7055.0","7060.0","5.603333333333334","5.29","5.29","silent"
"15.0","40.0","5.945675675675675","5.29","5.727837837837837","medium"
"41.0","60.0","5.301428571428572","5.65","5.552380952380951","silent"
"61.0","72.0","6.017272727272727","4.33","5.6472727272727266","silent"
"73.0","565.0","5.649230769230769","7.14","5.57836032388664","medium"
"566.0","623.0","5.679821428571429","6.24","5.558928571428572","medium"
"624.0","660.0","5.856052631578947","6.75","5.731315789473684","medium"
"661.0","665.0","5.784285714285714","5.0","5.545714285714287","silent"
"666.0","670.0","5.061999999999999","6.74","5.24","silent"
"671.0","680.0","5.614583333333333","5.76","5.79375","silent"
"681.0","690.0","5.47","6.4","5.224615384615384","silent"
"710.0","750.0","6.1035416666666675","6.74","5.555625","silent"
"751.0","763.0","5.7128000000000005","6.29","5.3548","loud"
"766.0","787.0","5.714545454545454","6.0","5.574545454545454","silent"
"788.0","790.0","5.642","5.57","5.2780000000000005","medium"
"791.0","1020.0","5.960060606060606","7.6","5.707696969696969","silent"
"1021.0","1040.0","5.746666666666666","5.95","5.542857142857143","silent"
"1041.0","1110.0","5.524","6.86","5.460000000000001","silent"
"1111.0","1128.0","5.035555555555556","6.8","5.262962962962963","silent"
"1129.0","1160.0","5.661020408163265","5.95","5.302244897959183","silent"
"1164.0","1290.0","5.440984848484849","7.14","5.458787878787878","silent"
"1292.0","1320.0","5.985294117647059","4.57","5.724117647058823","silent"
"1321.0","1357.0","6.055","5.95","5.721428571428572","silent"
"1358.0","1440.0","5.791857142857142","6.8","5.564857142857142","silent"
"1475.0","1734.0","5.554652406417112","7.14","5.4748663101604285","medium"
"1735.0","1740.0","5.474666666666667","4.98","5.5326666666666675","silent"
"1741.0","1814.0","5.363205128205129","7.05","5.497820512820512","medium"
"1815.0","1817.0","5.48","3.59","5.57","silent"
"1818.0","1827.0","5.578947368421052","6.74","5.545263157894736","medium"
"1828.0","1895.0","5.601358024691358","6.05","5.394197530864197","silent"
"1897.0","1940.0","5.4888","5.62","5.500400000000002","silent"
"1945.0","1975.0","5.665555555555556","6.33","5.57","silent"
"1976.0","2040.0","5.887499999999999","6.81","5.346666666666667","silent"
"2082.0","2140.0","5.71857142857143","6.48","5.448163265306122","silent"
"2144.0","2196.0","5.543793103448277","5.85","5.557758620689655","silent"
"2197.0","2248.0","6.062676056338027","5.95","5.765492957746478","silent"
"2249.0","2285.0","5.697179487179489","7.74","5.314615384615385","silent"
"2310.0","2349.0","5.52264705882353","7.05","5.370294117647059","silent"
"2350.0","2360.0","5.3325","5.6","5.235833333333333","silent"
"2361.0","2385.0","5.649999999999999","5.23","5.614137931034483","silent"
"2386.0","2520.0","5.388888888888889","7.6","5.439583333333333","silent"
"2525.0","2570.0","5.627540983606558","6.74","5.651475409836068","silent"
"2575.0","2668.0","5.499753086419753","7.6","5.411481481481482","silent"
"2669.0","2710.0","5.6621428571428565","6.74","5.598571428571428","silent"
"2712.0","2875.0","5.319276315789473","7.14","5.399473684210527","medium"
"2877.0","2885.0","5.461","6.74","5.566","silent"
"2900.0","3008.0","5.529666666666667","7.05","5.5077333333333325","silent"
"3009.0","3062.0","5.904561403508771","7.14","5.652280701754386","silent"
"3063.0","3085.0","5.354791666666666","5.45","5.477083333333333","silent"
"3104.0","3120.0","4.997857142857144","4.57","5.057142857142857","silent"
"3130.0","3184.0","5.250249999999999","5.7","5.679250000000001","medium"
"3185.0","3264.0","5.676976744186048","6.3","5.640697674418604","silent"
"3275.0","3439.0","5.26264","7.6","5.217920000000001","silent"
"3495.0","3507.0","5.819791666666667","7.05","5.643125","silent"
"3509.0","3523.0","5.692181818181818","6.86","5.545090909090909","silent"
"3524.0","3545.0","5.620512820512819","7.6","5.4230769230769225","silent"
"3546.0","3623.0","5.731730769230769","6.26","5.515576923076923","silent"
"3624.0","3674.0","5.4803225806451605","6.35","5.328387096774194","silent"
"3675.0","3689.0","5.7245454545454555","7.05","5.575454545454544","silent"
"3690.0","3700.0","5.536666666666666","3.81","5.886666666666667","silent"
"3701.0","3759.0","5.766969696969697","5.69","5.594848484848486","silent"
"3760.0","3780.0","5.81344827586207","6.74","5.653793103448276","silent"
"3781.0","3845.0","5.631882352941176","6.35","5.422588235294117","silent"
"3848.0","3852.0","5.623333333333333","5.23","5.533333333333334","silent"
"3853.0","4005.0","5.389106145251397","7.05","5.561005586592179","medium"
"4006.0","4029.0","5.54875","6.71","5.7484375","medium"
"4030.0","4090.0","5.445","7.1","5.593333333333334","silent"
"4091.0","4118.0","5.948857142857143","6.95","5.796571428571429","silent"
"4121.0","4305.0","5.727647058823529","7.0","5.566117647058824","silent"
"4306.0","4403.0","5.55320987654321","7.6","5.632345679012346","silent"
"4404.0","4445.0","5.7354054054054044","6.08","5.658378378378378","silent"
"4446.0","4470.0","5.648571428571429","5.45","5.461428571428571","silent"
"4484.0","4521.0","5.980666666666666","5.36","5.868666666666668","silent"
"4522.0","4555.0","5.39825","6.13","5.332","silent"
"4556.0","4585.0","5.661538461538461","6.08","5.443076923076922","silent"
"4586.0","4685.0","5.89986301369863","7.14","5.678630136986301","medium"
"4686.0","4800.0","5.5573417721519","7.6","5.542278481012659","medium"
"4801.0","4825.0","5.398333333333333","5.76","5.450833333333333","medium"
"4830.0","4845.0","5.760769230769229","4.71","5.583846153846154","medium"
"4846.0","4880.0","5.524000000000001","5.7","5.416571428571429","medium"
"4890.0","4925.0","5.378421052631579","5.7","5.329473684210527","silent"
"4951.0","4970.0","5.424565217391304","7.14","5.562173913043478","silent"
"5010.0","5036.0","5.56103448275862","5.55","5.64551724137931","silent"
"5055.0","5070.0","4.9037500000000005","6.83","4.80125","silent"
"5100.0","5156.0","5.180000000000001","6.8","5.391538461538461","loud"
"5165.0","5245.0","5.439","6.81","5.446624999999999","silent"
"5246.0","5258.0","5.295333333333334","5.95","5.417333333333332","medium"
"5259.0","5303.0","5.459","7.74","5.585333333333335","silent"
"5304.0","5319.0","5.680769230769231","6.32","5.605384615384616","silent"
"5320.0","5389.0","5.318493150684931","7.74","5.476164383561644","loud"
"5390.0","5730.0","5.467904761904761","7.74","5.5132063492063486","medium"
"5731.0","5805.0","5.078775510204081","7.74","5.3887755102040815","silent"
"5806.0","5873.0","5.526093749999999","7.14","5.16","silent"
"5874.0","5985.0","4.956428571428572","7.74","5.234107142857143","medium"
"5986.0","6010.0","5.1242553191489355","7.74","5.417234042553191","medium"
"6026.0","6090.0","5.5291764705882365","7.74","5.4503529411764715","medium"
"106.0","116.0","5.5075","6.26","5.461875","silent"
"120.0","159.0","5.4382758620689655","5.95","5.288620689655172","medium"
"160.0","203.0","5.221578947368421","6.26","5.269999999999999","silent"
"204.0","225.0","5.100499999999999","6.3","5.3825","silent"
"227.0","231.0","5.811333333333334","5.59","5.835333333333333","silent"
"232.0","250.0","5.621818181818181","5.43","5.817272727272727","medium"
"251.0","282.0","5.4575510204081645","6.35","5.477142857142857","silent"
"283.0","318.0","5.552903225806453","6.35","5.630322580645162","silent"
"319.0","370.0","5.582931034482757","6.35","5.508620689655172","loud"
"371.0","384.0","5.619090909090909","5.61","5.2309090909090905","medium"
"385.0","408.0","4.7335714285714285","5.95","5.172142857142858","medium"
"426.0","431.0","5.3618181818181805","5.57","5.385454545454545","silent"
"432.0","444.0","5.759","6.35","5.625","silent"
"445.0","540.0","5.264153846153846","7.74","5.174923076923078","loud"
"545.0","570.0","5.477142857142858","5.76","5.168571428571428","medium"
"575.0","590.0","5.404285714285714","6.26","5.088571428571428","silent"
"592.0","595.0","5.058333333333334","4.45","4.8933333333333335","silent"
"622.0","783.0","5.557016129032259","7.74","5.573145161290324","medium"
"784.0","795.0","6.137333333333333","6.48","5.602666666666667","silent"
"796.0","808.0","5.950000000000001","5.59","5.612307692307693","silent"
"809.0","879.0","5.599375","6.38","5.384375","loud"
"884.0","890.0","5.567692307692307","5.85","5.533846153846155","silent"
"891.0","960.0","5.407352941176471","6.35","5.313235294117647","medium"
"961.0","1042.0","5.245555555555557","6.35","5.458333333333333","medium"
"1043.0","1062.0","5.744000000000001","4.29","5.3420000000000005","medium"
"1064.0","1107.0","5.453636363636363","6.27","5.425454545454545","silent"
"1108.0","1159.0","5.656545454545455","5.69","5.5645454545454545","silent"
"1160.0","1164.0","5.412857142857143","5.14","5.515714285714286","silent"
"1165.0","1197.0","5.459696969696969","5.79","5.473030303030302","silent"
"1198.0","1202.0","4.786666666666666","3.81","5.21","silent"
"1203.0","1230.0","5.033846153846154","6.59","5.279230769230768","medium"
"1245.0","1257.0","5.901764705882352","5.38","5.635882352941176","silent"
"1258.0","1366.0","5.6929838709677405","6.55","5.535322580645162","silent"
"1367.0","1470.0","5.475588235294118","6.35","5.4737254901960775","medium"
"1471.0","1589.0","5.794324324324324","6.85","5.640337837837838","silent"
"1590.0","1610.0","5.0359375","6.31","5.274062499999999","silent"
"1614.0","1647.0","5.400161290322582","7.74","5.3875806451612895","silent"
"1648.0","1691.0","5.318529411764707","5.02","5.692352941176471","silent"
"1692.0","1711.0","5.348333333333333","6.85","5.415833333333333","silent"
"1712.0","1770.0","5.657169811320754","6.81","5.504716981132075","silent"
"1771.0","1847.0","5.420454545454545","6.43","5.281136363636364","silent"
"1847.0","1851.0","5.597777777777777","4.43","4.933333333333334","silent"
"1852.0","1900.0","5.03423076923077","7.74","5.313461538461539","medium"
"1879.0","1944.0","5.07125","7.74","5.37","medium"
"1901.0","1915.0","6.036363636363637","7.74","5.608181818181818","silent"
"1916.0","1938.0","4.817647058823529","6.81","5.331176470588236","medium"
"1945.0","1960.0","5.05","5.8","5.4719999999999995","medium"
"1962.0","2002.0","5.64655172413793","7.74","5.5889655172413795","medium"
"2003.0","2060.0","5.1031707317073165","7.74","5.278170731707317","loud"
"2063.0","2065.0","4.811249999999999","6.35","4.92","medium"
"2069.0","2116.0","5.315263157894736","6.26","5.317719298245614","medium"
"2119.0","2167.0","4.981785714285714","6.74","5.2475000000000005","medium"
"2168.0","2180.0","4.848571428571428","4.6","5.157142857142857","silent"
"2181.0","2200.0","5.257692307692308","7.74","5.451538461538461","medium"
"2201.0","2205.0","5.2225","6.15","5.6499999999999995","medium"
"2220.0","2235.0","5.299166666666666","6.05","5.515833333333333","medium"
"2236.0","2305.0","5.2126229508196715","7.24","5.208852459016393","loud"
"2306.0","2320.0","5.2335714285714285","6.35","5.502857142857143","silent"
"2321.0","2323.0","5.4350000000000005","4.86","5.32","silent"
"2324.0","2348.0","5.326315789473684","4.71","5.2963157894736845","medium"
"2349.0","2442.0","5.586122448979593","6.9","5.5259183673469385","silent"
"2443.0","2460.0","6.131052631578946","5.9","5.626315789473685","silent"
"2461.0","2470.0","5.222333333333333","6.43","5.243","silent"
"2471.0","2493.0","5.709130434782609","6.55","5.292173913043478","silent"
"2494.0","2520.0","5.187575757575758","5.76","5.30030303030303","silent"
"2525.0","2608.0","5.433333333333334","5.15","5.5183333333333335","medium"
"2608.0","2809.0","5.325","7.74","5.325799999999999","medium"
"2810.0","2789.0","5.180689655172413","6.27","5.26","silent"
"2851.0","3024.0","5.475670103092783","6.81","5.460618556701031","silent"
"3028.0","3070.0","5.315151515151516","6.33","5.305","silent"
"3071.0","3111.0","5.483170731707317","6.43","5.391951219512194","silent"
"3140.0","3194.0","5.80625","6.55","5.49425","loud"
"3195.0","3226.0","5.553636363636364","6.6","5.408181818181818","medium"
"3230.0","3239.0","5.064","4.95","5.640000000000001","silent"
"3240.0","3248.0","5.652962962962963","6.6","5.38962962962963","loud"
"3249.0","3253.0","5.016666666666667","6.05","5.551666666666667","loud"
"3254.0","3262.0","5.798","6.6","5.618","silent"
"3263.0","3269.0","6.162","5.0","6.035","silent"
"3270.0","3318.0","5.58138888888889","5.95","5.5311111111111115","silent"
"3319.0","3380.0","5.724117647058824","6.33","5.565098039215687","silent"
"3381.0","3396.0","4.821666666666666","4.23","5.445","silent"
"3397.0","3411.0","5.511666666666667","5.29","5.650555555555555","silent"
"3412.0","3484.0","5.721111111111112","5.71","5.687111111111111","medium"
"3485.0","3498.0","5.396470588235295","6.35","5.246470588235294","medium"
"3505.0","3536.0","5.610204081632654","6.05","5.578163265306122","medium"
"3537.0","3545.0","5.45945945945946","6.91","5.284324324324324","medium"
"3546.0","3555.0","4.935555555555556","7.05","4.818888888888889","silent"
"3565.0","3581.0","5.643333333333333","5.45","5.5980952380952385","silent"
"3582.0","3590.0","4.963333333333334","4.9","4.883333333333334","silent"
"3591.0","3613.0","5.654399999999999","5.0","5.587199999999999","loud"
"3614.0","3654.0","5.515000000000001","5.57","5.2907142857142855","medium"
"3655.0","3684.0","5.503947368421052","7.74","5.410789473684211","silent"
"3685.0","3690.0","5.122000000000001","5.1","5.024","silent"
"3693.0","3715.0","5.006","4.81","5.414","loud"
"3717.0","3793.0","5.409473684210527","6.62","5.488421052631579","loud"
"3795.0","3843.0","5.109047619047619","7.74","5.23968253968254","medium"
"3855.0","3898.0","4.911428571428571","6.81","4.94095238095238","loud"
"3899.0","4080.0","5.3991911764705875","6.35","5.4501470588235295","medium"
"4081.0","4101.0","6.133333333333333","5.29","5.451666666666667","silent"
"4102.0","4110.0","5.2025","6.6","4.963333333333334","loud"
"4111.0","4120.0","6.577142857142857","6.4","5.76","silent"
"4121.0","4131.0","5.743333333333333","6.25","5.387777777777778","medium"
"4132.0","4147.0","5.4222222222222225","6.14","5.578888888888889","medium"
"4147.0","4180.0","5.100952380952381","5.76","5.236666666666666","silent"
"4183.0","4185.0","4.66","6.91","4.82","silent"
"4187.0","4234.0","4.736666666666667","5.76","5.1339999999999995","medium"
"4237.0","4297.0","6.208703703703703","6.8","5.899259259259259","silent"
"4298.0","4381.0","5.647","6.81","5.5602","medium"
"4382.0","4435.0","5.680517241379311","7.74","5.461034482758621","silent"
"4437.0","4475.0","5.376400000000001","4.61","5.486800000000001","silent"
"4479.0","4570.0","5.6388","6.09","5.645200000000001","silent"
"4572.0","4643.0","5.3118181818181816","5.95","5.436590909090909","silent"
"4645.0","4660.0","6.065833333333333","6.05","5.895","medium"
"4661.0","4680.0","5.6899999999999995","4.65","5.624999999999999","silent"
"4680.0","4700.0","5.99375","6.62","5.97875","silent"
"4705.0","4719.0","6.830000000000001","5.14","5.87","silent"
"4720.0","4765.0","5.749393939393939","5.8","5.673030303030303","silent"
"4766.0","4800.0","6.143846153846154","5.29","5.9484615384615385","silent"
"4810.0","4867.0","5.952307692307692","5.52","5.354615384615385","silent"
"4870.0","4889.0","5.164375","5.33","5.3256250000000005","silent"
"4909.0","4954.0","5.287368421052631","6.0","5.512105263157895","silent"
"4955.0","5005.0","5.812400000000001","5.65","5.654","silent"
"5006.0","5028.0","5.185833333333332","6.26","5.338333333333334","silent"
"5029.0","5033.0","6.43","4.71","5.584999999999999","silent"
"5035.0","5102.0","5.5668493150684935","5.75","5.427397260273972","silent"
"5103.0","5135.0","5.4704999999999995","6.13","5.244","silent"
"5136.0","5220.0","5.659565217391304","6.14","5.4676086956521734","silent"
"5222.0","5269.0","5.6875","5.52","5.41375","silent"
"5280.0","5307.0","5.306857142857142","5.76","5.336285714285713","medium"
"5309.0","5384.0","5.1127272727272715","6.26","5.204545454545454","silent"
"5385.0","5431.0","5.3319230769230765","5.59","5.5334615384615375","silent"
"5434.0","5450.0","4.923125","5.8","5.051875","silent"
"5455.0","5490.0","5.778918918918919","5.9","5.6016216216216215","silent"
"5491.0","5520.0","5.834680851063829","6.8","5.84595744680851","silent"
"5521.0","5552.0","5.47","6.3","5.498620689655173","silent"
"5553.0","5644.0","6.181086956521739","5.58","5.939347826086956","medium"
"5645.0","5650.0","6.0075","5.79","5.679375","silent"
"5653.0","5685.0","5.425892857142857","6.86","5.482857142857142","medium"
"5686.0","5690.0","5.597142857142857","4.95","5.431428571428571","silent"
"5691.0","5695.0","5.553","5.9","5.486999999999999","loud"
"5696.0","5701.0","5.9159999999999995","4.71","5.568","silent"
"5702.0","5715.0","5.134736842105262","5.48","5.528947368421052","silent"
"5717.0","5740.0","4.979047619047618","7.74","5.299047619047618","silent"
"5742.0","5775.0","5.531818181818182","6.62","5.190454545454546","silent"
"5805.0","5840.0","4.215625000000001","5.29","4.73125","silent"
"5865.0","5883.0","5.141111111111111","5.65","5.087222222222222","medium"
"5885.0","5900.0","5.414545454545455","5.9","5.352727272727273","silent"
"5905.0","5920.0","4.891818181818182","4.89","5.129090909090909","loud"
"5923.0","5965.0","5.246052631578945","6.0","5.537105263157895","loud"
"5966.0","6120.0","5.235230769230769","5.89","5.385692307692308","silent"
"6121.0","6142.0","5.0645454545454545","4.53","5.390909090909091","silent"
"6143.0","6148.0","6.24","5.36","5.796","silent"
"6149.0","6154.0","5.7225","4.52","5.54","silent"
"6155.0","6157.0","5.465","5.14","6.145","silent"
"6157.0","6165.0","4.673","7.74","5.212","medium"
"6166.0","6224.0","5.384571428571428","6.81","5.465142857142857","medium"
"6225.0","6245.0","5.1604347826086965","5.35","5.272608695652174","medium"
"6250.0","6258.0","5.4575","4.58","5.516249999999999","silent"
"6259.0","6273.0","4.5649999999999995","6.74","5.368571428571428","silent"
"6274.0","6276.0","5.03","5.93","5.361111111111111","medium"
"6277.0","6281.0","3.8274999999999997","6.74","4.55","silent"
"6282.0","6313.0","5.74","4.41","5.7315000000000005","silent"
"6314.0","6355.0","5.506538461538461","6.14","5.503461538461538","medium"
"6371.0","6413.0","5.544912280701754","6.62","5.506842105263159","loud"
"6415.0","6359.0","5.392857142857143","4.86","5.2299999999999995","silent"
"6420.0","6564.0","5.718333333333335","7.74","5.408947368421054","medium"
"6565.0","6620.0","5.580714285714284","6.0","5.293571428571428","silent"
"6624.0","6810.0","5.6866896551724135","6.62","5.6931034482758625","medium"
"6820.0","6830.0","5.185714285714286","6.05","5.661428571428571","silent"
"6833.0","6895.0","5.653243243243243","6.26","5.5140540540540535","medium"
"6895.0","6898.0","6.263333333333333","4.6","5.515000000000001","medium"
"6906.0","6925.0","6.275","5.38","5.8575","loud"
"6957.0","7050.0","5.49462962962963","6.74","5.591481481481481","medium"
"7054.0","7119.0","5.1803448275862065","6.26","5.31396551724138","medium"
"7120.0","7177.0","5.5634999999999994","6.8","5.68","medium"
"7178.0","7260.0","5.157384615384616","6.62","5.33","silent"
"25.0","85.0","5.938888888888889","5.44","5.553888888888888","loud"
"100.0","243.0","5.505903614457831","6.6","5.653253012048193","medium"
"244.0","389.0","5.524877049180327","6.62","5.526844262295082","silent"
"391.0","400.0","5.7829999999999995","5.6","5.4955","medium"
"402.0","440.0","5.454485981308412","7.74","5.590186915887849","silent"
"444.0","450.0","5.245555555555556","5.35","4.911111111111111","medium"
"451.0","470.0","5.570172413793103","6.95","5.585","silent"
"471.0","480.0","5.746944444444444","5.75","5.478055555555555","silent"
"540.0","588.0","5.1974193548387095","6.04","5.429838709677419","medium"
"590.0","595.0","5.941666666666666","4.43","5.510000000000001","silent"
"596.0","608.0","5.5823809523809516","6.09","5.470000000000001","silent"
"632.0","670.0","5.975862068965518","6.9","5.729310344827588","medium"
"671.0","720.0","6.050666666666668","5.14","5.720666666666667","silent"
"721.0","743.0","5.049473684210526","6.11","5.117894736842106","silent"
"745.0","859.0","5.455696202531646","6.11","5.495063291139241","silent"
"860.0","892.0","5.382666666666667","5.18","5.170000000000001","silent"
"893.0","1050.0","5.2453594771241825","6.9","5.242287581699346","medium"
"1051.0","1100.0","5.756666666666667","5.58","5.683333333333334","silent"
"1101.0","1112.0","4.957777777777778","6.27","5.330555555555555","silent"
"1113.0","1130.0","5.674","4.76","5.626","silent"
"1185.0","1214.0","5.249019607843138","6.62","5.369607843137255","silent"
"1225.0","1325.0","5.336016949152544","7.74","5.392118644067797","silent"
"1326.0","1360.0","5.295238095238095","6.09","5.454285714285714","silent"
"1361.0","1380.0","4.939090909090909","6.09","5.4845454545454535","silent"
"1400.0","1410.0","5.227777777777778","6.09","5.348888888888889","silent"
"1415.0","1433.0","5.673076923076923","7.74","5.512692307692307","medium"
"1435.0","1460.0","5.353225806451612","6.8","5.604516129032258","medium"
"1461.0","1470.0","5.3564","6.8","5.6644","loud"
"1471.0","1475.0","4.91125","6.35","5.05625","loud"
"1476.0","1485.0","5.346296296296296","7.74","5.118148148148148","loud"
"1525.0","1545.0","5.01","7.74","5.193103448275862","loud"
"1583.0","1605.0","5.254303797468354","7.74","5.13493670886076","loud"
"1606.0","1645.0","5.343148148148147","7.74","5.420000000000001","loud"
"1646.0","1671.0","5.142173913043478","7.74","5.274239130434782","medium"
"1685.0","1714.0","5.483970588235294","6.27","5.432058823529412","silent"
"1720.0","1740.0","5.09111111111111","6.86","5.087222222222222","loud"
"1742.0","1835.0","5.408512396694215","7.0","5.513471074380165","medium"
"1840.0","1864.0","5.5998","5.71","5.4676","silent"
"1871.0","1895.0","5.4277083333333325","5.95","5.363958333333334","silent"
"1896.0","1904.0","4.05","5.55","4.85","silent"
"1905.0","1955.0","5.376727272727273","6.47","5.408363636363636","silent"
"2025.0","2093.0","5.612499999999999","6.9","5.315714285714286","silent"
"2094.0","2128.0","5.872916666666666","5.89","5.46375","silent"
"2190.0","2228.0","5.6049999999999995","6.68","5.561052631578947","silent"
"2229.0","2268.0","5.273958333333333","6.27","5.518541666666667","silent"
"2270.0","2295.0","5.457118644067797","6.27","5.569830508474575","silent"
"2296.0","2302.0","6.053333333333334","4.0","5.95","silent"
"2305.0","2350.0","5.453333333333334","5.29","5.251481481481482","silent"
"2355.0","2400.0","5.003333333333333","6.26","4.9825","silent"
"2411.0","2435.0","5.009090909090909","6.27","5.405454545454545","silent"
"2436.0","2445.0","5.107857142857142","5.61","5.247142857142856","silent"
"2446.0","2460.0","5.719166666666667","4.68","5.545000000000001","silent"
"2461.0","2464.0","4.8965","6.27","5.210999999999999","medium"
"2465.0","2470.0","4.873333333333334","5.45","4.3933333333333335","silent"
"2471.0","2475.0","5.644166666666667","6.6","5.4558333333333335","silent"
"2476.0","2478.0","5.6000000000000005","5.35","5.304444444444445","silent"
"2479.0","2490.0","4.954615384615384","4.5","5.176923076923078","silent"
"2491.0","2520.0","5.190476190476191","6.27","5.423809523809523","medium"
"2521.0","2525.0","5.589","6.57","5.063","medium"
"2526.0","2536.0","5.017692307692308","6.91","4.980769230769231","medium"
"2537.0","2580.0","5.145925925925926","6.35","5.114074074074074","silent"
"2587.0","2605.0","5.055882352941176","5.76","4.930588235294117","silent"
"2615.0","2634.0","5.019090909090909","6.27","5.18","silent"
"2635.0","2793.0","5.542394366197183","6.27","5.405633802816901","loud"
"2793.0","2830.0","5.364857142857143","6.35","5.277428571428572","loud"
"2831.0","2858.0","5.669666666666667","6.4","5.588333333333334","medium"
"2859.0","2862.0","6.3725000000000005","4.06","5.615","medium"
"2863.0","2910.0","4.961600000000001","6.86","5.0748","loud"
"2911.0","3038.0","5.122","6.86","5.29104347826087","silent"
"3039.0","3055.0","5.572857142857144","6.9","5.355714285714286","silent"
"3056.0","3200.0","5.519846153846154","5.9","5.487230769230769","silent"
"3255.0","3412.0","5.383333333333334","7.0","5.3375","silent"
"3413.0","3455.0","5.812162162162161","5.48","5.43027027027027","silent"
"3456.0","3558.0","5.393563218390804","7.74","5.294137931034483","medium"
"3559.0","3697.0","5.5944927536231885","6.86","5.446884057971015","silent"
"3698.0","3760.0","5.473086419753087","6.86","5.329753086419753","silent"
"3790.0","4005.0","5.311594202898551","7.74","5.1794927536231885","loud"
"4006.0","4089.0","5.568076923076924","6.67","5.523942307692308","medium"
"4090.0","4126.0","4.698","7.33","4.61","silent"
"4128.0","4305.0","5.554044943820225","6.8","5.557528089887641","medium"
"4318.0","4335.0","5.38875","4.3","5.24125","silent"
"4339.0","4358.0","5.142","6.27","5.442","silent"
"4359.0","4365.0","5.213","4.52","5.291","silent"
"4366.0","780.0","5.271818181818181","5.53","5.433636363636363","silent"
"4381.0","4420.0","5.384117647058823","6.91","5.354117647058823","loud"
"4421.0","4450.0","4.9192857142857145","7.27","5.299999999999999","silent"
"4451.0","4464.0","4.647142857142858","6.91","4.878571428571428","medium"
"4465.0","4535.0","5.2335714285714285","6.27","5.324142857142857","loud"
"4536.0","4600.0","5.191625","6.8","5.287625","medium"
"4600.0","4615.0","5.29","6.9","5.282222222222222","medium"
"4616.0","4640.0","5.591739130434783","5.85","5.011739130434782","medium"
"4641.0","4660.0","5.913571428571428","6.05","5.791428571428571","medium"
"4661.0","4676.0","4.81","5.35","5.115833333333333","medium"
"4677.0","4755.0","5.535833333333333","6.81","5.220666666666667","silent"
"4756.0","4765.0","5.3925","4.12","5.047499999999999","loud"
"4788.0","4855.0","5.350689655172413","6.27","5.171724137931035","medium"
"4905.0","4965.0","5.128068181818181","6.86","5.224545454545455","silent"
"4966.0","4975.0","5.29375","5.38","5.484999999999999","silent"
"4990.0","5055.0","5.460158730158731","6.6","5.578412698412698","silent"
"5073.0","5108.0","5.777000000000001","5.16","5.49","medium"
"5109.0","5145.0","5.51025","6.27","5.449","medium"
"5146.0","5166.0","5.415151515151515","6.27","5.214545454545455","silent"
"5190.0","5227.0","5.652941176470589","6.05","5.246764705882353","silent"
"5224.0","5240.0","5.3405555555555555","6.05","5.288888888888889","silent"
"5247.0","5255.0","5.0236363636363635","7.05","5.399090909090909","loud"
"5315.0","5367.0","5.3204166666666675","6.27","5.3339583333333325","silent"
"5425.0","5450.0","5.8066666666666675","6.14","5.203333333333333","loud"
"5494.0","5508.0","3.5250000000000004","6.86","4.361666666666666","silent"
"5614.0","5634.0","5.685217391304349","5.76","5.306956521739131","medium"
"5970.0","6045.0","5.306478873239436","6.74","5.459718309859156","loud"
"6058.0","6084.0","5.898666666666666","7.14","5.544","silent"
"6085.0","6140.0","5.2559523809523805","6.9","5.126666666666667","silent"
"6141.0","6155.0","5.5585","5.76","5.587999999999999","medium"
