Scene ID,Scene Start,Scene End,Valence,Arousal,Dominance,Audio Energy,Spectral Centroid,mfcc1,mfcc2,mfcc3,mfcc4
sc1,155,198,5.38854838709677,4.19725806451613,5.3291935483871,0.134774200183981,1277.39532982633,-144.392710078409,166.148198470216,-32.1551673320501,42.7752464921478
sc2,199,206,5.10636363636364,4.52,5.49181818181818,0.13909300289812,1701.617565919,-85.4691871516201,127.584764268402,-30.171757149284,44.1082722557589
sc3,207,270,4.87692307692308,4.6051282051282,5.12435897435898,0.237749554523682,1534.01800751776,-50.1207620085052,157.403332327672,-50.7288882565297,38.1698122603403
sc5,274,292,5.2125,4.4025,5.24678571428571,0.058563628171908,1498.16790199581,-204.919756043165,136.553030788813,-8.84450295384199,43.1742260232907
sc6,293,294,5.825,3.9175,5.79,0.066658401507352,1754.19426193728,-169.156730469848,119.343309628936,-26.8569442269229,40.3095759352602
sc7,297,332,5.70071428571429,3.98619047619047,5.41166666666667,0.039485786679531,1563.83887892175,-240.092596435151,142.131638742765,-29.8373133115075,44.5050311475341
sc8,341,372,4.91575,4.55675,5.27175,0.078027891460935,1675.96207487955,-186.161282701035,131.177370283198,-32.10298793501,37.7272522693422
sc9,373,394,5.481875,4.059375,5.3425,0.066392385292828,1184.63629199093,-248.02662645353,161.186995960322,-22.4003355322421,35.8157437432466
sc10,395,422,5.23744186046512,4.31325581395349,5.22558139534884,0.071848305605626,1563.68810121461,-195.292613663483,147.972400440126,-30.4310875504568,42.6995714803046
sc11,427,432,5.10583333333333,4.70583333333333,5.09083333333333,0.074021433527982,1588.24595307061,-157.456691929016,141.597373995665,-41.1677329826312,37.0425556327442
sc12,433,441,5.65615384615385,4.19692307692308,5.43384615384615,0.033002615836004,1823.94762262887,-224.309280869681,130.037033050279,-39.0636379224248,31.2807958614736
sc16,449,528,5.2243,4.0408,5.2998,0.056257027530595,1595.23068318791,-232.549687763687,136.02449654354,-16.2387205386876,40.4823046582355
sc17,529,534,5.46333333333333,4.02,5.35333333333333,0.179783350189452,1356.85198993065,-102.836284396908,145.58856154741,-26.7270123415827,41.0408731080663
sc18,535,628,5.51227848101266,3.80569620253164,5.28329113924051,0.016237343712085,1608.76565060482,-367.277298801477,136.429201604878,-12.3595748693011,35.1814410118988
sc19,629,680,5.07424242424242,3.87151515151515,5.13121212121212,0.028269852129085,1479.8197622599,-299.460960992937,144.327876271612,-22.4753793939179,16.6139997469424
sc21,681,775,5.33267605633803,3.96323943661972,5.09704225352113,0.018812395744051,1850.55550496555,-403.385816307478,128.989022678993,-22.2722714651242,11.975378780499
sc22,776,836,5.62066666666667,4.02866666666667,5.431,0.045340880363532,1572.16513597156,-227.851233682675,139.396778839715,-34.6151396539414,38.49398699108
sc23,840,885,5.0205,3.7625,5.2975,0.036441855846296,1415.53711527376,-254.911264845423,148.67070835648,-20.7335437959148,37.928750167693
sc24,887,900,5.305,3.404375,5.336875,0.050608760600684,1627.07543906319,-194.19185546538,131.840124538159,-14.5709204955633,30.0276673415862
sc25,901,909,5.74166666666667,4.01833333333333,5.19333333333333,0.103388353037874,1302.90432523372,-149.067598667116,166.15385883769,-34.9184415907171,33.45650611056
sc26,910,940,5.45266666666667,3.75066666666667,5.34733333333333,0.047783968107365,1228.08143150078,-244.758838177217,169.965334859713,-30.2510954034446,19.1740397941872
sc27,941,950,6.33666666666667,3.44333333333333,5.54,0.091701206282489,1251.60548498647,-189.89111526751,141.238109031152,-0.954936468024739,28.3790255294797
sc28,941,991,5.22058823529412,4.16558823529412,5.41441176470588,0.067006758767936,1239.66436634208,-234.958955987093,162.067991151992,-23.4880091477767,37.3389800255747
sc29,993,1177,5.543125,3.92098958333333,5.43958333333333,0.03850088443146,1723.63419828096,-253.775402915708,133.799093302446,-37.5752785595444,34.8540994209474
sc30,1180,1412,5.73480132450331,4.04162251655629,5.61264900662252,0.033842850505457,1654.15322044081,-288.486709004523,143.636614133797,-40.0290405249646,21.7618200829986
sc31,1413,1532,5.84176923076923,3.89861538461538,5.60446153846154,0.022624034222812,1378.99864993754,-358.137024828637,154.614537281642,-4.09292728963844,15.3613151192846
sc32,1533,1568,5.30125,3.77,5.22875,0.10442198393899,1168.14911441131,-234.448068593351,165.837838752872,-17.9343982249829,15.1521624113102
sc33,1570,1594,5.34333333333333,3.95958333333333,5.24541666666667,0.029566667518988,1631.4394091608,-292.230971864577,136.321631402665,-32.8431792664739,24.4990740454214
sc34,1595,1630,5.60133333333333,3.95644444444444,5.32066666666667,0.036855475039791,1679.62600834487,-261.101185404373,133.187148183317,-27.1150562771136,27.9025783513357
sc35,1634,1647,6,4.089,5.573,0.026631176208138,1259.63149557514,-341.824301497308,153.615873078587,-6.6730176752621,20.8995974293139
sc36,1648,1664,5.86434782608696,3.97869565217391,5.49521739130435,0.037953054957344,1950.08820353685,-273.622004740201,111.475291323129,-10.6396956894366,34.5005560297288
sc38,1665,1673,5.22783783783784,3.99378378378378,5.51756756756757,0.069478397741524,1859.44336636242,-176.309191706664,120.916510092705,-8.79227890984588,25.4624472015872
sc39,1674,1681,5.2175,4.1025,5.40555555555556,0.10166728425234,1284.55573565139,-179.414053256422,165.295320208798,-36.8373027307681,18.7247387029012
sc40,1682,1692,5.62875,4.303125,5.075,0.190163549357937,1257.46195449361,-108.514235956338,160.383059515931,-23.2879796975972,26.9867612853777
sc41,1693,1724,5.6,4.15534482758621,5.49637931034483,0.044291635381379,1532.7623835039,-263.067241688509,149.794939999865,-34.7182218372855,36.0865033501923
sc43,1750,1924,5.63095238095238,3.89895238095238,5.36638095238095,0.04354511275101,1429.4092464369,-291.979234676519,147.474514538222,-14.4897581050907,14.600843438005
sc44,1925,1953,5.68851063829787,3.87,5.45127659574468,0.052680237073561,1697.25900500848,-233.225605759179,131.367348841823,-7.38032532733159,20.9239221954548
sc45,1954,2212,5.58380281690141,4.17014084507042,5.49239436619718,0.032039935931222,1517.29520632034,-327.076131217707,139.438395852504,-11.8866754817579,21.375642439093
sc46,2213,2220,4.20333333333333,5.10333333333333,4.645,0.23925062393714,1943.34246888457,-35.6390011475037,109.87217188496,-8.93715063854239,27.567643347692
sc47,2221,2344,5.14930379746835,4.11170886075949,5.37012658227848,0.093345337956113,1696.76648677522,-233.910159257484,110.176310058112,21.2868379002989,43.8841721495275
sc48,2346,2404,5.37923076923077,4.08,5.28051282051282,0.045869154693438,1605.86778540612,-255.96871436486,135.692529985453,-8.96807555735671,27.5438355732125
sc49,2405,2410,3,4.13,3.895,0.217005232168449,2518.09440584688,-11.0544291919455,86.7514094431383,-14.5758853898152,38.1672282073688
sc50,2411,2453,5.66111111111111,4.16444444444444,5.40722222222222,0.121046714406559,1583.59110108262,-141.556240789203,131.058116754018,-31.7276439768391,29.0204568306747
sc51,2455,2459,4.858,4.82,5.124,0.351764658260029,1950.55624739974,32.3110320933257,117.02949450825,-21.0844883701556,26.3449145139421
sc52,2460,2501,5.3402380952381,4.27261904761905,5.44619047619048,0.145273348138607,1031.47781351944,-182.0662690861,165.467532618467,-6.76724429450964,39.1232535035674
sc53,2502,2546,5.83529411764706,4.26,5.52470588235294,0.033239719071332,1505.94597932764,-263.482567052809,137.840592586032,-3.43685588995216,30.2854235420923
sc54,2547,2567,4.85681818181818,3.98772727272727,5.22227272727273,0.060562233643165,2001.16646056126,-198.552098933128,115.261750518256,-34.0649746773974,21.7009180464605
sc55,2600,2639,5.62,3.9584375,5.565,0.062425020333133,1590.8273021987,-216.390136073128,142.052609881988,-27.0149639035283,26.2687654194431
sc56,2648,2689,5.48581395348837,4.05325581395349,5.57558139534884,0.048172359927057,1638.19223832443,-235.213880757436,136.653930098819,-19.2812842791913,30.005191691734
sc57,2690,2853,5.24165853658537,4.29229268292683,5.33907317073171,0.057413424546723,1468.27693809238,-236.393622102964,152.993259402901,-39.2437606602075,37.5231876630161
sc58,2855,2860,6.01727272727273,3.81454545454545,5.61272727272727,0.063684551689473,1575.69054527462,-229.624612780432,131.73450666988,-12.4130684806945,26.5635818950059
sc59,2861,2992,5.74473214285714,4.07928571428571,5.53714285714286,0.030805255619341,1905.49029485268,-260.40962902044,119.380185819675,-10.0579141636083,25.5450764886354
sc60,2993,2997,5.555,3.6625,5.7325,0.023445901178684,1353.88687051019,-311.184320484257,157.206360015877,-28.1169447762919,36.6903363512738
sc61,2998,3072,5.33688311688312,4.40558441558442,5.30675324675325,0.039025065185515,1755.61405006673,-262.765928033133,132.762148119877,-27.8873187629056,23.6914419780944
sc62,3073,3077,5.035,4.6525,5.11,0.078186167709734,913.735409347799,-233.271286651379,218.08084528667,-41.2423188813601,17.948614478601
sc63,3078,3101,5.64027777777778,4.00222222222222,5.72805555555556,0.058246242846599,1541.05273347859,-258.257293988366,128.075646723634,5.15803214973523,42.8300105534464
sc64,3103,3135,5.32904761904762,3.88785714285714,5.55547619047619,0.050752671350517,1224.8604553024,-243.262796360715,172.170254550231,-33.9853086566889,24.9364465077917
sc65,3139,3160,5.31333333333333,4.15272727272727,5.34181818181818,0.044372983320786,1130.51854488134,-256.030283518672,175.44409954606,-18.6606482145403,25.90020055219
sc66,3161,3251,5.66037037037037,4.00935185185185,5.53148148148148,0.056775525712625,1745.36794174331,-230.827236129528,119.379154284122,-8.30375121773244,43.4567562924017
sc67,3252,3271,5.626,3.692,5.236,0.042412663127294,1161.09151946014,-259.549592755542,171.347392969617,-17.5616561694043,29.1946112684862
sc68,3273,3295,5.57045454545455,4.00363636363636,5.47181818181818,0.03954300987293,1918.31686109866,-233.608840960605,122.196530154727,-20.7167492620842,23.2703612980933
sc69,3297,3299,6.165,4.68,5.925,0.010535976114933,1077.17640213013,-424.699120139275,153.554847635006,12.628675952481,29.2338144570793
sc70,3300,3302,5.332,4.456,5.254,0.020137592762192,1473.13749620491,-325.322069676218,144.351147307985,-11.1932777437751,27.961203031048
sc71,3303,3316,5.49333333333333,4.14888888888889,5.79777777777778,0.065452124045384,1444.76415140669,-218.65007777116,143.782351755134,-23.1240244895913,26.7498135287545
sc78,3305,3371,5.60428571428571,4.28714285714286,5.31285714285714,0.194363930172351,1719.79618644718,-87.3151402164831,127.210928285996,-25.9669258336417,39.4706237505345
sc72,3317,3328,5.46346153846154,4.37038461538462,5.42538461538462,0.321931827042162,1650.84896104572,-17.9822784423244,136.898927398562,-44.2978718195248,31.9793507906991
sc73,3329,3336,5.57166666666667,4.505,5.19,0.150354554702421,2430.93612766044,-49.6992627195915,93.2276911916893,-34.3036956870155,43.7748372647913
sc74,3337,3343,5.60769230769231,4.03461538461538,5.53384615384615,0.372224576234121,2027.60912505763,17.3747165466348,103.897157201397,-26.682636883819,57.3520466470412
sc79,3372,3383,5.9551724137931,4.11655172413793,5.72,0.102403913607845,1597.16994729566,-154.325660907868,137.769653511051,-20.2621922298303,49.6998115182362
sc80,3385,3389,4.41,5.36,4.68,0.347467435806096,1293.65344540492,-30.8916511327641,161.548572771307,-49.0824307494272,43.1753135743995
sc81,3390,3419,5.92061224489796,4.5869387755102,5.62081632653061,0.166137900531332,1511.08764132164,-91.3780802013857,148.08147149274,-30.8220713186841,36.1996194568302
sc83,3420,3425,4.68,5.515,4.62,0.199957661194445,1913.29400654686,-44.3440692508155,111.068695795626,-14.6842421691862,35.6526892941349
sc84,3426,3533,5.55565217391304,4.13295652173913,5.62304347826087,0.051990651953271,1620.54258652151,-263.080576403891,121.398830688809,11.2986041169222,33.6143198076289
sc85,3534,3552,5.45692307692308,3.66,5.54576923076923,0.276373097246448,1455.76273723461,-80.555909584372,149.685567425273,-32.3063295653531,32.3282551449131
sc86,3553,3763,5.69784232365145,4.03074688796681,5.54734439834025,0.071640001886193,1115.30913634954,-269.015511316838,159.801376287056,-14.5658720171269,42.3237512226724
sc87,3764,3790,4.90411764705882,4.28941176470588,5.04647058823529,0.030703951259629,1139.88365478996,-351.589303812848,146.91636546057,-1.2644395723205,57.2268371552281
sc89,3794,3836,5.30855263157895,4.29421052631579,5.38092105263158,0.166507596800943,1542.69768467004,-104.63854080277,136.907565122156,0.410141786428644,26.5823555470488
sc91,3839,3846,5.68,4.13769230769231,5.75153846153846,0.166557845885284,1644.12189730268,-111.493642581091,131.40560329157,-5.35026175655828,35.4587185932852
sc93,3851,3860,5.2585,3.9505,5.3715,0.088799920400821,1488.73666358019,-181.195232076161,144.932431667686,-7.77216875690892,34.5630155667518
sc95,3863,3920,5.78383333333333,3.95266666666667,5.61033333333333,0.15133109779435,1312.30691827723,-133.341890064557,148.816639408963,-7.13841440565544,35.9243576376603
sc96,3922,3930,5.35631578947368,4.62421052631579,5.23368421052632,0.233860714485131,1346.93725714811,-63.5074477623378,151.670785437272,-17.0794566677031,39.5183353757177
sc97,3931,3944,5.34625,4.143125,5.3375,0.14361848661004,1516.55968316836,-83.4724739872792,141.372015392235,-26.3407159305115,35.0526266203548
sc98,3945,3954,5.55615384615385,3.72076923076923,5.46461538461538,0.124930259511681,1698.04529999274,-100.312123977989,135.7837108431,-30.8732738901683,31.145823409722
sc100,3955,3960,5.34454545454546,3.79,5.56,0.102513211021448,1287.74051919676,-156.937305747338,178.256491942125,-44.6521417619377,31.7454519396367
sc101,3961,3975,5.74133333333333,3.58933333333333,5.57066666666667,0.05998002345742,1371.92147184894,-259.597299671451,163.077880778187,-44.1295879228783,33.1150027956966
sc102,3976,4018,5.64295454545455,3.93159090909091,5.56681818181818,0.047764834524377,1504.54941184369,-221.40510841639,155.141297519533,-40.0231107736283,38.4036367518762
sc103,4019,4059,5.1865625,4.0115625,5.1578125,0.035379601870779,1406.76245160258,-272.413245106573,154.884979473129,-27.563470420026,23.3312399144547
sc104,4060,4102,5.7748,3.9828,5.4656,0.057701315172751,1269.112895799,-220.636272256035,172.716713764187,-46.4659064728085,28.8642922403877
sc105,4103,4352,5.59172794117647,4.10305147058824,5.67033088235294,0.051653996650388,1479.13857233176,-256.654352301429,142.452981675405,-26.8819244974461,44.2335519609003
sc115,4209,4936,5.19224,4.08856,5.42888,0.122511804718953,1457.39613589537,-185.123111488796,145.117523953297,-25.149325718097,35.9745503036169
sc106,4353,4412,5.6975,3.89321428571429,5.58857142857143,0.062307605452941,1077.3300990755,-242.1953048136,172.775230466106,-18.9756776508762,28.4389494236938
sc107,4413,4434,5.46347826086957,3.91173913043478,5.23,0.06542063895336,735.166650954186,-295.774517065021,175.34308676497,9.78576530698734,37.0052011399914
sc108,4435,4445,5.660625,3.935,5.92,0.039331512283266,1585.25317378777,-240.580483967568,144.738598103851,-34.5321620564857,27.102416233245
sc109,4446,4556,5.31488636363636,4.05931818181818,5.34193181818182,0.171918648454167,1382.10682062003,-144.6069060992,145.473529887043,-16.622264200398,36.8538050342402
sc110,4557,4582,5.86090909090909,4.30727272727273,5.60227272727273,0.08234124707649,1373.50251891312,-202.232573024824,143.114283482606,-7.81066931443342,33.7787005220433
sc111,4583,4629,5.20355555555556,4.25222222222222,5.16911111111111,0.04807575780811,1503.13337981934,-284.96141148806,123.381627570571,5.96602429523505,39.4979871825531
sc112,4634,4673,5.3248,4.0524,5.3126,0.228736622217014,1671.56452156334,-63.9073757772186,139.951988462987,-42.846528960051,40.1999995013688
sc113,4675,4686,5.592,3.621,5.4445,0.078731410941216,1552.50551882565,-182.93443969449,145.401154628101,-29.3774338716124,39.10072955309
sc114,4687,4748,5.55955882352941,4.26602941176471,5.54176470588235,0.238134498310443,1671.86229800754,-40.5326334920899,140.986506718656,-43.2965607827812,39.9616225271223
sc116,4937,4986,5.42816666666667,4.00466666666667,5.49366666666667,0.055717419776647,1296.66729829516,-246.448736402915,157.018723724485,-25.2452213610679,42.0932791479886
sc117,4987,5009,5.18363636363636,3.59045454545455,5.38545454545455,0.186931194113647,1104.57203927177,-128.630241110151,171.464614160424,-39.0181937431436,46.0638315298727
sc118,5010,5018,5.398125,4.155625,5.260625,0.042588873801364,2034.30936800058,-246.532022407645,114.629016946311,-39.2975449743921,35.1357248091453
sc119,5019,5029,5.55,4.224,5.438,0.220578317474864,1204.98115689627,-114.070954608141,161.77399028018,-39.4169101299075,50.4108974593026
sc120,5030,5041,6.474,3.934,6.096,0.050995879341139,1621.37260795912,-204.288902885452,141.548784682653,-34.8325585485324,29.3265175217119
sc121,5042,5047,5.102,3.894,5.256,0.100231698479227,1612.98051401604,-137.211294380001,140.250077911401,-35.8000250638309,32.1410708214323
sc122,5048,5053,5.695,3.69,5.3075,0.104606656754545,1655.80218825432,-145.711641423346,134.213582398287,-37.9921553739922,37.7526467285829
sc124,5060,5065,4.906,3.504,5.598,0.120204394144937,1610.83807564322,-127.200913199937,143.489572586157,-49.0943547113731,27.307920511835
sc125,5066,5071,4.095,3.6525,5.1425,0.157312001943571,1582.08509560008,-119.946977272407,136.87938143551,-31.23190424079,46.6154890575304
sc126,5072,5089,4.83294117647059,4.47117647058824,5.31764705882353,0.161531450873946,1572.29586689423,-143.868965603675,138.077490638734,-58.0678528856201,20.0909268721058
sc127,5090,5096,5.87722222222222,4.29666666666667,5.66333333333333,0.065010993242499,1687.9557770391,-203.72114570805,140.699024069662,-70.2751353030762,13.8441603166557
sc129,5101,5143,5.57925925925926,3.92,5.26740740740741,0.074570623540047,496.614133988017,-344.760583798894,168.606393692313,43.5532217056895,42.7107458208543
sc132,5221,5254,5.67507246376812,3.85144927536232,5.57942028985507,0.071734523049243,1486.48763094622,-212.499610877977,140.518449730375,-20.3324228839151,35.0483524049187
sc133,5255,5263,5.02,4.29590909090909,4.95772727272727,0.158321087484542,1523.78245715683,-115.711809268428,147.819403200317,-54.3301688732412,29.6965875092674
sc134,5264,5270,5.76928571428571,4.73857142857143,5.52142857142857,0.291955813304386,1357.0789153909,-38.4124104317688,183.381387556343,-71.6224985063258,39.0105696085146
sc135,5271,5276,5.08125,4.86125,5.36125,0.27116173294751,1361.33095821604,-30.7676628013073,176.540475663112,-62.9408370786822,37.1339634998103
sc136,5277,5358,5.22116666666667,4.23616666666667,5.2275,0.18216704028476,1495.61770592409,-84.9687345363669,151.646873299286,-37.7010764695777,34.8312844111466
sc137,5364,5372,5.01071428571429,3.95357142857143,5.49928571428571,0.030112217893511,943.376165714484,-333.328699040742,171.817543022249,-14.9148591363478,23.0520091882267
sc138,5373,5381,5.82375,4.23375,6.0275,0.037804982226355,1003.84930997526,-293.541898655789,186.059885352114,-27.5616046303286,29.6448758137149
sc139,5382,5395,5.50692307692308,4.17307692307692,5.25961538461538,0.159683949797859,1338.24010811556,-116.079023677247,161.230779178244,-38.1695631741901,34.4758592661439
sc140,5396,5489,5.39068493150685,4.14041095890411,5.43534246575343,0.153341010934797,1231.65233145889,-168.22734162584,175.500168901206,-19.8010749995745,36.6637009464873
sc141,5490,5504,5.7668,4.064,5.6368,0.037975631378049,1773.47435615373,-241.212978640096,130.219766114293,-41.0741544396198,25.0647156093537
sc142,5505,5521,5.4,4.41,5.45272727272727,0.100835721172154,1765.30812647126,-149.379873112865,135.557154932574,-52.4349271462338,55.6370343026056
sc143,5522,5527,5.41333333333333,4.33166666666667,5.435,0.034564037077652,1535.70642861811,-242.804119236554,153.112340851688,-51.5148713424646,35.3193103850058
sc144,5528,5577,5.23354430379747,4.26987341772152,5.35784810126582,0.171194413493422,1695.05307491035,-99.6382916932745,140.539740268433,-44.9773224129552,36.5380869414853
sc145,5578,5587,5.50526315789474,4.08,5.49473684210526,0.133607673348228,1915.35836488829,-96.1846498024788,118.550571859074,-24.4742530832442,30.4518437655562
sc147,5605,5617,5.3,3.73,5.7,0.058039368242429,1366.66071561081,-294.971359482702,149.715699013731,-4.33192850804103,39.7427086395612
sc148,5618,5623,4.68142857142857,4.20571428571429,5.16285714285714,0.055880938938649,1560.0125854744,-231.623814433732,149.778403001919,-39.1388138750741,45.9858297973702
sc149,5628,5642,6.135,3.95083333333333,5.68333333333333,0.050258377069491,1349.59941731699,-258.703882284688,142.595627456656,10.671604764304,31.8679510924803
sc151,5645,5647,5.53,4.9,5.61,0.039719917727848,1325.08255990408,-234.776527401105,150.116633407707,-13.5466893868144,24.0638893080569
sc152,5648,5650,5.70888888888889,4.06777777777778,5.64444444444444,0.047639082720907,1411.88762901322,-230.353028650968,143.960088289254,-7.32582287515557,19.3125415082305
sc153,5651,5660,5.63857142857143,4.61714285714286,5.28285714285714,0.063469782893401,1459.97755736552,-194.648059343628,141.180393290204,-13.3258363804983,24.5872454956278
sc154,5664,5665,6.02333333333333,4.28333333333333,5.59166666666667,0.059636195016347,2118.11714253749,-150.340553680453,115.773517029222,-51.3126153560724,36.4934407083755
sc155,5667,5669,5.71333333333333,4.505,6.03666666666667,0.099251774828135,1651.11269152708,-110.100482807112,141.577607376814,-47.4336969690044,44.0526408985114
sc157,5670,5674,4.37333333333333,3.91,4.65333333333333,0.226226307726777,1408.73971794905,-50.5683092817631,147.385130737803,-37.1561160510121,48.191285620321
sc182,5676,5740,5.7,3.145,4.93,0.287886633515548,1708.1451437068,-9.57670753146277,139.546244181765,-46.5173454013589,30.3481365220872
sc168,5697,5700,5.0475,4.11,4.8575,0.26584726209254,1558.71126378016,-19.451310295797,145.96636280704,-39.8817303571153,35.3523375512227
sc170,5701,5712,5.07333333333333,4.52619047619048,5.17952380952381,0.159769734130309,1855.40504746233,-54.8035226401,125.141005762006,-34.0371794551469,34.068637168594
sc178,5720,5727,5.00625,4.49625,5.65625,0.388393467314634,1616.36134534086,31.1262207332524,146.484603000604,-53.8151434523898,28.8536526078885
sc180,5729,5735,5.69058823529412,4.69705882352941,5.67647058823529,0.289214745469181,1849.22758126283,-5.03338732031492,127.367100057246,-44.067012517261,35.1045667823831
sc184,5745,5750,5.71526315789474,4.41473684210526,5.85684210526316,0.29503974512188,1647.37564420146,-7.48422424459079,147.273777798133,-58.5234907459036,18.5126539379035
sc186,5751,5755,4.33111111111111,5.30666666666667,4.67777777777778,0.314560923903387,1831.110560796,10.7332460204134,126.878016667571,-39.3709885924568,32.9003911777434
sc188,5763,5775,5.51125,4.7925,5.57625,0.290320597211206,1386.28450445647,-88.170392644405,153.406895677453,-29.4107629081473,37.5235358138076
sc189,5776,5780,5.66444444444445,3.73222222222222,5.87444444444444,0.062532297394875,1590.6286114678,-202.14755466826,150.15061734105,-47.8239442898075,35.5167931865078
sc191,5783,5799,5.57588235294118,4.15176470588235,5.52,0.062557589117918,1199.69043168857,-296.479659720861,154.820055636543,-6.89389380166494,38.7656434447245
sc192,5800,5886,5.93197368421053,4.24328947368421,5.65355263157895,0.029805235320906,1802.55158678141,-277.077894604412,117.987225111616,11.8956078449058,18.2527113128916
sc193,5891,5902,5.49142857142857,3.92285714285714,5.38142857142857,0.292008088845898,1990.71681988082,-29.8865271855022,110.792860115763,-8.5207756284395,59.7457103417886
sc194,5903,5906,5.19,3.825,4.79,0.323605396771035,905.214135580598,-153.102436185315,186.731841436999,-17.9060104406029,50.247158264799
sc195,5906,5910,5.381,4.775,5.543,0.112560119435152,2998.68294911656,-106.01483204689,64.4766301135447,-14.6049529786597,73.3626381523833
sc196,5911,5916,5.665,4.38375,5.251875,0.035064534394455,1771.16586050174,-334.132775495564,117.774296221788,0.404280230899974,33.683224214531
sc197,5920,5950,5.50666666666667,4.07138888888889,5.46305555555556,0.041743893717376,1787.83828637013,-234.337727879483,125.649532437584,-17.8286113742428,28.3134484213295
sc199,5962,5970,5.9325,3.98083333333333,5.83666666666667,0.027567268696653,935.92528279142,-365.638245804572,188.676855392503,-29.5589546584065,12.5892233134309
sc201,5977,6060,5.37294642857143,4.13133928571429,5.46035714285714,0.032113184109846,2002.80134240487,-286.798052899268,114.035568829883,-37.2214059840459,40.223264965849
sc203,6065,6083,5.67714285714286,3.87392857142857,5.75392857142857,0.047426522120975,1072.81740127803,-312.696816880265,172.859359704626,-29.2410596224311,30.1525698307415
sc204,6085,6093,5.75184210526316,4.27657894736842,5.64171052631579,0.068154370897359,1380.77506283755,-216.704999200547,155.00335653382,-47.7946465455985,16.6380540591993
sc205,6163,6302,5.81579617834395,4.13910828025478,5.7175796178344,0.061407698622201,2626.36603109913,-154.015540171108,84.1730905668137,-11.1405475647935,33.0483863755048
sc206,6303,6307,5.10608695652174,3.98086956521739,5.05782608695652,0.188806487383062,1962.60473537335,-20.5149906906992,118.201794742886,-26.1496450668806,41.4431544620428
sc207,6308,6320,5.37884615384616,4.28115384615385,5.405,0.052501377152352,1526.71145325593,-207.178666556306,151.013382000964,-52.5080018428269,26.2066202107616
sc209,6321,6330,5.57692307692308,4.13692307692308,5.17692307692308,0.212327374968261,1964.46569836369,-56.1336715183373,114.763433622466,-14.6258814495568,57.4527369315394
sc210,6331,6333,5.29571428571429,4.54857142857143,5.62571428571429,0.159163012946168,1628.56188496073,-103.698392391749,134.098962464061,-23.645245167667,63.0934518550918
sc211,6333,6335,5.3225,4.02,5.19,0.095499633211416,1880.26829871806,-134.61167297413,120.995416496965,-40.223333136329,48.4183568263319
sc212,6334,6336,5.23444444444445,4.63888888888889,5.58333333333333,0.129176630059148,1792.52514439999,-110.202574162419,128.513492691802,-37.0667893790235,22.6283628484143
sc213,6337,6339,5.332,4.23,5.378,0.109139575450077,1868.08751867868,-116.550704802786,123.577354652069,-35.5255572343262,38.0125558066293
sc214,6339,6341,5.985,4.175,5.125,0.110501729467214,1825.37208857659,-124.296988335217,122.652049700466,-39.0653555164919,36.8056061330138
sc215,6342,6344,5.422,4.148,5.39,0.138781749757958,1772.83651778621,-114.230799127935,123.669918554985,-13.5863028762917,54.1414777066
sc216,6344,6346,5.432,3.876,5.668,0.136388734425173,2178.96991100006,-102.408803045961,106.740485508828,-13.7829389670168,58.0216859784009
sc217,6347,6349,4.04,4.46666666666667,4.07333333333333,0.123921363795699,3177.61925584998,-60.2989123615131,61.1739849946185,10.1214923570051,47.8388345786071
sc218,6349,6351,5.205,4.34166666666667,4.745,0.115468676963171,3744.06367749382,-42.4217989880046,38.8869610841813,8.36944252620546,35.4537844015211
sc219,6352,6354,5.75666666666667,3.83,5.42666666666667,0.136629491059143,1564.20109597166,-103.679512951902,144.318889304469,-43.0191984461296,32.2556967386182
sc220,6354,6356,6.05,4.86,5.67,0.150863001085956,1648.83898608806,-111.028866949177,138.609227953447,-53.4830534303186,23.1141014775614
sc221,6357,6359,5.39,4.4,5.38,0.221618361576844,1618.14830319505,-32.6521915941194,138.839185140705,-17.2405758867658,20.5408680350072
sc222,6359,6361,5.575,3.74,5.405,0.203518973222549,1736.9625580087,-50.7185793299658,125.876600841503,-10.2080435780584,34.1188159479436
sc223,6362,6364,5.53636363636364,3.89909090909091,5.37772727272727,0.168337909220065,1479.01363459497,-105.001868651929,148.80414611728,-43.2384235057578,25.4950093015739
sc224,6364,6366,5.64333333333333,4.525,5.3525,0.129883746609513,1844.29953960691,-94.3465716997846,125.426921599318,-26.3435631041352,38.7114979047445
sc225,6367,6369,4.93666666666667,6.63,5.37333333333333,0.446586063922529,1220.66772159053,-25.5062096306058,164.629416858115,-13.542664005113,20.4405475564531
sc226,6369,6371,5.59047619047619,4.33619047619048,5.09809523809524,0.130477147111001,1928.27696154057,-89.628150271931,117.581944091109,-5.7804834750283,32.3178385811165
sc227,6372,6374,5.964,4.985,5.781,0.132194418474008,1858.25255600116,-97.2665014422084,121.372277825294,-13.25202746708,26.6455749091363
sc228,6374,6376,5.335,4.2675,5.348125,0.097717502106868,1833.81918611226,-121.422301812522,124.107812811662,-23.8251582749799,39.6593513153435
sc229,6377,6379,5.4525,4.16416666666667,5.12166666666667,0.204037811452312,1818.43228714175,-30.5396976751224,127.100813067481,-16.5562410694,26.4844558659504
sc230,6379,6381,5.14916666666667,4.79833333333333,5.19916666666667,0.225547770080083,1645.67491313406,-24.6127301625003,138.887401439765,-29.7786031341056,33.6865667183647
sc231,6382,6384,5.21769230769231,4.70923076923077,5.35769230769231,0.258950628924025,2121.36853816553,16.2392101317078,122.175236771054,-76.3736259976457,50.0995660203447
sc232,6384,6386,5.088,4.16666666666667,5.062,0.265108170546986,1695.31863303287,-0.737703588028284,149.078290708109,-69.1009443258366,46.1481637654414
sc233,6387,6389,4.99333333333333,4.69,4.8,0.33454546801413,1398.74175895558,-1.88927228484016,162.326985989631,-41.2000444832199,32.077643781176
sc234,6389,6391,4.64,5.09333333333333,5.51333333333333,0.35909324888233,1466.49934373897,4.88206208121389,169.225157459899,-60.2904275169988,43.1882042480985
sc235,6392,6394,4.4,5.2725,4.9525,0.139949546632315,1554.9742119355,-125.699495459001,154.050976429887,-63.0422633106126,16.5481243289367
sc236,6394,6396,4.2425,5.245,4.7,0.192529693071858,1393.63379299307,-118.469165083959,173.515365174337,-61.0321121868324,24.487300438327
sc237,6397,6399,4.85363636363636,4.74909090909091,5.02090909090909,0.251874290258393,1913.85199387463,0.282755872050219,122.460307414573,-52.1130616856694,46.3393816046396
sc238,6399,6401,4.54,4.855,4.65375,0.140334251093453,1814.0037239379,-72.224642956648,132.299626672896,-26.0178058478906,37.0969005129558
sc239,6402,6404,5.189,4.351,5.164,0.1415462335394,2017.64289564483,-82.4013070127828,122.148969709412,-18.7436078850726,34.1834379757321
sc240,6404,6406,4.925,5.035,5.015,0.339586091862996,1854.66195154013,15.7086424288716,125.334088880758,-37.1068352162893,42.0427142279508
sc241,6407,6409,7.32,5,7.16,0.479999216429787,1453.42411238147,37.5588183918813,146.639983087746,-21.4513247676253,36.6342177938124
sc242,6409,6411,5.56333333333333,4.05666666666667,5.35166666666667,0.232001828760834,1416.78561484818,-50.1281301572841,156.878140866033,-33.1396982355555,30.6399307482563
sc243,6412,6414,4.992,4.452,5.154,0.1268522661171,2123.89084708645,-84.0718543471376,105.281649895819,-24.8502672906863,33.2556645865721
sc244,6414,6427,5.11904761904762,3.81142857142857,5.13904761904762,0.135692190928955,1646.13352841379,-124.712754572331,129.3044756154,-9.75139884808582,36.8277160237535
sc245,6416,6429,5.22652173913044,4.53304347826087,5.38652173913043,0.106095132709763,1548.01381700622,-148.641477366186,135.637367479909,-10.479260999511,37.3513404657407
sc246,6419,6432,5.54571428571429,4.00714285714286,5.24,0.143846276866979,1609.35370164212,-115.322068714866,137.311770169993,-20.954604033109,34.2318156749192
sc247,6430,6436,5.3225,4.4125,5.40083333333333,0.142424530130995,1949.61208370339,-80.621163612158,121.280273931,-46.566105410325,34.7490030832213
sc248,6432,6438,5.32,3.6575,5.0825,0.107741662741915,2087.13567091494,-101.419016253192,110.395936550015,-32.7416028957376,37.4544910565913
sc249,6435,6441,5.10454545454545,4.81272727272727,4.71090909090909,0.171704840875484,1972.38857743845,-66.16031624801,118.726592718034,-29.0251501691863,38.5308455979358
sc250,6437,6443,5.73153846153846,4.53846153846154,5.42692307692308,0.216036799519547,1768.67158758091,-46.5397531126232,131.957438895627,-31.148377956053,40.7593620366553
sc251,6440,6446,5.25166666666667,4.28666666666667,5.02666666666667,0.300088997774607,1662.9738107626,1.79802688500318,140.268148223229,-45.2050526738766,50.8019999657447
sc252,6442,6448,4.61555555555556,5.34555555555556,4.93666666666667,0.250203972176066,1863.24392043197,-15.5525739534334,129.541910605015,-50.1151771299867,51.3082910227857
sc253,6445,6451,4.88333333333333,4.50666666666667,4.80888888888889,0.186965627644385,1977.4638523473,-46.132842905727,121.459879904328,-46.34129573991,41.2689252769749
sc254,6447,6453,5.401,3.989,5.31,0.157274779074761,1898.24661153476,-66.4493611372802,128.267183121102,-45.0813661886314,39.4901384965811
sc255,6472,6478,5.69133333333333,3.92133333333333,5.31933333333333,0.114222954881287,1538.37873065967,-131.80989424911,151.147012861664,-44.6165935256929,34.0906211799571
sc256,6474,6480,5.20875,3.845,5.44125,0.086423415761385,1696.461897807,-145.837167320781,140.68719555763,-31.7803957668987,29.302529320088
sc257,6477,6483,5.67529411764706,4.15352941176471,5.47411764705882,0.116643727613461,1812.8380284019,-120.941341439611,133.410382856454,-31.8056830313743,30.724031753226
sc258,6479,6485,5.09263157894737,4.09526315789474,5.09263157894737,0.172104056340032,1854.48032862367,-78.0173006347531,128.701851015012,-53.9033056568333,24.7250569824221
sc259,6482,6488,5.18625,4.20375,5.26125,0.197715581291259,1686.83018796999,-66.6865435484756,143.655142015002,-64.9928197661988,25.6783120889751
sc260,6484,6490,5.93666666666667,3.31333333333333,6.03666666666667,0.262361585614739,1952.19383198426,-26.4261402869563,128.585467339125,-56.5491679655702,36.1314328722848
sc261,6487,6493,5.55857142857143,3.82142857142857,5.36142857142857,0.241006004641254,2489.66673768552,-10.769954088034,94.7892752475724,-40.8601434462834,51.888232523743
sc262,6489,6495,5.17,4.21,5.76,0.184589020443538,2537.33883249842,-19.9792367232226,92.0420627442709,-42.0893758975319,59.0866070980761
sc263,6492,6498,4.86636363636364,4.25818181818182,5.08545454545455,0.16873071387454,2156.83536274085,-47.2161239763988,113.147497622614,-34.8072473092263,45.1315697475683
sc264,6494,6500,5.188,3.928,5.694,0.173531221830401,1822.02059186699,-62.5413513575874,138.126928599783,-37.2958440739017,37.9867103925616
sc265,6497,6503,5.65857142857143,3.86285714285714,5.58142857142857,0.206795168936741,1967.09139541889,-50.1205719249167,134.376959929526,-40.2220674589382,46.067980554084
sc266,6499,6505,5.01428571428571,4.34142857142857,5.18428571428572,0.2375778324789,2329.75953084609,-14.864501144122,105.444369051344,-41.2253550010399,53.7248919960893
sc267,6502,6508,4.86,4.27,4.9675,0.260108174132929,2156.05178724792,-6.09694117936964,113.640221341705,-48.3444797896437,49.8560215768875
sc268,6504,6510,4.88,4.30111111111111,5.10888888888889,0.204618942311303,1985.16487493734,-37.2820671284992,121.75705241891,-44.990599672486,41.1186806470288
sc269,6507,6513,5.48944444444444,3.86277777777778,5.52833333333333,0.180764086429236,1903.49842253209,-63.3023925733576,126.504243509526,-43.5851458938518,39.2788227839703
sc270,6509,6515,5.17,3.84,5.9725,0.331223142120219,1569.05878475675,-17.8024299184596,148.789682892895,-42.5691412525633,34.464632152154
sc271,6512,6518,5.25833333333333,4.40166666666667,5.305,0.259188265784477,1644.71017859471,-56.4062053652304,140.54743573405,-31.8832428524246,35.7152043040664
sc272,6514,6520,5.76,4.23333333333333,5.94333333333333,0.16540443480434,1657.5256085761,-96.3965257505796,139.932119431362,-34.8147007813622,35.9784422405623
sc273,6517,6523,5.33111111111111,4.69777777777778,5.67555555555556,0.083042786803129,1574.68367707226,-153.447620934803,145.171767833959,-41.3195357772629,39.4455487792987
sc274,6519,6525,4.715,4.795,5.04,0.10043142599482,1392.57273687048,-150.540844930856,157.220960292883,-39.9447186315315,37.4239832765505
sc275,6522,6528,5.33818181818182,4.09272727272727,5.40818181818182,0.129572396996874,1488.91946699477,-134.704433583492,155.525590544634,-51.4478814534332,22.819680276376
sc276,6524,6530,5.29666666666667,4.1,5.49333333333333,0.126687416155292,1703.56994685403,-128.595577256346,141.423560295063,-52.0316508929713,19.195289759641
sc277,6527,6533,5.17214285714286,4.205,5.235,0.146227696801048,2234.30972808282,-64.8875949821692,104.303316735529,-40.2900664371042,23.4690793293766
sc278,6529,6535,5,4.61166666666667,5.39333333333333,0.255416205298249,2200.60009858521,-10.4741924731686,109.581129618638,-46.2964027418563,30.1326374679203
sc279,6532,6538,5.17444444444444,4.61222222222222,5.23111111111111,0.30703066011394,2305.20238300238,16.7029496033292,103.865286410728,-47.3552021595646,43.5555332948404
sc280,6534,6540,4.68,5.515,4.62,0.262279440448948,2422.36810793052,-3.16898144617632,95.7376463576219,-43.8135767385149,50.9038900763006
sc281,6537,6543,5.71,4.48,5.685,0.160987697814428,2476.34645771121,-69.0201086084222,89.1462015915188,-44.925293991671,50.4426977882454
sc282,6539,6545,5.63666666666667,4.21666666666667,5.39333333333333,0.14285920543229,2140.05011287678,-104.284768190939,118.088545315644,-54.0308968297114,41.6479466051808
sc284,6544,6550,4.45,4.5,4.45,0.136290507750559,1694.36001072459,-117.238353708355,150.028869835537,-56.1223335276653,24.5991529904042
sc285,6547,6553,5.29125,4.795,5.86875,0.170709061677097,1854.91677630199,-52.7534680443772,125.344147321034,-43.5869941227028,35.2394114996867
sc286,6549,6555,5.70333333333333,3.74222222222222,5.65,0.198526897737316,1854.49515596688,-30.7625099461914,125.521551838435,-42.5148782832414,38.4672796700246
sc287,6552,6558,7.18,4.235,6.18,0.141502723561379,2055.96242393537,-70.2224513230902,110.046295065472,-29.4993147014214,41.2403111023009
sc288,6554,6560,5.28692307692308,4.44384615384615,5.57230769230769,0.122358102534447,2137.23562862486,-87.2551163438471,103.474423552375,-35.2712489791011,42.031691483952
sc289,6557,6563,5.603,5.203,5.202,0.113803635243127,2268.69556937728,-90.2318508303232,101.058300726538,-54.0883115550965,46.05527400986
sc290,6559,6565,5.61142857142857,4.43142857142857,5.11285714285714,0.245633938404491,2130.46868680776,-34.789890494929,110.302084445846,-50.9835411973606,45.4394992974081
sc291,6562,6568,5.63375,4.34125,5.35375,0.263330815257875,1687.00447099791,-48.2937082809497,139.709910867381,-37.118548788464,39.7644596930569
sc292,6564,6570,5.30333333333333,4.25111111111111,5.19222222222222,0.19249017952347,1587.2416168869,-94.0711089657728,145.025749162755,-31.0082025561946,37.339061357365
sc293,6567,6573,4.93777777777778,4.47666666666667,5.10555555555556,0.129575517929343,1780.2192988918,-116.495736902978,128.348689671996,-16.0174810984901,36.8173585513299
sc294,6569,6575,5.275,3.89166666666667,5.70666666666667,0.140659233918612,1752.18607074018,-125.71096169962,137.117282698212,-29.8752176545185,27.0011309399856
sc296,6574,6580,5.48071428571429,4.14428571428571,5.19571428571428,0.155251930145378,1718.65501385283,-128.728993271784,158.278997469287,-85.4735607938618,23.5771398039459
sc297,6577,6583,5.17909090909091,4.66181818181818,5.23909090909091,0.086100299669377,1915.64941431545,-171.588853173181,129.527644365198,-56.6164321303986,28.0075847229028
sc298,6579,6585,5.55727272727273,4.51363636363636,5.62090909090909,0.130003653525414,1790.57032507882,-150.621865678574,133.050491883728,-42.2216589534397,29.0173630797677
sc299,6582,6588,5.04555555555556,4.14777777777778,5.08111111111111,0.265364848707124,1572.9253537623,-55.7069024720226,148.231160388002,-38.0664987628657,36.9573459477126
sc300,6584,6590,4.776,4.704,5.066,0.339777498997267,1517.1102551309,4.26928810980164,158.620313923311,-52.0259395810859,32.956706019672
sc301,6587,6593,6.1925,4.33,6.075,0.172005022681915,1860.81846504179,-77.7383172578638,124.352014541527,-20.0717617142117,20.6164915588535
sc302,6589,6595,5.6052380952381,4.25666666666667,5.70047619047619,0.142835143936569,1822.21683675201,-107.870204502463,121.950410880158,-10.8718755722097,16.5148260381406
sc303,6592,6598,5.63,4.228,5.348,0.145019061037301,1837.95132294194,-104.188769308375,120.354877976399,-12.6541946253471,25.4644874989191
sc304,6594,6600,6.077,4.46,6.066,0.273935827967535,1763.50877788326,-41.3765497430708,129.137555331057,-24.4863714116638,37.598548688833
sc305,6597,6603,5.51045454545455,4.26,5.48636363636364,0.301236119786043,1758.26198398748,-40.3597853606266,129.232818580276,-24.3974864408977,35.7942949658984
sc306,6599,6605,5.49,4.35666666666667,5.37166666666667,0.200092906095865,1644.76225376694,-117.129390165633,140.279568106383,-45.3693590558957,17.7187548387678
sc307,6602,6608,5.63,3.27,5.1,0.085911319097262,1625.99502562195,-219.055297932782,150.058141576599,-83.1677734647501,-14.1914287636537
sc308,6604,6610,5.41727272727273,4.01909090909091,5.22727272727273,0.145290737367858,1647.25728263489,-172.159999216682,149.438638798956,-84.9306177517352,-0.824753056303699
sc309,6607,6613,5.24857142857143,4.45857142857143,5.48285714285714,0.211200085660151,2190.09055188308,-54.0757467257279,108.980624149574,-35.1794086779903,30.5519916890762
sc310,6609,6615,5.26666666666667,4.37166666666667,5.15333333333333,0.190885837118066,2147.57662300667,-57.7573040754444,106.14852845072,-18.5578308169795,34.9139125099187
sc311,6612,6618,5.82,4.41571428571429,5.83428571428571,0.085723210517299,1953.01007979911,-120.468618110511,111.59938850721,-9.95722862543796,34.7525841094791
sc312,6614,6620,6.2425,4.7575,5.505,0.091468180791363,1741.37432352836,-116.946353180761,123.069780744211,-17.8032434182498,35.5273587930133
sc313,6617,6623,6.162,4.29,5.27,0.102397701715395,1716.84012884515,-128.052414481023,120.681455869578,0.502801593685726,40.4633986545844
sc314,6619,6625,6.14,4.055,5.55,0.133131793348199,1707.03167408545,-119.590482542605,120.512859872188,9.69796778299678,41.034132163417
sc315,6622,6628,5.242,3.78,5.004,0.160718773380023,1706.78128324059,-118.641334474627,120.572431805143,7.0114772190804,38.5539125739805
sc316,6624,6630,6.05,5.21333333333333,5.99333333333333,0.115669752565687,1885.27320529773,-139.818781002057,115.271465360963,-8.60353529748801,31.7542527880879
sc317,6627,6633,6.05777777777778,4.44555555555556,5.86111111111111,0.142360028323819,1988.49449292402,-106.987252279276,124.699781637347,-51.4939586979505,32.4638676442153
sc318,6629,6635,5.39666666666667,4.405,5.355,0.122998217739753,2027.14340649148,-111.685752331026,126.272653530333,-76.1249162343856,37.7607962847952
sc319,6632,6638,6.0675,3.94,6.4325,0.098102167410248,2154.75953840985,-112.231236030084,113.291788942053,-76.2250888467518,35.2679274759087
sc320,6634,6640,5,4,6,0.107039183873357,2087.04106314316,-105.03833623857,115.712947588165,-80.4302401756413,31.1907643377153
sc321,6637,6643,5.54666666666667,5.02333333333333,5.89333333333333,0.130847695508291,2357.01452330086,-81.6540847512942,100.053413512596,-59.9442816335945,51.901014548204
sc322,6639,6645,5.85,5.164,5.722,0.233469316193639,2165.43037372154,-38.1242742262067,111.715103376903,-49.2857868248514,54.5942021965114
sc323,6642,6648,5.965,4.755,5.5625,0.299441710089562,1863.29866869449,-9.42970131793782,126.50708570033,-32.0126941963388,44.9149345038984
sc324,6644,6650,5.8525,4.6775,5.585,0.316308718933121,1907.31764954766,-26.5158726933547,120.619349304176,-6.75270100505288,31.7870528418221
sc325,6647,6653,4.51,4.72833333333333,4.99833333333333,0.196327942846435,2226.22488239345,-88.5007437495907,95.3563643289754,10.0762588120655,38.3838106661423
sc326,6649,6655,5.96666666666667,4.35,5.37333333333333,0.171763940975666,2039.24695764813,-103.060124012302,107.584535660536,-13.9286185813829,31.9271805551339
sc328,6654,6660,5.37833333333333,4.54277777777778,5.18888888888889,0.236059449452348,1826.32812929242,-54.3989737717297,136.024499494946,-45.2716513084725,36.9517015033622
sc329,6657,6663,3.83,6.435,4.475,0.18622099356208,2036.2779441646,-95.8892641856451,118.9695046004,-30.5865837358249,49.3925514316691
sc330,6666,6684,5.22896551724138,4.20655172413793,5.34448275862069,0.069885372431252,1527.94266419171,-269.946636175158,131.836708101734,-6.89690827182537,37.1010533388637
sc331,6668,6686,5.87833333333333,4.735,5.43166666666667,0.038062351017161,1607.96980906883,-293.053994865127,124.720365049924,-2.10451465323349,37.7193988779905
sc332,6671,6689,5.67846153846154,4.03,5.61461538461539,0.047562898344617,1669.71309353892,-276.80219806319,127.493620343232,-18.2494739004403,30.9089999167273
sc333,6673,6691,5.85222222222222,3.98333333333333,5.58222222222222,0.054787613410783,1617.36820972144,-274.554063053381,134.615350425618,-32.8493926433423,24.8682295674959
sc334,6676,6694,5.65214285714286,4.02142857142857,5.52571428571429,0.0567863038229,1696.10454273066,-268.41475893646,134.192800095206,-44.8701656476493,22.7385858744164
sc335,6678,6696,5.39833333333333,4.51166666666667,5.07333333333333,0.061925923208909,1779.2281577713,-254.812618976366,132.747802044861,-50.5895335959484,21.2279049319477
sc336,6681,6699,5.53,4.9,5.61,0.073117263836067,1870.05996295473,-232.09884722943,129.940948117298,-61.0281239604791,23.6689985533476
sc337,6683,6701,5.331,4.23,5.151,0.079727425661149,2030.40860654349,-204.847877273432,120.545575330004,-64.4460093231798,25.7972873365094
sc338,6686,6704,5.6725,4.1125,5.805,0.09201967390682,1950.41193735778,-193.484472223614,126.229265336695,-64.0112597546346,24.9148405986773
sc339,6688,6706,5.21,4.61571428571429,5.19428571428571,0.106296255339199,1867.7664840908,-182.96109547529,131.106635371682,-62.608755455425,26.1643452407383
sc340,6691,6709,5.1175,4.9275,5.14,0.123908869741693,1886.07017320812,-147.474574844659,127.064565602713,-45.8115908336185,36.0486754643342
sc341,6693,6711,4.765,5.24,5.365,0.14874238080493,1806.8303176184,-121.918586744072,132.330810329106,-37.8527470562326,41.0103160015513
sc342,6696,6714,5.73666666666667,3.91666666666667,5.41,0.162053052201581,1762.70613035904,-107.425534709823,136.644823307917,-39.8020020726374,42.902544165984
sc343,6698,6716,4.77,4.806,4.878,0.196124631129007,1724.97605718505,-88.0385632647413,139.137334410933,-37.7434359690726,42.6654033577916
sc344,6701,6719,6.34333333333333,3.68,5.94,0.229237662037192,1627.24506691127,-63.5162547033083,148.310626469021,-39.2211373309222,43.6836883528577
sc345,6703,6721,4.71,3.84,4.11,0.247282116045753,1565.04972095351,-44.9715600448343,154.23852936748,-45.5034797261144,44.0232299888196
sc346,6706,6724,5.35,4.148,5.294,0.228235205235368,1659.56101489795,-49.5175919808505,148.237760482943,-48.1522379332626,43.682305696152
sc347,6708,6726,4.96,4.176,5.018,0.22251154494241,1669.56078374345,-55.361697362036,149.725575554813,-50.5942489272954,46.7696110851452
sc348,6711,6729,5.40625,3.9475,5.4825,0.221643457886972,1642.0791592498,-58.5266092350445,152.301956741583,-55.5456462666545,48.6416897174809
sc349,6713,6731,5.50083333333333,4.175,5.15416666666667,0.225896064460361,1613.51205890182,-60.398664433712,154.409335390968,-57.3105477829221,47.3770111524293
sc350,6716,6734,5.876,4.096,5.792,0.186632438448581,1644.08115624429,-76.6461758036129,152.618874388542,-55.3068284151137,46.41290740256
sc351,6718,6736,5.14,4.846,5.116,0.167571742914832,1637.15433060726,-91.567307354713,152.671804003611,-53.3821727912538,44.8382430196719
sc352,6721,6739,5.73,4.57888888888889,5.98222222222222,0.13930137707785,1650.84552835424,-117.052484919215,149.604681934602,-46.2384574582124,44.6974918864214
sc353,6723,6741,4.935,3.7825,5.675,0.135380020700964,1727.93499262781,-118.969720569943,144.630691064146,-45.9921527406871,45.4934354420487
sc354,6726,6744,5.18142857142857,4.11285714285714,5.02,0.137876629403638,1784.94601352595,-117.069463522936,140.543455112749,-49.1578164354182,44.4300737469346
sc355,6728,6746,5.722,4.36,5.574,0.126848327636267,1829.60328317469,-124.807771420155,137.516953201456,-47.9578859634567,42.24045732186
sc356,6731,6749,5.145,4.45,5.37,0.123765959798979,1842.82610942455,-123.609400276289,136.856089507447,-47.8393178726765,43.1723318211104
sc357,6733,6751,5.68384615384615,4.02692307692308,5.58692307692308,0.11770693956491,1895.1357852362,-125.911113742441,134.653908950329,-53.0286140797302,44.2610596444889
sc358,6736,6754,4.894,4.488,5.494,0.114573378552942,2013.02533475085,-120.989421976505,128.372786083653,-54.9071634983305,48.9958102206748
sc359,6738,6756,5.16625,4.05875,5.3525,0.159532944874714,2073.66906920876,-89.6446144331154,124.408560668834,-54.5504665891306,49.7931297683521
sc360,6741,6759,5.9,4.46666666666667,5.81666666666667,0.165610883827273,1972.07119748462,-88.2274180670469,130.626841521825,-55.053431722984,48.0969436544132
sc361,6743,6761,5.62666666666667,4.32666666666667,5.22333333333333,0.165352043120389,1905.45346590336,-90.9833164410452,135.04467121407,-52.8720376416932,47.2193559853011
sc362,6746,6764,4.2975,4.82,4.9825,0.172912641224883,1958.43960177839,-81.9108204566077,132.46852952664,-55.708536438665,48.9480704878204
sc363,6748,6766,4.875,4.68,5.5975,0.194986304308099,1957.92252419643,-67.1154196046671,132.637918121173,-56.6309916387875,48.8856475136945
sc364,6751,6769,4.80666666666667,4.40111111111111,4.76222222222222,0.204768096696241,1889.94031196171,-67.8775502495445,134.907884802647,-49.3136125473443,47.5120174248233
sc365,6753,6771,5.65666666666667,4.02,5.28,0.213144335649595,1843.88749551622,-61.9044262233525,136.789747205142,-46.016347844278,45.9455495712005
sc366,6756,6774,5.965,4.20875,5.8475,0.228975872415086,1717.37716262888,-63.3676471663477,142.860879360665,-45.9400125253319,42.3426352819301
sc368,6761,6779,4.42444444444444,4.84888888888889,4.88333333333333,0.237983596298076,1715.33312670297,-60.2968208457352,142.529057987777,-51.1650288724822,37.2045982714905
sc369,6763,6781,4.85,4.70285714285714,5.56714285714286,0.222169903212426,1718.96296058763,-78.0547290771541,142.456054200147,-59.0887069268037,30.5326684711441
sc370,6766,6784,5.02181818181818,4.46454545454546,5.20636363636364,0.193248935089095,1772.26517224865,-104.041723759775,138.222167808912,-55.8642272682992,28.9444897231454
sc371,6768,6786,5.42333333333334,5.155,5.13166666666667,0.221543484870082,1805.28844721543,-82.8613513587504,137.339431406065,-56.937230712222,29.1211365286594
sc372,6771,6789,3.975,5.375,4.725,0.218300047064552,1894.10872574642,-87.7225455221487,133.818175346174,-62.7789466461205,33.5905725604355
sc373,6773,6791,5.91666666666667,4.40333333333333,6.085,0.183709368209772,2000.5559630021,-104.470368882566,127.447987759284,-59.5098274357657,36.1537248537526
sc374,6776,6794,5.45666666666667,4.22222222222222,5.32444444444444,0.146475505426756,2170.13570900632,-125.425712486823,116.407280070433,-56.8085862720144,38.5377898237212
sc375,6778,6796,4.87333333333333,4.50833333333333,5.21333333333333,0.145391217701676,2267.18963434033,-124.901010995266,107.010899211285,-47.3739135960478,46.9512117889263
sc376,6781,6799,5.3875,4.60125,5.46375,0.144050432185529,2459.90266540166,-115.569238225839,93.7170332940566,-36.6751421921426,55.3032810441502
sc377,6783,6801,5.56333333333333,3.92,5.82333333333333,0.167934592173726,2457.06169233748,-91.2383637072138,95.4048516394913,-40.1935418559939,55.1638852279367
sc378,6786,6804,5.676,4.602,5.926,0.177034638142819,2668.56839070328,-79.9133422145779,83.1089397022071,-33.9357574957256,53.8821856068684
sc379,6788,6806,5.389,4.884,5.473,0.157715483297199,2771.88703830052,-89.9121340778935,76.7216861727803,-26.9462598884905,52.4229244991799
sc380,6791,6809,5.58,4.396,4.816,0.173308594266429,2644.12415602969,-82.1454057260728,82.1967178482851,-25.2893714179985,47.1658888608326
sc381,6793,6811,5.45777777777778,4.07,5.48666666666667,0.165893215131969,2579.55851694514,-89.0351987588769,83.7676659136297,-24.8521194553492,44.6911150624341
sc382,6796,6814,5.61266666666667,4.25866666666667,5.54933333333333,0.163620949652748,2421.36727404122,-99.8374270279037,98.5570629395658,-29.4405393961957,37.3332882680048
sc383,6798,6816,6.0375,4.445,5.6,0.155992434513994,2227.81446787369,-115.207468660709,111.502608509194,-32.8830687149863,33.112282765863
sc384,6801,6819,5.2,4.255,5.19666666666667,0.127663869808394,2043.01946302569,-148.20192107918,123.631718813103,-29.8722761064124,24.9582752746127
sc385,6803,6821,6.00666666666667,4.00333333333333,5.87,0.102076858523984,1948.57912738642,-164.494254976537,128.472309927224,-30.8068457806018,27.7456528756136
sc386,6806,6824,5.71333333333333,3.73166666666667,5.33833333333333,0.100403308535505,1702.54010623516,-173.143794611807,140.681470417175,-36.325859090884,29.2780164280509
sc387,6808,6826,4.796,4.522,4.89,0.077698937506922,1793.58155655934,-183.913889636858,136.077271099552,-34.3442040772926,30.4380191688064
sc388,6811,6829,6.008,3.62,5.952,0.100809255957803,1811.43318952141,-155.609683841026,137.320083277699,-36.5779177800979,30.0083139266589
sc389,6813,6831,5.53714285714286,4.15642857142857,5.60571428571429,0.126266108409003,1837.93318600237,-136.761130296387,134.583892798057,-36.0797584679377,31.5698301756688
sc390,6816,6834,4.935,5.3025,4.9275,0.210025554781444,1898.54885607029,-79.188564265942,128.221037835174,-33.7549516517623,38.3461503782457
sc391,6818,6836,5.689,4.266,5.762,0.216642312623551,1952.82155033355,-65.439632003055,123.360714667093,-29.7523386060449,41.6476108223159
sc392,6821,6839,5.28,3.38333333333333,5.33333333333333,0.219052605211288,1857.27921717367,-66.5861918034924,130.695408976251,-35.7041325966878,41.2989073167783
sc393,6823,6841,3.14666666666667,5.50666666666667,3.93,0.208685344481613,1862.21950505973,-72.9929423543598,130.557768277727,-36.6946208759423,42.0586852856144
sc394,6826,6844,4.43,3.22,4.84,0.278625894622508,1722.4555509574,-41.263437430667,141.044380722465,-43.1428898506771,40.9085553068736
sc395,6828,6846,4.851,4.014,5.041,0.285782968198213,1668.74253084495,-39.6153029153102,144.089059139565,-41.9901000208929,41.038382400986
sc396,6831,6849,5.36,3.46375,4.92,0.250950444911258,1697.12327236616,-53.460874362334,141.010716401506,-41.4891931209436,38.3861827107053
sc397,6833,6851,5.43666666666667,4.57,5.25666666666667,0.209875531838211,1726.89603901391,-68.2322068761526,141.27334490322,-43.206283199574,38.4313938106133
sc398,6836,6854,5.33,3.1,5.17,0.207412672558862,1689.9180872309,-65.1827857389055,144.759896878163,-46.522502476132,41.6798352989095
sc399,6838,6856,4.97333333333333,4.19333333333333,5.54,0.214274793882647,1732.75881997392,-50.1497723058094,142.064851912279,-47.6846550471513,42.938282913321
sc400,6841,6859,5.86,5.68,5.9,0.214730316295611,1803.80024899537,-42.3607177644987,136.243236334064,-43.6311396875006,39.4319109706592
sc401,6843,6861,5.1075,4.08,5.355,0.18519212653726,1807.29817428364,-57.0849156056695,134.574517485494,-40.7351428231502,38.407240443412
sc402,6846,6864,5.64125,4.0175,5.69625,0.175674572903794,1760.3466827572,-64.6691873434524,136.598474745884,-41.1305520049633,40.0701363549643
sc403,6848,6866,6.02,3.30666666666667,5.99333333333333,0.184079917956627,1750.01434407521,-60.9790736599925,137.685805906954,-40.8221751266673,39.7882678580605
sc404,6851,6869,4.81,4.62,5.65,0.177565606112401,1805.95419823892,-60.5104492963412,134.550087832418,-44.830857210623,41.5480328361333
sc405,6853,6871,4.14,4.42,5.425,0.176656449264616,1849.89745573936,-58.9800948729956,131.18405375894,-45.2556731187293,40.022622657004
sc406,6856,6874,5.72333333333333,4.145,6.00833333333333,0.162524122539533,1866.57077692672,-71.0513252715106,127.70632050266,-41.3680467869798,36.9529099426389
sc407,6858,6876,5.49857142857143,3.64142857142857,5.46428571428571,0.162567858920874,1880.11033252472,-68.7312888650304,126.944215765308,-44.4206666893933,37.3850193470708
sc408,6861,6879,4.914,4.56,4.788,0.17409212734866,1943.40446782343,-61.0958081627197,123.603237307698,-47.478788222953,40.7848491447144
sc409,6863,6881,5.23666666666667,3.57333333333333,5.24666666666667,0.170930821100153,2005.89190077601,-59.1154633235404,120.974827935002,-51.7135204926256,39.0440881044806
sc410,6866,6884,5.636,4.252,5.72,0.135812203234893,2098.67254024474,-71.0669177988522,114.118775838095,-51.7421021902828,38.9174899579438
sc411,6868,6886,5.4475,4.45875,5.6,0.151260231921707,2054.7625880755,-66.7967004457833,116.062063548609,-48.6051442965586,36.6231613442997
sc412,6871,6889,5.455,3.55,5.085,0.158972038231761,2039.82170480814,-63.1241585296645,114.312164047282,-42.6796375925498,35.0441009156261
sc413,6873,6891,4.85,4.285,5.645,0.170718891892427,2074.35649800084,-52.1140814165032,111.895921128242,-42.9891867709663,34.2678951895877
sc414,6876,6894,5.33,3.1,5.17,0.183288685149886,2095.79730687922,-45.8459428558792,109.436707578888,-39.7438442698768,32.0958117053018
sc415,6878,6896,5.48,4.12714285714286,5.57285714285714,0.19492058756115,2035.33701463459,-38.4868719715735,112.554418892771,-39.1793313127809,27.9945746885559
sc416,6881,6899,4.964,4.642,4.884,0.203039139393476,2009.64292710489,-33.062298728389,113.875927156282,-36.929363453163,25.9237956313944
sc417,6883,6901,4.99333333333333,4.00666666666667,5.63333333333333,0.214548351695284,1986.16319916902,-26.1563473028474,114.615424661423,-34.6444379171082,26.4177089931402
sc418,6886,6904,4.9,5.075,5.55,0.207290930667868,2037.71843216409,-22.5796874614161,110.899108069387,-32.7132740055716,26.3652536953069
sc419,6888,6906,5.90666666666667,4.94666666666667,5.66333333333333,0.203903074701025,2088.47763642109,-22.5264525879621,107.585721379014,-30.4464241744768,24.0249887651676
sc420,6891,6909,5.9875,4.5775,5.3725,0.19592919252716,2112.87884265702,-26.3262835509076,105.263074896249,-30.679886242104,24.364928572737
sc421,6893,6911,5.54,4.37333333333333,6.11,0.213308930064898,2111.20123670845,-19.2508963392501,107.026361247568,-32.849729508141,28.8878175448599
sc422,6896,6914,3.65333333333333,4.88,4.83333333333333,0.195785262237413,1991.18637588839,-45.6538308196105,116.756676275374,-35.3663801211353,29.3190077282508
sc423,6898,6916,5.57714285714286,4.04714285714286,5.96571428571429,0.186116964449492,1900.94860268947,-62.3930965626766,122.819579605261,-36.4559353631244,31.7939315956149
sc424,6901,6919,6.095,4.48,6.4,0.175642413534786,1819.44673329095,-80.1563428157675,130.022830687938,-40.4237818391078,31.1562459832089
sc425,6903,6921,4.9825,4.5475,4.98,0.173338279892824,1749.59455632897,-86.6908858884218,136.402086767388,-43.2372853594138,34.4316683213388
sc426,6906,6924,4.71,4.69111111111111,5.04555555555556,0.187606215091325,1575.71821535808,-91.8597600589648,150.196249330266,-47.4999444961636,38.4173767506907
sc427,6908,6926,5.79,3.42,5.95,0.172021239681459,1494.33840837964,-107.307655611126,156.315609474692,-47.9141959894394,39.8779535985231
sc428,6911,6929,4.95,3.4875,5.1575,0.144575385116951,1407.42874715976,-125.63037112127,160.852981813411,-46.4587140068507,38.8814630764573
sc429,6913,6931,5.16666666666667,4.24,5.53666666666667,0.134404758978611,1466.31200812788,-121.952566705342,156.428564819142,-46.8766170748273,39.1137681745956
sc430,6916,6934,5.605,3.185,5.495,0.145539085098286,1614.87719900872,-99.0894193103302,146.410950758717,-43.7590056795634,40.6959817719413
sc431,6918,6936,5.285,3.58,5.34,0.142915079091418,1705.57479256652,-91.0389925702971,139.524740968684,-38.96460249559,42.4595753467626
sc432,6921,6939,5.42833333333333,4.05,5.51666666666667,0.139853994516559,1744.85889033517,-91.1218469448133,135.021080974335,-33.3526487511803,40.7492091465717
sc433,6923,6941,4.59666666666667,4.75,4.69333333333333,0.120789662796162,1844.72400239979,-98.6000079313697,128.57888453735,-29.6091418778079,38.833167785964
sc434,6926,6944,5.5425,3.82333333333333,5.5725,0.124237951329679,2014.83282174896,-90.7888468944749,117.57566670346,-23.1486600189292,35.8321465389398
sc435,6928,6946,4.765,4.26,5.63,0.126569699268621,2098.95560764124,-84.7253305031601,111.425349971412,-21.6142930691526,33.3241383993549
sc436,6931,6949,5.69,4.38666666666667,5.44,0.121091721490836,2143.23228222001,-87.0338086325716,108.158306750336,-17.2596180595712,32.4504732992192
sc437,6933,6951,4.43,3.22,4.84,0.117165944485573,2147.45112204603,-89.7640483733167,107.785087162642,-16.5550510017577,33.3295006577949
sc438,6936,6954,5.63428571428571,3.84285714285714,5.96142857142857,0.119438396784451,2107.57340914064,-89.8686993480182,109.46175288303,-18.5919390953075,31.0215035663456
sc439,6938,6956,5.7125,4.5025,5.77125,0.121168181200002,2013.54114227408,-93.0227241670243,115.671754166364,-20.8459745429466,30.7151888442231
sc440,6941,6959,5.23,3.8475,5.515,0.120644806103626,1911.56060358529,-95.9973971487267,120.572170792118,-22.9447133314677,29.8552583681416
sc441,6943,6961,4.99333333333333,4.69,4.8,0.116932717805122,1771.65058302218,-103.991097002144,129.27068837933,-28.4680698682726,30.9137084407199
sc442,6946,6964,5.44,4.03,5.6825,0.115535603846989,1650.99513112412,-110.396484060134,138.776201286774,-31.8363390782276,30.1361354106814
sc443,6948,6966,5.24166666666667,3.54333333333333,5.17166666666667,0.119956756383878,1642.66969006211,-107.879044560473,140.455487839402,-33.4809817423354,31.3618954141796
sc444,6951,6969,4.7725,5.365,5.72,0.112938549806056,1522.53820895228,-116.842022779115,147.409984494641,-34.2304351906371,29.5433552666947
sc445,6953,6971,5.44833333333333,4.44,4.99333333333333,0.119212778539548,1494.52167908886,-113.289517585393,150.06259935854,-36.6563673012369,31.0629863631957
sc446,6956,6974,4.93,2.775,5.015,0.118635964188912,1568.21507282086,-106.622305561438,146.197236163559,-39.738996344762,34.1105004973411
sc447,6958,6976,4.34166666666667,4.82666666666667,4.58,0.141165110221579,1665.1457652823,-93.7994156741302,139.794158699664,-40.2362007415617,37.2834962060501
sc448,6961,6979,5.40083333333333,5.0775,5.25583333333333,0.156575043486411,1764.29322329126,-77.9904104441714,133.187144891899,-40.5409845298945,38.7818419885631
sc449,6963,6981,5.3475,4.156875,5.695625,0.156141762565892,1823.76317710932,-75.7019909274748,127.960295572043,-38.2140625767235,40.0964760572697
sc450,6966,6984,5.0975,4.51,5.1325,0.15349370073558,1850.01730911401,-83.6741611656831,123.501578790615,-44.7147667101021,32.3691374449612
sc451,6968,6986,4.775,3.82,5.14,0.146039995289259,1879.58693676113,-91.8004340239961,120.095861690135,-48.281185708698,27.4345940703357
sc452,6971,6989,4.99,4.425,5.55,0.138065558116839,1904.8060993098,-102.390280276572,117.911974281228,-51.1013799910293,23.2224322140142
sc453,6973,6991,5.285,3.58,5.34,0.127485531070762,1850.77430353769,-120.064322943461,120.032487286342,-47.0301174954913,20.3177985961705
sc454,6976,6994,5.70714285714286,4.29857142857143,5.76285714285714,0.098818658713842,1632.91988276177,-155.015419833912,139.053419784431,-47.6913967180773,14.6136846642596
sc455,6978,6996,5.36333333333333,3.81466666666667,5.35133333333333,0.089080155472405,1557.25429325409,-165.318679476565,145.803107731199,-47.0002434961717,15.5644896493306
sc457,6983,7001,6.485,5.735,5.39,0.099943436968129,1484.96116587092,-153.019317856962,153.940616395794,-46.2375489220617,22.9061906519929
sc458,6986,7004,4.22,5.21666666666667,4.78333333333333,0.109637064705832,1437.56790475342,-137.719553325282,158.858356188743,-39.4920065528974,31.4911596790124
sc459,6988,7006,6.0825,4.5625,6.24,0.112282468191257,1421.13396442342,-133.446741606654,159.713754906167,-37.6833292426905,32.9700699457494
sc460,6991,7009,5.375,4.48666666666667,4.99166666666667,0.130924084420265,1478.82232374059,-109.812601367015,157.00350942785,-41.3877969221347,37.4174639503845
sc461,6993,7011,5.54,3.88666666666667,5.41333333333333,0.15647069739651,1585.60388585377,-84.0460102981988,146.159253541563,-38.8541601913833,39.8542111361243
sc462,6996,7014,5.41933333333333,3.74666666666667,5.37666666666667,0.162016379243186,1733.35303639071,-67.887669921646,132.02775525077,-37.4604235965118,40.106925163211
sc463,6998,7016,5.695,4.08666666666667,5.38166666666667,0.166786542716629,1761.96849857345,-65.1114095536738,129.220037138369,-37.8221594196452,38.9244313601009
sc464,7001,7019,6.2025,3.135,5.095,0.196544811223884,1743.86193348947,-54.9668660017309,131.582092863827,-40.2494491510085,40.230167942555
sc465,7003,7021,5.168,4.462,5.192,0.199968660401181,1741.33001166699,-54.113170304309,132.062962932741,-40.2309656902178,40.8950937891534
sc466,7006,7024,6.1625,3.91,5.685,0.211271546093459,1717.04444388111,-54.2696897771377,133.277446556181,-38.2118351511054,40.3160038296675
sc467,7008,7026,6.01777777777778,3.87444444444444,5.59333333333333,0.215236815493369,1718.76296344408,-53.9129768211934,133.624664055307,-37.3301633093417,38.8953147402257
sc468,7023,7025,5.06333333333333,4.24333333333333,5.26666666666667,0.123311903201501,1414.56473653441,-128.976643653322,157.669069923816,-32.4660438982348,19.769161085896
sc469,7026,7028,5.01333333333333,4.08,5.33583333333333,0.271589167154633,1944.11020839627,-11.117962449659,119.142271900684,-40.6668575831006,40.0114532221399
sc470,7028,7030,5.75,3.82,5.47333333333333,0.114288084138776,2056.73121624202,-69.3456914761147,111.392704627166,-22.8884624755304,23.9218601504343
sc471,7031,7033,4.66583333333333,4.37,5.29583333333333,0.229845278882373,1465.48359413624,-67.3823289254039,138.931250271526,-13.9507816354147,30.3711631199374
sc472,7033,7035,5.21,4.11333333333333,4.62,0.334443276200819,1524.59731300192,-4.03034650992802,140.046443227882,-17.5100533835088,35.8921122345395
sc474,7033,7036,5.708125,4.5375,5.203125,0.334443276200819,1524.59731300192,-4.03034650992802,140.046443227882,-17.5100533835088,35.8921122345395
sc473,7036,7038,4.78714285714286,4.48285714285714,4.63428571428571,0.31055339057302,1732.26708449977,3.55908719610294,129.250583794354,-16.251881557414,29.7794549871567
sc475,7047,7049,6.238,4.676,5.25,0.077373321436051,1614.62374410371,-175.736181975889,132.156264948401,-2.89835296958073,21.9710518695189
sc476,7050,7055,5.72375,3.3725,5.7575,0.109225511627523,1654.00730058806,-107.890620865467,132.254282863134,-22.1931552257468,34.7873024003913
sc477,7052,7057,6.515,3.77,5.41,0.137086855380772,1644.69886346029,-104.007711029688,135.63424188945,-29.4919104535788,32.2948487861689
sc478,7055,7060,5.60333333333333,4.64,5.29,0.177742564074456,1535.48265464209,-76.8468265970306,143.269393304539,-31.1434397819159,31.9609289387762
sc479,7067,7108,5.96450980392157,4.03882352941177,5.89647058823529,0.064243026667742,2137.1817193509,-164.071572259708,107.708588564524,-30.6650572333566,23.5979039975007
sc480,7110,7210,5.83820512820513,4.0225641025641,5.63692307692308,0.091669862787177,2024.11617360381,-125.674742448913,109.517547920076,-28.9095856287801,30.6907644470955
