Start,End,Valence,Arousal,Dominance,AudioLevel
"40.0","112.0","5.50714285714","4.38416666667","5.33678571429","medium"
"112.0","129.0","4.97785714286","4.00214285714","5.36214285714","loud"
"130.0","148.0","5.88136363636","4.73272727273","5.65409090909","loud"
"148.0","163.0","5.28727272727","4.05454545455","5.45363636364","medium"
"164.0","186.0","5.71485714286","3.73057142857","5.70028571429","loudest"
"186.0","660.0","5.17449877751","4.30207823961","5.23841075795","loudest"
"661.0","684.0","5.65090909091","3.77272727273","5.41696969697","silent"
"685.0","751.0","5.44576470588","4.122","5.404","silent"
"752.0","915.0","5.11447513812","4.06160220994","5.27790055249","medium"
"915.0","991.0","5.2725","4.08925","5.334","medium"
"992.0","1017.0","4.615","3.6775","5.0725","silent"
"1018.0","1024.0","5.37846153846","4.16769230769","5.39846153846","silent"
"1025.0","1034.0","5.375","3.95","5.2475","silent"
"1035.0","1044.0","4.90642857143","3.73642857143","5.235","silent"
"1045.0","1058.0","5.32777777778","4.57333333333","5.60555555556","silent"
"1059.0","1169.0","5.03686131387","4.11598540146","5.30496350365","silent"
"1170.0","1368.0","5.30593406593","4.12615384615","5.30076923077","silent"
"1369.0","1402.0","5.42763157895","3.86","5.42368421053","silent"
"1403.0","1424.0","5.45754716981","3.78301886792","5.51509433962","silent"
"1424.0","1530.0","5.6053125","3.7384375","5.299375","silent"
"1530.0","1622.0","4.92762711864","4.03728813559","5.25627118644","silent"
"1623.0","1647.0","5.34047169811","4.16575471698","5.28245283019","silent"
"1648.0","1864.0","5.34120253165","4.21126582278","5.38721518987","silent"
"1865.0","1984.0","5.52875","4.0565625","5.450625","silent"
"1985.0","1999.0","5.832","3.764","6.024","silent"
"2000.0","2014.0","5.23666666667","3.405","5.55","silent"
"2015.0","2044.0","6.042","3.886","5.346","medium"
"2045.0","2066.0","5.73571428571","3.85952380952","5.53047619048","silent"
"2067.0","2101.0","5.58125","3.835625","5.395","silent"
"2102.0","2279.0","5.33048888889","4.15333333333","5.38284444444","medium"
"2280.0","2358.0","5.185625","4.21260416667","5.22802083333","loud"
"2360.0","2365.0","6.27285714286","4.38428571429","5.45857142857","silent"
"2425.0","2429.0","5.48214285714","4.09071428571","5.66714285714","silent"
"2430.0","2496.0","5.4205","4.025","5.4645","silent"
"2436.0","2440.0","4.65666666667","4.0225","5.02083333333","silent"
"2497.0","2506.0","5.24923076923","4.17461538462","5.39769230769","silent"
"2507.0","2539.0","5.43516666667","4.16916666667","5.32716666667","silent"
"2540.0","2557.0","5.31681818182","3.85590909091","5.21863636364","medium"
"2558.0","2629.0","5.06529411765","4.1631372549","5.10333333333","medium"
"2630.0","2644.0","5.36833333333","4.18166666667","4.88","silent"
"2645.0","2864.0","5.3485106383","4.03212765957","5.24170212766","silent"
"2681.0","2850.0","5.7076344086","4.1888172043","5.38870967742","silent"
"2865.0","2882.0","5.66069767442","3.8611627907","5.49209302326","loud"
"2883.0","2909.0","5.63714285714","4.06428571429","5.75285714286","silent"
"2910.0","3429.0","5.38474820144","4.01442446043","5.37838129496","medium"
"3285.0","3319.0","5.31189655172","3.93913793103","5.29034482759","silent"
"3320.0","3324.0","3.17","6.35","3.62","silent"
"3325.0","3329.0","4.135","5.045","4.755","silent"
"3330.0","3429.0","5.00948275862","4.11189655172","5.17172413793","silent"
"3429.0","3689.0","5.00122807018","4.15035087719","5.16368421053","silent"
"3490.0","3610.0","5.45766990291","4.20873786408","5.59145631068","medium"
"3610.0","3690.0","5.54542857143","3.99071428571","5.49028571429","silent"
"3690.0","3751.0","5.71103448276","4.0524137931","5.5524137931","silent"
"3785.0","3935.0","5.60743902439","4.11774390244","5.48079268293","silent"
"3936.0","4085.0","5.40824427481","4.12870229008","5.33435114504","medium"
"4137.0","4140.0","5.46318181818","4.11636363636","5.22318181818","silent"
"4141.0","4360.0","5.59294372294","4.07212121212","5.3767965368","silent"
"4365.0","4430.0","5.41619565217","3.98945652174","5.4697826087","silent"
"4495.0","4820.0","5.33142011834","4.10224852071","5.45958579882","medium"
"4824.0","4957.0","5.50688741722","4.23993377483","5.43947019868","silent"
"5100.0","5236.0","5.43527777778","4.14631944444","5.43097222222","silent"
"5238.0","5274.0","5.47868421053","4.21592105263","5.42697368421","silent"
"5280.0","5298.0","5.35473684211","3.89526315789","5.24947368421","silent"
"5310.0","5580.0","5.33887417219","4.10158940397","5.31152317881","medium"
"5585.0","5598.0","5.55578947368","4.06684210526","5.33684210526","medium"
"5600.0","5673.0","5.32472","4.06536","5.37392","loud"
"5675.0","5810.0","5.2074015748","4.18330708661","5.34708661417","loudest"
"5983.0","6010.0","4.53961538462","4.29384615385","4.955","loud"
"6033.0","6093.0","5.33694444444","3.98194444444","5.4975","loud"
"6148.0","6210.0","5.44052631579","4.30473684211","5.18605263158","loud"
"155.0","198.0","5.4053968254","4.1880952381","5.33523809524","medium"
"199.0","206.0","5.10636363636","4.52","5.49181818182","medium"
"207.0","270.0","4.87692307692","4.60512820513","5.12435897436","medium"
"274.0","292.0","5.2125","4.4025","5.24678571429","silent"
"293.0","294.0","6.078","3.894","5.818","silent"
"297.0","332.0","5.70071428571","3.98619047619","5.41166666667","silent"
"341.0","372.0","4.91111111111","4.542","5.22644444444","silent"
"373.0","394.0","5.48242424242","4.08636363636","5.33636363636","medium"
"395.0","422.0","5.23744186047","4.31325581395","5.22558139535","silent"
"427.0","432.0","5.10583333333","4.70583333333","5.09083333333","silent"
"433.0","441.0","5.65615384615","4.19692307692","5.43384615385","silent"
"449.0","528.0","5.20247619048","4.06533333333","5.3439047619","silent"
"529.0","534.0","5.46333333333","4.02","5.35333333333","silent"
"535.0","628.0","5.51227848101","3.80569620253","5.28329113924","silent"
"629.0","680.0","5.07424242424","3.87151515152","5.13121212121","silent"
"681.0","775.0","5.33267605634","3.96323943662","5.09704225352","silent"
"776.0","836.0","5.62066666667","4.02866666667","5.431","silent"
"840.0","885.0","5.0205","3.7625","5.2975","silent"
"887.0","900.0","5.37529411765","3.39529411765","5.38882352941","silent"
"901.0","909.0","5.74166666667","4.01833333333","5.19333333333","silent"
"910.0","940.0","5.43157894737","3.97315789474","5.26526315789","silent"
"941.0","950.0","6.33666666667","3.44333333333","5.54","silent"
"941.0","991.0","5.22058823529","4.16558823529","5.41441176471","silent"
"993.0","1177.0","5.54808290155","3.91751295337","5.44362694301","silent"
"1180.0","1412.0","5.73714754098","4.03783606557","5.61062295082","silent"
"1413.0","1532.0","5.85129770992","3.89786259542","5.60694656489","silent"
"1533.0","1568.0","5.30125","3.77","5.22875","medium"
"1570.0","1594.0","5.34333333333","3.95958333333","5.24541666667","silent"
"1595.0","1630.0","5.60133333333","3.95644444444","5.32066666667","silent"
"1634.0","1647.0","6.04545454545","4.01272727273","5.63181818182","silent"
"1648.0","1664.0","5.86434782609","3.97869565217","5.4952173913","silent"
"1665.0","1673.0","5.22783783784","3.99378378378","5.51756756757","silent"
"1674.0","1681.0","5.27210526316","4.10736842105","5.39815789474","silent"
"1682.0","1692.0","5.62875","4.303125","5.075","silent"
"1693.0","1724.0","5.6","4.15534482759","5.49637931034","silent"
"1750.0","1924.0","5.63095238095","3.89895238095","5.36638095238","silent"
"1925.0","1953.0","5.6885106383","3.87","5.45127659574","silent"
"1954.0","2212.0","5.5838028169","4.17014084507","5.4923943662","silent"
"2213.0","2220.0","4.20333333333","5.10333333333","4.645","silent"
"2221.0","2344.0","5.14149068323","4.12080745342","5.39453416149","medium"
"2346.0","2404.0","5.37923076923","4.08","5.28051282051","silent"
"2405.0","2410.0","3.0","4.13","3.895","silent"
"2411.0","2453.0","5.66111111111","4.16444444444","5.40722222222","silent"
"2455.0","2459.0","4.858","4.82","5.124","silent"
"2460.0","2501.0","5.34023809524","4.27261904762","5.44619047619","silent"
"2502.0","2546.0","5.83529411765","4.26","5.52470588235","silent"
"2547.0","2567.0","4.85681818182","3.98772727273","5.22227272727","silent"
"2600.0","2639.0","5.63828571429","3.99485714286","5.55942857143","silent"
"2648.0","2689.0","5.48581395349","4.05325581395","5.57558139535","silent"
"2690.0","2853.0","5.28456221198","4.31059907834","5.33695852535","silent"
"2855.0","2860.0","6.02083333333","3.89416666667","5.54666666667","silent"
"2861.0","2992.0","5.74243478261","4.09252173913","5.54313043478","silent"
"2993.0","2997.0","5.555","3.6625","5.7325","silent"
"2998.0","3072.0","5.34974683544","4.41708860759","5.31126582278","medium"
"3073.0","3077.0","5.035","4.6525","5.11","medium"
"3078.0","3101.0","5.62054054054","4.01243243243","5.69243243243","medium"
"3103.0","3135.0","5.32904761905","3.88785714286","5.55547619048","loud"
"3139.0","3160.0","5.33529411765","4.17088235294","5.32647058824","silent"
"3161.0","3251.0","5.67163636364","4.00936363636","5.53127272727","silent"
"3252.0","3271.0","5.66545454545","3.79","5.19818181818","loud"
"3273.0","3295.0","5.57045454545","4.00363636364","5.47181818182","silent"
"3297.0","3299.0","6.165","4.68","5.925","silent"
"3300.0","3302.0","5.332","4.456","5.254","silent"
"3303.0","3316.0","5.59636363636","4.26181818182","5.62","silent"
"3305.0","3371.0","5.60428571429","4.28714285714","5.31285714286","silent"
"3317.0","3328.0","5.46346153846","4.37038461538","5.42538461538","silent"
"3329.0","3336.0","5.57166666667","4.505","5.19","silent"
"3337.0","3343.0","5.60769230769","4.03461538462","5.53384615385","silent"
"3344.0","3304.0","6.001","4.1215","5.768","silent"
"3372.0","3383.0","5.95517241379","4.11655172414","5.72","silent"
"3385.0","3389.0","4.41","5.36","4.68","silent"
"3390.0","3419.0","5.9206122449","4.58693877551","5.62081632653","silent"
"3420.0","3425.0","4.68","5.515","4.62","medium"
"3426.0","3533.0","5.56379310345","4.12534482759","5.62818965517","medium"
"3534.0","3552.0","5.45692307692","3.66","5.54576923077","silent"
"3553.0","3763.0","5.69784232365","4.03074688797","5.54734439834","silent"
"3764.0","3790.0","4.90444444444","4.29444444444","5.01111111111","silent"
"3794.0","3836.0","5.30855263158","4.29421052632","5.38092105263","silent"
"3839.0","3846.0","5.68","4.13769230769","5.75153846154","silent"
"3851.0","3860.0","5.2585","3.9505","5.3715","silent"
"3863.0","3920.0","5.78383333333","3.95266666667","5.61033333333","silent"
"3922.0","3930.0","5.35631578947","4.62421052632","5.23368421053","silent"
"3931.0","3944.0","5.34625","4.143125","5.3375","silent"
"3945.0","3954.0","5.51","3.76785714286","5.38928571429","silent"
"3955.0","3960.0","5.34454545455","3.79","5.56","silent"
"3961.0","3975.0","5.74133333333","3.58933333333","5.57066666667","silent"
"3976.0","4018.0","5.60717391304","3.95586956522","5.56586956522","silent"
"4019.0","4059.0","5.18764705882","4.05","5.13529411765","silent"
"4060.0","4102.0","5.80269230769","3.95461538462","5.49461538462","medium"
"4103.0","4352.0","5.57701438849","4.10902877698","5.6431294964","medium"
"4209.0","4936.0","5.19224","4.08856","5.42888","medium"
"4353.0","4412.0","5.6975","3.89321428571","5.58857142857","medium"
"4413.0","4434.0","5.46347826087","3.91173913043","5.23","loud"
"4435.0","4445.0","5.660625","3.935","5.92","medium"
"4446.0","4556.0","5.30153846154","4.06989010989","5.31120879121","silent"
"4557.0","4582.0","5.86090909091","4.30727272727","5.60227272727","medium"
"4583.0","4629.0","5.20355555556","4.25222222222","5.16911111111","medium"
"4634.0","4673.0","5.3248","4.0524","5.3126","silent"
"4675.0","4686.0","5.592","3.621","5.4445","silent"
"4687.0","4748.0","5.55955882353","4.26602941176","5.54176470588","medium"
"4937.0","4986.0","5.4380952381","4.01365079365","5.48238095238","medium"
"4987.0","5009.0","5.18363636364","3.59045454545","5.38545454545","medium"
"5010.0","5018.0","5.398125","4.155625","5.260625","loud"
"5019.0","5029.0","5.55","4.224","5.438","silent"
"5030.0","5041.0","6.474","3.934","6.096","silent"
"5042.0","5047.0","5.102","3.894","5.256","medium"
"5048.0","5053.0","5.856","3.602","5.49","silent"
"5060.0","5065.0","4.906","3.504","5.598","silent"
"5066.0","5071.0","4.095","3.6525","5.1425","silent"
"5072.0","5089.0","4.83294117647","4.47117647059","5.31764705882","loud"
"5090.0","5096.0","5.87722222222","4.29666666667","5.66333333333","medium"
"5101.0","5143.0","5.57925925926","3.92","5.26740740741","loud"
"5145.0","5123.0","5.3727027027","3.95391891892","5.44756756757","loud"
"5221.0","5254.0","5.68458333333","3.85847222222","5.57416666667","loud"
"5255.0","5263.0","5.02","4.29590909091","4.95772727273","loudest"
"5264.0","5270.0","5.76533333333","4.68","5.48666666667","medium"
"5271.0","5276.0","5.08125","4.86125","5.36125","silent"
"5277.0","5358.0","5.23232","4.26472","5.224","silent"
"5364.0","5372.0","5.01071428571","3.95357142857","5.49928571429","silent"
"5373.0","5381.0","5.82375","4.23375","6.0275","silent"
"5382.0","5395.0","5.50692307692","4.17307692308","5.25961538462","silent"
"5396.0","5489.0","5.39068493151","4.1404109589","5.43534246575","silent"
"5490.0","5504.0","5.7668","4.064","5.6368","silent"
"5505.0","5521.0","5.4","4.41","5.45272727273","silent"
"5522.0","5527.0","5.41333333333","4.33166666667","5.435","silent"
"5528.0","5577.0","5.249375","4.257125","5.368625","silent"
"5578.0","5587.0","5.50526315789","4.08","5.49473684211","silent"
"5605.0","5617.0","5.3","3.73","5.7","silent"
"5618.0","5623.0","4.68142857143","4.20571428571","5.16285714286","silent"
"5628.0","5642.0","6.135","3.95083333333","5.68333333333","silent"
"5643.0","5644.0","4.5925","4.47","4.945","silent"
"5645.0","5647.0","5.53","4.9","5.61","silent"
"5648.0","5650.0","5.70888888889","4.06777777778","5.64444444444","silent"
"5651.0","5660.0","5.63857142857","4.61714285714","5.28285714286","silent"
"5664.0","5665.0","6.02333333333","4.28333333333","5.59166666667","silent"
"5667.0","5669.0","5.71333333333","4.505","6.03666666667","silent"
"5670.0","5674.0","4.37333333333","3.91","4.65333333333","silent"
"5676.0","5740.0","5.7","3.145","4.93","silent"
"5697.0","5700.0","5.0475","4.11","4.8575","silent"
"5701.0","5712.0","5.07333333333","4.52619047619","5.17952380952","silent"
"5720.0","5727.0","5.00625","4.49625","5.65625","silent"
"5729.0","5735.0","5.69058823529","4.69705882353","5.67647058824","silent"
"5745.0","5750.0","5.71526315789","4.41473684211","5.85684210526","medium"
"5751.0","5755.0","4.33111111111","5.30666666667","4.67777777778","medium"
"5763.0","5775.0","5.51125","4.7925","5.57625","silent"
"5776.0","5780.0","5.66444444444","3.73222222222","5.87444444444","loud"
"5783.0","5799.0","5.57588235294","4.15176470588","5.52","medium"
"5800.0","5886.0","5.93197368421","4.24328947368","5.65355263158","loud"
"5891.0","5902.0","5.49142857143","3.92285714286","5.38142857143","loud"
"5903.0","5906.0","5.19","3.825","4.79","medium"
"5906.0","5910.0","5.381","4.775","5.543","medium"
"5911.0","5916.0","5.665","4.38375","5.251875","loud"
"5920.0","5950.0","5.46578947368","4.09921052632","5.52710526316","medium"
"5962.0","5970.0","5.9325","3.98083333333","5.83666666667","medium"
"5977.0","6060.0","5.36734513274","4.12345132743","5.45663716814","loud"
"6065.0","6083.0","5.67714285714","3.87392857143","5.75392857143","medium"
"6085.0","6093.0","5.74807692308","4.27987179487","5.62705128205","medium"
"6163.0","6302.0","5.8244375","4.1224375","5.7186875","loud"
"6303.0","6307.0","5.10608695652","3.98086956522","5.05782608696","medium"
"6308.0","6320.0","5.35481481481","4.29296296296","5.45222222222","loud"
"6321.0","6330.0","5.57692307692","4.13692307692","5.17692307692","loudest"
"6331.0","6333.0","5.29571428571","4.54857142857","5.62571428571","loud"
"6333.0","6335.0","5.3225","4.02","5.19","silent"
"6334.0","6336.0","5.23444444444","4.63888888889","5.58333333333","medium"
"6337.0","6339.0","5.332","4.23","5.378","medium"
"6339.0","6341.0","5.985","4.175","5.125","loud"
"6342.0","6344.0","5.422","4.148","5.39","silent"
"6344.0","6346.0","5.432","3.876","5.668","silent"
"6347.0","6349.0","4.04","4.46666666667","4.07333333333","medium"
"6349.0","6351.0","5.205","4.34166666667","4.745","medium"
"6352.0","6354.0","5.75666666667","3.83","5.42666666667","medium"
"6354.0","6356.0","6.05","4.86","5.67","medium"
"6357.0","6359.0","5.39","4.4","5.38","medium"
"6359.0","6361.0","5.575","3.74","5.405","silent"
"6362.0","6364.0","5.53636363636","3.89909090909","5.37772727273","medium"
"6364.0","6366.0","5.57384615385","4.42615384615","5.32846153846","medium"
"6367.0","6369.0","4.93666666667","6.63","5.37333333333","medium"
"6369.0","6371.0","5.59047619048","4.33619047619","5.0980952381","medium"
"6372.0","6374.0","5.964","4.985","5.781","medium"
"6374.0","6376.0","5.335","4.2675","5.348125","silent"
"6377.0","6379.0","5.4525","4.16416666667","5.12166666667","silent"
"6379.0","6381.0","5.14916666667","4.79833333333","5.19916666667","medium"
"6382.0","6384.0","5.21769230769","4.70923076923","5.35769230769","medium"
"6384.0","6386.0","5.088","4.16666666667","5.062","medium"
"6387.0","6389.0","4.99333333333","4.69","4.8","medium"
"6389.0","6391.0","4.64","5.09333333333","5.51333333333","loudest"
"6392.0","6394.0","4.468","4.866","4.97","silent"
"6394.0","6396.0","4.2425","5.245","4.7","silent"
"6397.0","6399.0","4.85363636364","4.74909090909","5.02090909091","silent"
"6399.0","6401.0","4.54","4.855","4.65375","silent"
"6402.0","6404.0","5.189","4.351","5.164","silent"
"6404.0","6406.0","4.925","5.035","5.015","silent"
"6407.0","6409.0","7.32","5.0","7.16","medium"
"6409.0","6411.0","5.56333333333","4.05666666667","5.35166666667","medium"
"6412.0","6414.0","4.992","4.452","5.154","medium"
"6414.0","6427.0","5.11904761905","3.81142857143","5.13904761905","medium"
"6416.0","6429.0","5.22652173913","4.53304347826","5.38652173913","loud"
"6419.0","6432.0","5.54571428571","4.00714285714","5.24","loud"
"6430.0","6436.0","5.3225","4.4125","5.40083333333","medium"
"6432.0","6438.0","5.32","3.6575","5.0825","loud"
"6435.0","6441.0","5.10454545455","4.81272727273","4.71090909091","medium"
"6437.0","6443.0","5.73153846154","4.53846153846","5.42692307692","medium"
"6440.0","6446.0","5.25166666667","4.28666666667","5.02666666667","loud"
"6442.0","6448.0","4.61555555556","5.34555555556","4.93666666667","loudest"
"6445.0","6451.0","4.88333333333","4.50666666667","4.80888888889","loud"
"6447.0","6453.0","5.401","3.989","5.31","loud"
"6472.0","6478.0","5.69133333333","3.92133333333","5.31933333333","medium"
"6474.0","6480.0","5.20875","3.845","5.44125","silent"
"6477.0","6483.0","5.67529411765","4.15352941176","5.47411764706","silent"
"6479.0","6485.0","5.09263157895","4.09526315789","5.09263157895","silent"
"6482.0","6488.0","5.18625","4.20375","5.26125","silent"
"6484.0","6490.0","5.93666666667","3.31333333333","6.03666666667","silent"
"6487.0","6493.0","5.55857142857","3.82142857143","5.36142857143","silent"
"6489.0","6495.0","5.17","4.21","5.76","silent"
"6492.0","6498.0","4.86636363636","4.25818181818","5.08545454545","silent"
"6494.0","6500.0","5.188","3.928","5.694","silent"
"6497.0","6503.0","5.65857142857","3.86285714286","5.58142857143","silent"
"6499.0","6505.0","5.01428571429","4.34142857143","5.18428571429","silent"
"6502.0","6508.0","4.86","4.27","4.9675","silent"
"6504.0","6510.0","4.88","4.30111111111","5.10888888889","silent"
"6507.0","6513.0","5.48944444444","3.86277777778","5.52833333333","silent"
"6509.0","6515.0","5.17","3.84","5.9725","silent"
"6512.0","6518.0","5.25833333333","4.40166666667","5.305","silent"
"6514.0","6520.0","5.76","4.23333333333","5.94333333333","silent"
"6517.0","6523.0","5.33111111111","4.69777777778","5.67555555556","silent"
"6519.0","6525.0","4.715","4.795","5.04","silent"
"6522.0","6528.0","5.33818181818","4.09272727273","5.40818181818","silent"
"6524.0","6530.0","5.29666666667","4.1","5.49333333333","medium"
"6527.0","6533.0","5.17214285714","4.205","5.235","medium"
"6529.0","6535.0","5.0","4.61166666667","5.39333333333","medium"
"6532.0","6538.0","5.17444444444","4.61222222222","5.23111111111","medium"
"6534.0","6540.0","4.7","4.75666666667","4.76","medium"
"6537.0","6543.0","5.71","4.48","5.685","medium"
"6539.0","6545.0","5.4125","3.9725","5.305","medium"
"6542.0","6548.0","4.74","3.24","5.04","medium"
"6544.0","6550.0","4.595","3.87","4.745","silent"
"6547.0","6553.0","5.23","4.62222222222","5.77666666667","medium"
"6549.0","6555.0","5.70333333333","3.74222222222","5.65","medium"
"6552.0","6558.0","6.36666666667","3.90333333333","5.8","silent"
"6554.0","6560.0","5.24785714286","4.35785714286","5.53428571429","silent"
"6557.0","6563.0","5.603","5.203","5.202","silent"
"6559.0","6565.0","5.61142857143","4.43142857143","5.11285714286","silent"
"6562.0","6568.0","5.63375","4.34125","5.35375","silent"
"6564.0","6570.0","5.30333333333","4.25111111111","5.19222222222","silent"
"6567.0","6573.0","4.93777777778","4.47666666667","5.10555555556","silent"
"6569.0","6575.0","5.275","3.89166666667","5.70666666667","silent"
"6574.0","6580.0","5.48071428571","4.14428571429","5.19571428571","silent"
"6577.0","6583.0","5.17909090909","4.66181818182","5.23909090909","silent"
"6579.0","6585.0","5.55727272727","4.51363636364","5.62090909091","silent"
"6582.0","6588.0","5.04555555556","4.14777777778","5.08111111111","silent"
"6584.0","6590.0","4.776","4.704","5.066","silent"
"6587.0","6593.0","6.1925","4.33","6.075","silent"
"6589.0","6595.0","5.60523809524","4.25666666667","5.70047619048","silent"
"6592.0","6598.0","5.63","4.228","5.348","medium"
"6594.0","6600.0","6.077","4.46","6.066","silent"
"6597.0","6603.0","5.51045454545","4.26","5.48636363636","medium"
"6599.0","6605.0","5.49","4.35666666667","5.37166666667","medium"
"6602.0","6608.0","5.63","3.27","5.1","medium"
"6604.0","6610.0","5.41727272727","4.01909090909","5.22727272727","medium"
"6607.0","6613.0","5.24857142857","4.45857142857","5.48285714286","medium"
"15.0","40.0","5.94567567568","3.74756756757","5.72783783784","silent"
"41.0","60.0","5.30142857143","3.91571428571","5.55238095238","silent"
"61.0","72.0","6.01727272727","3.61454545455","5.64727272727","silent"
"73.0","565.0","5.64923076923","3.95898785425","5.57836032389","medium"
"566.0","623.0","5.67982142857","3.77","5.55892857143","loudest"
"624.0","660.0","5.85605263158","3.90315789474","5.73131578947","medium"
"661.0","665.0","5.78428571429","4.32285714286","5.54571428571","medium"
"666.0","670.0","5.062","4.358","5.24","medium"
"671.0","680.0","5.61458333333","3.79958333333","5.79375","silent"
"681.0","690.0","5.47","4.17230769231","5.22461538462","silent"
"710.0","750.0","6.10354166667","4.006875","5.555625","silent"
"751.0","763.0","5.7128","3.8188","5.3548","silent"
"766.0","787.0","5.71454545455","4.01484848485","5.57454545455","silent"
"788.0","790.0","5.642","4.023","5.278","silent"
"791.0","1020.0","5.96006060606","4.10218181818","5.7076969697","silent"
"1021.0","1040.0","5.74666666667","4.06666666667","5.54285714286","silent"
"1041.0","1110.0","5.524","4.14146666667","5.46","silent"
"1111.0","1128.0","5.03555555556","4.13962962963","5.26296296296","silent"
"1129.0","1160.0","5.66102040816","3.93632653061","5.30224489796","silent"
"1164.0","1290.0","5.44098484848","4.15984848485","5.45878787879","silent"
"1292.0","1320.0","5.98529411765","3.71529411765","5.72411764706","silent"
"1321.0","1357.0","6.055","3.66107142857","5.72142857143","silent"
"1358.0","1440.0","5.79185714286","3.858","5.56485714286","silent"
"1475.0","1734.0","5.55465240642","4.00786096257","5.47486631016","medium"
"1735.0","1740.0","5.47466666667","3.67533333333","5.53266666667","silent"
"1741.0","1814.0","5.36320512821","4.05051282051","5.49782051282","silent"
"1815.0","1817.0","5.48","3.59","5.57","silent"
"1818.0","1827.0","5.57894736842","4.40105263158","5.54526315789","silent"
"1828.0","1895.0","5.60135802469","4.09419753086","5.39419753086","silent"
"1897.0","1940.0","5.4888","3.9082","5.5004","silent"
"1945.0","1975.0","5.66555555556","3.75833333333","5.57","silent"
"1976.0","2040.0","5.8875","3.99541666667","5.34666666667","silent"
"2082.0","2140.0","5.71857142857","4.05510204082","5.44816326531","silent"
"2144.0","2196.0","5.54379310345","3.91603448276","5.55775862069","silent"
"2197.0","2248.0","6.06267605634","3.88887323944","5.76549295775","silent"
"2249.0","2285.0","5.69717948718","4.12794871795","5.31461538462","silent"
"2310.0","2349.0","5.52264705882","3.88676470588","5.37029411765","silent"
"2350.0","2360.0","5.3325","4.00416666667","5.23583333333","silent"
"2361.0","2385.0","5.65","3.86344827586","5.61413793103","silent"
"2386.0","2520.0","5.38888888889","4.161875","5.43958333333","silent"
"2525.0","2570.0","5.62754098361","4.1606557377","5.65147540984","silent"
"2575.0","2668.0","5.49975308642","4.15567901235","5.41148148148","medium"
"2669.0","2710.0","5.66214285714","4.14928571429","5.59857142857","silent"
"2712.0","2875.0","5.31927631579","4.11440789474","5.39947368421","silent"
"2877.0","2885.0","5.461","3.882","5.566","silent"
"2900.0","3008.0","5.52966666667","4.04153333333","5.50773333333","silent"
"3009.0","3062.0","5.90456140351","4.11070175439","5.65228070175","silent"
"3063.0","3085.0","5.35479166667","3.58416666667","5.47708333333","silent"
"3104.0","3120.0","4.99785714286","3.36214285714","5.05714285714","medium"
"3130.0","3184.0","5.25025","3.8175","5.67925","silent"
"3185.0","3264.0","5.67697674419","3.87790697674","5.64069767442","silent"
"3275.0","3439.0","5.26264","4.28632","5.21792","silent"
"3495.0","3507.0","5.81979166667","4.28020833333","5.643125","medium"
"3509.0","3523.0","5.69218181818","3.84309090909","5.54509090909","silent"
"3524.0","3545.0","5.62051282051","4.09076923077","5.42307692308","silent"
"3546.0","3623.0","5.73173076923","3.93807692308","5.51557692308","silent"
"3624.0","3674.0","5.48032258065","4.27774193548","5.32838709677","loud"
"3675.0","3689.0","5.72454545455","4.11227272727","5.57545454545","loud"
"3690.0","3700.0","5.53666666667","3.54333333333","5.88666666667","silent"
"3701.0","3759.0","5.76696969697","3.81545454545","5.59484848485","silent"
"3760.0","3780.0","5.81344827586","4.1575862069","5.65379310345","silent"
"3781.0","3845.0","5.63188235294","4.07623529412","5.42258823529","silent"
"3848.0","3852.0","5.62333333333","3.86222222222","5.53333333333","silent"
"3853.0","4005.0","5.38910614525","3.98078212291","5.56100558659","silent"
"4006.0","4029.0","5.54875","4.0528125","5.7484375","medium"
"4030.0","4090.0","5.445","4.09222222222","5.59333333333","silent"
"4091.0","4118.0","5.94885714286","3.87028571429","5.79657142857","silent"
"4121.0","4305.0","5.72764705882","4.21788235294","5.56611764706","silent"
"4306.0","4403.0","5.55320987654","4.15074074074","5.63234567901","silent"
"4404.0","4445.0","5.73540540541","3.94783783784","5.65837837838","loudest"
"4446.0","4470.0","5.64857142857","4.28","5.46142857143","loud"
"4484.0","4521.0","5.98066666667","3.67","5.86866666667","medium"
"4522.0","4555.0","5.39825","3.8495","5.332","medium"
"4556.0","4585.0","5.66153846154","4.10384615385","5.44307692308","loud"
"4586.0","4685.0","5.8998630137","4.07232876712","5.67863013699","medium"
"4686.0","4800.0","5.55734177215","4.0853164557","5.54227848101","loud"
"4801.0","4825.0","5.39833333333","3.49833333333","5.45083333333","loudest"
"4830.0","4845.0","5.76076923077","3.74461538462","5.58384615385","medium"
"4846.0","4880.0","5.524","3.78771428571","5.41657142857","loud"
"4890.0","4925.0","5.37842105263","4.16631578947","5.32947368421","medium"
"4951.0","4970.0","5.42456521739","4.14173913043","5.56217391304","medium"
"5010.0","5036.0","5.56103448276","3.93793103448","5.64551724138","silent"
"5055.0","5070.0","4.90375","4.99625","4.80125","silent"
"5100.0","5156.0","5.18","4.3325","5.39153846154","medium"
"5165.0","5245.0","5.439","3.98075","5.446625","medium"
"5246.0","5258.0","5.29533333333","4.06866666667","5.41733333333","medium"
"5259.0","5303.0","5.459","4.27783333333","5.58533333333","silent"
"5304.0","5319.0","5.68076923077","3.91807692308","5.60538461538","silent"
"5320.0","5389.0","5.31849315068","4.2998630137","5.47616438356","medium"
"5390.0","5730.0","5.4679047619","4.256","5.51320634921","medium"
"106.0","116.0","5.5075","4.07","5.461875","medium"
"120.0","159.0","5.43827586207","3.73275862069","5.28862068966","medium"
"160.0","203.0","5.22157894737","3.96052631579","5.27","silent"
"204.0","225.0","5.1005","4.1325","5.3825","medium"
"227.0","231.0","5.81133333333","3.66933333333","5.83533333333","medium"
"232.0","250.0","5.62181818182","3.97909090909","5.81727272727","silent"
"251.0","282.0","5.45755102041","3.98408163265","5.47714285714","silent"
"283.0","318.0","5.55290322581","4.09483870968","5.63032258065","medium"
"319.0","370.0","5.58293103448","4.00637931034","5.50862068966","loud"
"371.0","384.0","5.61909090909","4.22090909091","5.23090909091","loud"
"385.0","408.0","4.73357142857","4.41714285714","5.17214285714","medium"
"426.0","431.0","5.36181818182","4.35454545455","5.38545454545","loudest"
"432.0","444.0","5.759","4.24","5.625","loud"
"445.0","540.0","5.26415384615","4.28923076923","5.17492307692","medium"
"545.0","570.0","5.47714285714","4.07857142857","5.16857142857","silent"
"575.0","590.0","5.40428571429","3.71928571429","5.08857142857","silent"
"592.0","595.0","5.05833333333","3.64333333333","4.89333333333","silent"
"622.0","783.0","5.55701612903","4.05362903226","5.57314516129","medium"
"784.0","795.0","6.13733333333","4.35533333333","5.60266666667","loud"
"796.0","808.0","5.95","3.89538461538","5.61230769231","loud"
"809.0","879.0","5.599375","4.1990625","5.384375","silent"
"884.0","890.0","5.56769230769","4.21384615385","5.53384615385","silent"
"891.0","960.0","5.40735294118","3.57617647059","5.31323529412","silent"
"961.0","1042.0","5.24555555556","4.01314814815","5.45833333333","silent"
"1043.0","1062.0","5.744","3.49733333333","5.342","silent"
"1064.0","1107.0","5.45363636364","3.7303030303","5.42545454545","silent"
"1108.0","1159.0","5.65654545455","3.81672727273","5.56454545455","silent"
"1160.0","1164.0","5.41285714286","3.89428571429","5.51571428571","silent"
"1165.0","1197.0","5.4596969697","4.01606060606","5.47303030303","silent"
"1198.0","1202.0","4.78666666667","3.59333333333","5.21","silent"
"1203.0","1230.0","5.03384615385","3.77576923077","5.27923076923","silent"
"1245.0","1257.0","5.90176470588","4.08","5.63588235294","silent"
"1258.0","1366.0","5.69298387097","3.8589516129","5.53532258065","silent"
"1367.0","1470.0","5.47558823529","3.9868627451","5.4737254902","silent"
"1471.0","1589.0","5.79432432432","4.03351351351","5.64033783784","silent"
"1590.0","1610.0","5.0359375","3.9965625","5.2740625","silent"
"1614.0","1647.0","5.40016129032","4.07193548387","5.38758064516","silent"
"1648.0","1691.0","5.31852941176","3.53823529412","5.69235294118","silent"
"1692.0","1711.0","5.34833333333","4.00861111111","5.41583333333","medium"
"1712.0","1770.0","5.65716981132","3.90698113208","5.50471698113","medium"
"1771.0","1847.0","5.42045454545","4.22977272727","5.28113636364","medium"
"1847.0","1851.0","5.59777777778","3.37666666667","4.93333333333","medium"
"1852.0","1900.0","5.03423076923","4.49307692308","5.31346153846","loud"
"1879.0","1944.0","5.07125","4.5875","5.37","loud"
"1901.0","1915.0","6.03636363636","4.15636363636","5.60818181818","loud"
"1916.0","1938.0","4.81764705882","4.23941176471","5.33117647059","loud"
"1945.0","1960.0","5.05","4.236","5.472","medium"
"1962.0","2002.0","5.64655172414","4.04482758621","5.58896551724","silent"
"2003.0","2060.0","5.10317073171","4.48975609756","5.27817073171","loud"
"2063.0","2065.0","4.81125","4.25625","4.92","silent"
"2069.0","2116.0","5.31526315789","3.95228070175","5.31771929825","medium"
"2119.0","2167.0","4.98178571429","4.20357142857","5.2475","silent"
"2168.0","2180.0","4.84857142857","3.78857142857","5.15714285714","silent"
"2181.0","2200.0","5.25769230769","4.40384615385","5.45153846154","silent"
"2201.0","2205.0","5.2225","4.1925","5.65","silent"
"2220.0","2235.0","5.29916666667","4.08416666667","5.51583333333","silent"
"2236.0","2305.0","5.21262295082","4.35262295082","5.20885245902","silent"
"2306.0","2320.0","5.23357142857","4.43428571429","5.50285714286","silent"
"2321.0","2323.0","5.435","4.24","5.32","loud"
"2324.0","2348.0","5.32631578947","3.86263157895","5.29631578947","silent"
"2349.0","2442.0","5.58612244898","3.83183673469","5.52591836735","silent"
"2443.0","2460.0","6.13105263158","4.17263157895","5.62631578947","medium"
"2461.0","2470.0","5.22233333333","3.95666666667","5.243","silent"
"2471.0","2493.0","5.70913043478","3.82956521739","5.29217391304","medium"
"2494.0","2520.0","5.18757575758","3.8","5.3003030303","silent"
"2525.0","2608.0","5.43333333333","4.18333333333","5.51833333333","silent"
"2608.0","2809.0","5.325","4.0674","5.3258","silent"
"2810.0","2789.0","5.18068965517","3.78068965517","5.26","medium"
"2851.0","3024.0","5.47567010309","4.08536082474","5.4606185567","silent"
"3028.0","3070.0","5.31515151515","4.05787878788","5.305","silent"
"3071.0","3111.0","5.48317073171","3.88195121951","5.39195121951","silent"
"3140.0","3194.0","5.80625","4.0","5.49425","medium"
"3195.0","3226.0","5.55363636364","4.17696969697","5.40818181818","silent"
"3230.0","3239.0","5.064","3.914","5.64","loud"
"3240.0","3248.0","5.65296296296","3.82888888889","5.38962962963","loud"
"3249.0","3253.0","5.01666666667","4.14166666667","5.55166666667","silent"
"3254.0","3262.0","5.798","4.134","5.618","silent"
"3263.0","3269.0","6.162","3.533","6.035","silent"
"3270.0","3318.0","5.58138888889","3.92638888889","5.53111111111","medium"
"3319.0","3380.0","5.72411764706","3.82803921569","5.56509803922","silent"
"3381.0","3396.0","4.82166666667","3.69333333333","5.445","medium"
"3397.0","3411.0","5.51166666667","3.90888888889","5.65055555556","loud"
"3412.0","3484.0","5.72111111111","3.83066666667","5.68711111111","medium"
"3485.0","3498.0","5.39647058824","4.00294117647","5.24647058824","loud"
"3505.0","3536.0","5.61020408163","3.71918367347","5.57816326531","medium"
"3537.0","3545.0","5.45945945946","3.94243243243","5.28432432432","medium"
"3546.0","3555.0","4.93555555556","3.80333333333","4.81888888889","loud"
"3565.0","3581.0","5.64333333333","4.00952380952","5.5980952381","medium"
"3582.0","3590.0","4.96333333333","4.30166666667","4.88333333333","loud"
"3591.0","3613.0","5.6544","3.9756","5.5872","loud"
"3614.0","3654.0","5.515","3.83214285714","5.29071428571","medium"
"3655.0","3684.0","5.50394736842","4.25526315789","5.41078947368","medium"
"3685.0","3690.0","5.122","4.295","5.024","medium"
"3693.0","3715.0","5.006","3.498","5.414","medium"
"3717.0","3793.0","5.40947368421","3.91605263158","5.48842105263","silent"
"3795.0","3843.0","5.10904761905","4.20079365079","5.23968253968","silent"
"3855.0","3898.0","4.91142857143","4.12666666667","4.94095238095","silent"
"3899.0","4080.0","5.39919117647","3.92985294118","5.45014705882","silent"
"4081.0","4101.0","6.13333333333","4.44333333333","5.45166666667","silent"
"4102.0","4110.0","5.2025","4.37","4.96333333333","silent"
"4111.0","4120.0","6.57714285714","4.19142857143","5.76","silent"
"4121.0","4131.0","5.74333333333","4.08777777778","5.38777777778","silent"
"4132.0","4147.0","5.42222222222","3.67333333333","5.57888888889","silent"
"4147.0","4180.0","5.10095238095","3.95523809524","5.23666666667","silent"
"4183.0","4185.0","4.66","6.215","4.82","silent"
"4187.0","4234.0","4.73666666667","4.17466666667","5.134","silent"
"4237.0","4297.0","6.2087037037","4.09944444444","5.89925925926","silent"
"4298.0","4381.0","5.647","4.0756","5.5602","silent"
"4382.0","4435.0","5.68051724138","3.84","5.46103448276","silent"
"4437.0","4475.0","5.3764","3.6444","5.4868","silent"
"4479.0","4570.0","5.6388","3.8464","5.6452","silent"
"4572.0","4643.0","5.31181818182","3.97863636364","5.43659090909","silent"
"4645.0","4660.0","6.06583333333","4.04333333333","5.895","silent"
"4661.0","4680.0","5.69","3.591","5.625","medium"
"4680.0","4700.0","5.99375","4.675","5.97875","silent"
"4705.0","4719.0","6.83","4.39333333333","5.87","silent"
"4720.0","4765.0","5.74939393939","4.22424242424","5.67303030303","silent"
"4766.0","4800.0","6.14384615385","4.16846153846","5.94846153846","silent"
"4810.0","4867.0","5.95230769231","3.93769230769","5.35461538462","silent"
"4870.0","4889.0","5.164375","3.72","5.325625","silent"
"4909.0","4954.0","5.28736842105","4.03368421053","5.51210526316","silent"
"4955.0","5005.0","5.8124","3.8176","5.654","silent"
"5006.0","5028.0","5.18583333333","3.83833333333","5.33833333333","silent"
"5029.0","5033.0","6.43","4.265","5.585","silent"
"5035.0","5102.0","5.56684931507","3.88534246575","5.42739726027","silent"
"5103.0","5135.0","5.4705","4.2785","5.244","silent"
"5136.0","5220.0","5.65956521739","3.8502173913","5.46760869565","medium"
"5222.0","5269.0","5.6875","3.96291666667","5.41375","silent"
"5280.0","5307.0","5.30685714286","3.84114285714","5.33628571429","silent"
"5309.0","5384.0","5.11272727273","4.09772727273","5.20454545455","medium"
"5385.0","5431.0","5.33192307692","4.07615384615","5.53346153846","medium"
"5434.0","5450.0","4.923125","4.0225","5.051875","silent"
"5455.0","5490.0","5.77891891892","4.07216216216","5.60162162162","silent"
"5491.0","5520.0","5.83468085106","3.89042553191","5.84595744681","silent"
"5521.0","5552.0","5.47","3.76310344828","5.49862068966","medium"
"5553.0","5644.0","6.18108695652","3.92108695652","5.93934782609","silent"
"5645.0","5650.0","6.0075","3.921875","5.679375","medium"
"5653.0","5685.0","5.42589285714","3.90375","5.48285714286","loud"
"5686.0","5690.0","5.59714285714","3.93428571429","5.43142857143","loud"
"5691.0","5695.0","5.553","4.011","5.487","medium"
"5696.0","5701.0","5.916","3.412","5.568","medium"
"5702.0","5715.0","5.13473684211","3.97526315789","5.52894736842","medium"
"5717.0","5740.0","4.97904761905","4.16619047619","5.29904761905","silent"
"5742.0","5775.0","5.53181818182","4.15136363636","5.19045454545","silent"
"5805.0","5840.0","4.215625","4.305625","4.73125","medium"
"5865.0","5883.0","5.14111111111","4.14722222222","5.08722222222","loud"
"5885.0","5900.0","5.41454545455","3.89818181818","5.35272727273","medium"
"5905.0","5920.0","4.89181818182","3.65181818182","5.12909090909","loud"
"5923.0","5965.0","5.24605263158","3.73078947368","5.53710526316","medium"
"5966.0","6120.0","5.23523076923","3.79107692308","5.38569230769","silent"
"6121.0","6142.0","5.06454545455","3.71818181818","5.39090909091","silent"
"6143.0","6148.0","6.24","3.88","5.796","medium"
"6149.0","6154.0","5.7225","3.65","5.54","silent"
"6155.0","6157.0","5.465","4.12","6.145","silent"
"6157.0","6165.0","4.673","4.702","5.212","silent"
"6166.0","6224.0","5.38457142857","4.08371428571","5.46514285714","silent"
"6225.0","6245.0","5.16043478261","4.04217391304","5.27260869565","silent"
"6250.0","6258.0","5.4575","3.78625","5.51625","silent"
"6259.0","6273.0","4.565","4.49571428571","5.36857142857","silent"
"6274.0","6276.0","5.03","4.19666666667","5.36111111111","silent"
"6277.0","6281.0","3.8275","5.795","4.55","medium"
"6282.0","6313.0","5.74","3.559","5.7315","loud"
"6314.0","6355.0","5.50653846154","4.285","5.50346153846","medium"
"6371.0","6413.0","5.5449122807","3.8549122807","5.50684210526","silent"
"6415.0","6359.0","5.39285714286","4.11857142857","5.23","medium"
"6420.0","6564.0","5.71833333333","4.21578947368","5.40894736842","silent"
"6565.0","6620.0","5.58071428571","3.9425","5.29357142857","silent"
"25.0","85.0","5.93888888889","4.05777777778","5.55388888889","silent"
"100.0","243.0","5.50590361446","3.89506024096","5.65325301205","medium"
"244.0","389.0","5.52487704918","3.93770491803","5.5268442623","silent"
"391.0","400.0","5.783","3.81","5.4955","medium"
"402.0","440.0","5.45448598131","4.21841121495","5.59018691589","medium"
"444.0","450.0","5.24555555556","4.04111111111","4.91111111111","silent"
"451.0","470.0","5.57017241379","3.98465517241","5.585","medium"
"471.0","480.0","5.74694444444","3.85055555556","5.47805555556","medium"
"540.0","588.0","5.19741935484","4.01677419355","5.42983870968","medium"
"590.0","595.0","5.94166666667","3.63333333333","5.51","medium"
"596.0","608.0","5.58238095238","3.97333333333","5.47","loud"
"632.0","670.0","5.97586206897","4.18551724138","5.72931034483","silent"
"671.0","720.0","6.05066666667","3.78666666667","5.72066666667","silent"
"721.0","743.0","5.04947368421","3.88","5.11789473684","silent"
"745.0","859.0","5.45569620253","3.97443037975","5.49506329114","silent"
"860.0","892.0","5.38266666667","3.62333333333","5.17","silent"
"893.0","1050.0","5.24535947712","4.23241830065","5.2422875817","silent"
"1051.0","1100.0","5.75666666667","3.7625","5.68333333333","silent"
"1101.0","1112.0","4.95777777778","4.195","5.33055555556","silent"
"1113.0","1130.0","5.674","4.084","5.626","silent"
"1185.0","1214.0","5.24901960784","4.18921568627","5.36960784314","silent"
"1225.0","1325.0","5.33601694915","4.08898305085","5.39211864407","silent"
"1326.0","1360.0","5.29523809524","4.31428571429","5.45428571429","loud"
"1361.0","1380.0","4.93909090909","4.26909090909","5.48454545455","loudest"
"1400.0","1410.0","5.22777777778","4.15944444444","5.34888888889","loudest"
"1415.0","1433.0","5.67307692308","4.01461538462","5.51269230769","loudest"
"1435.0","1460.0","5.35322580645","4.11193548387","5.60451612903","loudest"
"1461.0","1470.0","5.3564","4.1048","5.6644","loudest"
"1471.0","1475.0","4.91125","4.39125","5.05625","loud"
"1476.0","1485.0","5.3462962963","4.2162962963","5.11814814815","loudest"
"1525.0","1545.0","5.01","4.40310344828","5.19310344828","silent"
"1583.0","1605.0","5.25430379747","4.25303797468","5.13493670886","medium"
"1606.0","1645.0","5.34314814815","4.40333333333","5.42","silent"
"1646.0","1671.0","5.14217391304","4.17173913043","5.27423913043","silent"
"1685.0","1714.0","5.48397058824","4.13941176471","5.43205882353","silent"
"1720.0","1740.0","5.09111111111","4.26203703704","5.08722222222","silent"
"1742.0","1835.0","5.40851239669","4.16685950413","5.51347107438","silent"
"1840.0","1864.0","5.5998","3.8298","5.4676","silent"
"1871.0","1895.0","5.42770833333","3.965625","5.36395833333","silent"
"1896.0","1904.0","4.05","5.55","4.85","silent"
"1905.0","1955.0","5.37672727273","4.04618181818","5.40836363636","silent"
"2025.0","2093.0","5.6125","4.13107142857","5.31571428571","silent"
"2094.0","2128.0","5.87291666667","3.93458333333","5.46375","silent"
"2190.0","2228.0","5.605","4.00947368421","5.56105263158","silent"
"2229.0","2268.0","5.27395833333","4.014375","5.51854166667","silent"
"2270.0","2295.0","5.45711864407","4.00220338983","5.56983050847","medium"
"2296.0","2302.0","6.05333333333","3.59333333333","5.95","medium"
"2305.0","2350.0","5.45333333333","3.81962962963","5.25148148148","silent"
"2355.0","2400.0","5.00333333333","3.96583333333","4.9825","silent"
"2411.0","2435.0","5.00909090909","3.99","5.40545454545","silent"
"2436.0","2445.0","5.10785714286","3.77571428571","5.24714285714","silent"
"2446.0","2460.0","5.71916666667","3.79583333333","5.545","silent"
"2461.0","2464.0","4.8965","4.734","5.211","silent"
"2465.0","2470.0","4.87333333333","4.61","4.39333333333","silent"
"2471.0","2475.0","5.64416666667","4.58916666667","5.45583333333","silent"
"2476.0","2478.0","5.6","3.88666666667","5.30444444444","silent"
"2479.0","2490.0","4.95461538462","3.61846153846","5.17692307692","silent"
"2491.0","2520.0","5.19047619048","4.10666666667","5.42380952381","silent"
"2521.0","2525.0","5.589","4.643","5.063","silent"
"2526.0","2536.0","5.01769230769","4.43","4.98076923077","silent"
"2537.0","2580.0","5.14592592593","4.35111111111","5.11407407407","silent"
"2587.0","2605.0","5.05588235294","4.11588235294","4.93058823529","medium"
"2615.0","2634.0","5.01909090909","4.42090909091","5.18","loudest"
"2635.0","2793.0","5.5423943662","3.98366197183","5.40563380282","medium"
"2793.0","2830.0","5.36485714286","4.40057142857","5.27742857143","silent"
"2831.0","2858.0","5.66966666667","4.44566666667","5.58833333333","silent"
"2859.0","2862.0","6.3725","3.785","5.615","silent"
"2863.0","2910.0","4.9616","4.5976","5.0748","silent"
"2911.0","3038.0","5.122","4.27347826087","5.29104347826","silent"
"3039.0","3055.0","5.57285714286","4.35071428571","5.35571428571","silent"
"3056.0","3200.0","5.51984615385","3.90492307692","5.48723076923","silent"
"3255.0","3412.0","5.38333333333","4.10104166667","5.3375","silent"
"3413.0","3455.0","5.81216216216","3.82513513514","5.43027027027","medium"
"3456.0","3558.0","5.39356321839","4.36609195402","5.29413793103","silent"
"3559.0","3697.0","5.59449275362","3.85876811594","5.44688405797","medium"
"3698.0","3760.0","5.47308641975","3.97185185185","5.32975308642","silent"
"3790.0","4005.0","5.3115942029","4.0715942029","5.17949275362","silent"
"4006.0","4089.0","5.56807692308","4.12721153846","5.52394230769","medium"
"4090.0","4126.0","4.698","3.728","4.61","silent"
"4128.0","4305.0","5.55404494382","4.07179775281","5.55752808989","medium"
"4318.0","4335.0","5.38875","3.5925","5.24125","silent"
"4339.0","4358.0","5.142","4.386","5.442","medium"
"4359.0","4365.0","5.213","3.683","5.291","loud"
"4366.0","780.0","5.27181818182","3.77136363636","5.43363636364","medium"
"4381.0","4420.0","5.38411764706","4.15294117647","5.35411764706","silent"
"4421.0","4450.0","4.91928571429","4.59035714286","5.3","silent"
"4451.0","4464.0","4.64714285714","4.48857142857","4.87857142857","medium"
"4465.0","4535.0","5.23357142857","3.98242857143","5.32414285714","silent"
"4536.0","4600.0","5.191625","4.312875","5.287625","silent"
"4600.0","4615.0","5.29","4.10222222222","5.28222222222","silent"
"4616.0","4640.0","5.59173913043","3.96173913043","5.01173913043","medium"
"4641.0","4660.0","5.91357142857","3.59714285714","5.79142857143","silent"
"4661.0","4676.0","4.81","4.07916666667","5.11583333333","silent"
"4677.0","4755.0","5.53583333333","4.02183333333","5.22066666667","medium"
"4756.0","4765.0","5.3925","3.53","5.0475","medium"
"4788.0","4855.0","5.35068965517","4.19","5.17172413793","loud"
"4905.0","4965.0","5.12806818182","4.03079545455","5.22454545455","silent"
"4966.0","4975.0","5.29375","3.77458333333","5.485","medium"
"4990.0","5055.0","5.46015873016","3.99634920635","5.57841269841","silent"
"5073.0","5108.0","5.777","3.809","5.49","medium"
"5109.0","5145.0","5.51025","4.22225","5.449","silent"
"5146.0","5166.0","5.41515151515","4.18151515152","5.21454545455","silent"
"5190.0","5227.0","5.65294117647","4.01235294118","5.24676470588","silent"
"5224.0","5240.0","5.34055555556","3.86166666667","5.28888888889","silent"
"5247.0","5255.0","5.02363636364","4.11727272727","5.39909090909","medium"
"5315.0","5367.0","5.32041666667","4.06333333333","5.33395833333","medium"
"5425.0","5450.0","5.80666666667","4.5175","5.20333333333","silent"
"5494.0","5508.0","3.525","5.60416666667","4.36166666667","silent"
