"40.0","112.0","5.507142857142857","5.6257142857142854","5.336785714285716","loud"
"112.0","129.0","4.977857142857142","4.8425","5.3621428571428575","loud"
"130.0","148.0","5.881363636363636","6.305000000000001","5.654090909090909","loud"
"148.0","163.0","5.287272727272727","5.493333333333333","5.453636363636364","loud"
"164.0","186.0","5.714857142857143","4.792222222222222","5.700285714285715","loudest"
"186.0","660.0","5.174498777506113","5.66009900990099","5.238410757946211","loudest"
"661.0","684.0","5.65090909090909","4.84625","5.416969696969697","silent"
"685.0","751.0","5.445764705882353","5.446666666666666","5.404000000000001","loud"
"752.0","915.0","5.114475138121547","5.285454545454545","5.277900552486187","loud"
"915.0","991.0","5.272499999999999","5.098","5.334","medium"
"992.0","1017.0","4.615","4.52","5.0725","silent"
"1018.0","1024.0","5.378461538461538","5.183333333333333","5.398461538461539","silent"
"1025.0","1034.0","5.375","4.64","5.2475000000000005","silent"
"1035.0","1044.0","4.906428571428571","4.483333333333333","5.234999999999999","silent"
"1045.0","1058.0","5.3277777777777775","5.470000000000001","5.605555555555556","silent"
"1059.0","1169.0","5.036861313868613","5.280606060606061","5.304963503649635","silent"
"1170.0","1368.0","5.305934065934066","5.392391304347826","5.300769230769231","silent"
"1369.0","1402.0","5.427631578947368","5.045","5.423684210526316","silent"
"1403.0","1424.0","5.4575471698113205","4.802307692307692","5.515094339622642","silent"
"1424.0","1530.0","5.6053125","4.58","5.2993749999999995","medium"
"1530.0","1622.0","4.927627118644068","5.202","5.256271186440678","silent"
"1623.0","1647.0","5.340471698113209","5.340769230769231","5.282452830188679","silent"
"1648.0","1864.0","5.34120253164557","5.575641025641026","5.387215189873418","medium"
"1865.0","1984.0","5.5287500000000005","5.301333333333333","5.4506250000000005","silent"
"1985.0","1999.0","5.832","4.426666666666667","6.023999999999999","silent"
"2000.0","2014.0","5.236666666666667","4.285","5.55","silent"
"2015.0","2044.0","6.042","4.65","5.346","medium"
"2045.0","2066.0","5.735714285714287","5.154","5.5304761904761905","medium"
"2067.0","2101.0","5.581250000000001","4.8325","5.3950000000000005","silent"
"2102.0","2279.0","5.330488888888889","5.46","5.382844444444444","medium"
"2280.0","2358.0","5.185625","5.489583333333333","5.228020833333334","loud"
"2360.0","2365.0","6.272857142857143","5.05","5.45857142857143","silent"
"2425.0","2429.0","5.482142857142857","4.905","5.667142857142857","silent"
"2430.0","2496.0","5.4205","6.010000000000001","5.464499999999999","silent"
"2436.0","2440.0","4.656666666666666","5.06","5.020833333333333","silent"
"2497.0","2506.0","5.249230769230769","5.37","5.397692307692308","silent"
"2507.0","2539.0","5.4351666666666665","5.348666666666667","5.327166666666667","medium"
"2540.0","2557.0","5.316818181818181","4.754","5.218636363636363","medium"
"2558.0","2629.0","5.065294117647059","5.684615384615384","5.103333333333333","medium"
"2630.0","2644.0","5.368333333333332","4.765","4.88","silent"
"2645.0","2864.0","5.348510638297872","5.273","5.2417021276595746","medium"
"2681.0","2850.0","5.70763440860215","5.291363636363636","5.388709677419355","medium"
"2865.0","2882.0","5.660697674418604","5.286363636363635","5.492093023255814","loud"
"2883.0","2909.0","5.637142857142857","4.83","5.752857142857143","silent"
"2910.0","3429.0","5.384748201438849","5.242857142857142","5.378381294964029","loudest"
"3285.0","3319.0","5.3118965517241366","5.154666666666667","5.290344827586208","silent"
"3320.0","3324.0","3.17","nan","3.62","silent"
"3325.0","3329.0","4.135","6.35","4.755","silent"
"3330.0","3429.0","5.00948275862069","5.417","5.171724137931034","silent"
"3429.0","3689.0","5.001228070175438","5.46076923076923","5.163684210526316","medium"
"3490.0","3610.0","5.457669902912621","5.327692307692308","5.591456310679614","loud"
"3610.0","3690.0","5.545428571428571","5.183888888888888","5.490285714285714","silent"
"3690.0","3751.0","5.711034482758619","5.45","5.552413793103448","silent"
"3785.0","3935.0","5.607439024390245","5.435609756097561","5.480792682926829","silent"
"3936.0","4085.0","5.408244274809159","5.271515151515151","5.334351145038168","loud"
"4137.0","4140.0","5.463181818181819","5.266666666666667","5.223181818181818","silent"
"4141.0","4360.0","5.592943722943722","5.235600000000001","5.376796536796537","silent"
"4365.0","4430.0","5.416195652173912","5.108695652173913","5.469782608695653","silent"
"4495.0","4820.0","5.331420118343195","5.414999999999999","5.459585798816568","loud"
"4824.0","4957.0","5.506887417218543","5.645526315789474","5.4394701986754965","medium"
"5100.0","5236.0","5.435277777777778","5.3116666666666665","5.4309722222222225","medium"
"5238.0","5274.0","5.478684210526317","5.297894736842105","5.426973684210526","silent"
"5280.0","5298.0","5.354736842105263","4.967499999999999","5.2494736842105265","silent"
"5310.0","5580.0","5.338874172185431","5.277222222222222","5.311523178807948","medium"
"5585.0","5598.0","5.555789473684209","4.822000000000001","5.336842105263158","medium"
"5600.0","5673.0","5.324719999999999","5.242","5.37392","loud"
"5675.0","5810.0","5.207401574803149","5.3721875","5.347086614173229","loudest"
"5983.0","6010.0","4.539615384615385","5.151428571428572","4.954999999999999","loud"
"6033.0","6093.0","5.336944444444445","5.882","5.497499999999999","loud"
"6148.0","6210.0","5.440526315789472","5.462000000000001","5.186052631578948","loudest"
"155.0","198.0","5.405396825396825","5.391875","5.335238095238095","medium"
"199.0","206.0","5.1063636363636355","5.226666666666667","5.491818181818181","medium"
"207.0","270.0","4.876923076923078","6.098000000000001","5.124358974358975","loud"
"274.0","292.0","5.2124999999999995","5.836666666666666","5.246785714285714","silent"
"293.0","294.0","6.078","4.6","5.818","silent"
"297.0","332.0","5.7007142857142865","4.916363636363637","5.411666666666666","silent"
"341.0","372.0","4.911111111111111","5.82125","5.226444444444445","silent"
"373.0","394.0","5.482424242424242","5.5425","5.336363636363636","medium"
"395.0","422.0","5.2374418604651165","5.7281818181818185","5.225581395348837","silent"
"427.0","432.0","5.105833333333334","6.14","5.090833333333333","silent"
"433.0","441.0","5.656153846153846","5.495","5.4338461538461535","silent"
"449.0","528.0","5.20247619047619","5.195384615384615","5.343904761904762","silent"
"529.0","534.0","5.463333333333334","4.67","5.353333333333333","silent"
"535.0","628.0","5.512278481012659","4.889999999999999","5.283291139240506","silent"
"629.0","680.0","5.074242424242424","4.855","5.131212121212121","silent"
"681.0","775.0","5.332676056338029","5.029444444444445","5.097042253521128","silent"
"776.0","836.0","5.620666666666667","4.762499999999999","5.430999999999999","silent"
"840.0","885.0","5.020500000000001","4.659999999999999","5.297499999999999","silent"
"887.0","900.0","5.3752941176470594","4.3525","5.388823529411764","silent"
"901.0","909.0","5.741666666666666","4.785","5.193333333333333","silent"
"910.0","940.0","5.431578947368422","4.922000000000001","5.265263157894736","silent"
"941.0","950.0","6.336666666666666","4.14","5.54","silent"
"941.0","991.0","5.220588235294117","5.232222222222223","5.414411764705882","silent"
"993.0","1177.0","5.548082901554405","4.86","5.443626943005181","silent"
"1180.0","1412.0","5.737147540983607","5.080684931506849","5.610622950819672","silent"
"1413.0","1532.0","5.851297709923664","4.857272727272727","5.606946564885496","silent"
"1533.0","1568.0","5.30125","4.725","5.22875","medium"
"1570.0","1594.0","5.343333333333334","5.296666666666667","5.245416666666667","medium"
"1595.0","1630.0","5.601333333333333","4.9772727272727275","5.320666666666668","medium"
"1634.0","1647.0","6.045454545454546","4.906666666666666","5.631818181818182","silent"
"1648.0","1664.0","5.8643478260869575","5.02","5.495217391304348","silent"
"1665.0","1673.0","5.227837837837837","4.855555555555556","5.517567567567568","silent"
"1674.0","1681.0","5.272105263157895","5.514999999999999","5.398157894736843","silent"
"1682.0","1692.0","5.62875","5.425000000000001","5.074999999999999","silent"
"1693.0","1724.0","5.6000000000000005","5.414","5.496379310344828","silent"
"1750.0","1924.0","5.630952380952381","5.038399999999999","5.366380952380951","silent"
"1925.0","1953.0","5.688510638297872","4.7058333333333335","5.45127659574468","silent"
"1954.0","2212.0","5.583802816901408","5.397169811320756","5.492394366197183","medium"
"2213.0","2220.0","4.203333333333333","5.96","4.645","silent"
"2221.0","2344.0","5.141490683229813","5.418","5.394534161490683","medium"
"2346.0","2404.0","5.3792307692307695","5.301","5.280512820512822","medium"
"2405.0","2410.0","3.0","4.4","3.8950000000000005","silent"
"2411.0","2453.0","5.661111111111111","5.6579999999999995","5.407222222222222","silent"
"2455.0","2459.0","4.858","5.53","5.1240000000000006","silent"
"2460.0","2501.0","5.340238095238096","5.469","5.446190476190476","silent"
"2502.0","2546.0","5.835294117647059","5.32","5.524705882352941","silent"
"2547.0","2567.0","4.8568181818181815","4.875000000000001","5.222272727272728","silent"
"2600.0","2639.0","5.638285714285714","5.21","5.559428571428572","silent"
"2648.0","2689.0","5.485813953488372","5.21","5.575581395348837","silent"
"2690.0","2853.0","5.284562211981567","5.6099999999999985","5.336958525345621","silent"
"2855.0","2860.0","6.020833333333333","4.7299999999999995","5.546666666666667","silent"
"2861.0","2992.0","5.742434782608695","5.122142857142856","5.543130434782609","silent"
"2993.0","2997.0","5.555","4.35","5.7325","silent"
"2998.0","3072.0","5.349746835443038","5.9665","5.31126582278481","loud"
"3073.0","3077.0","5.035","5.53","5.109999999999999","medium"
"3078.0","3101.0","5.62054054054054","5.383333333333333","5.692432432432433","medium"
"3103.0","3135.0","5.329047619047619","4.90090909090909","5.555476190476191","loud"
"3139.0","3160.0","5.335294117647059","5.4399999999999995","5.326470588235293","silent"
"3161.0","3251.0","5.671636363636362","5.1485714285714295","5.531272727272727","silent"
"3252.0","3271.0","5.665454545454545","4.71","5.198181818181818","loudest"
"3273.0","3295.0","5.570454545454545","5.176363636363636","5.471818181818181","silent"
"3297.0","3299.0","6.165","5.6","5.925","silent"
"3300.0","3302.0","5.332","5.0","5.254","silent"
"3303.0","3316.0","5.596363636363637","5.775","5.62","silent"
"3305.0","3371.0","5.604285714285714","4.835","5.312857142857142","silent"
"3317.0","3328.0","5.463461538461538","5.441428571428572","5.4253846153846155","silent"
"3329.0","3336.0","5.571666666666666","5.904999999999999","5.19","silent"
"3337.0","3343.0","5.607692307692308","5.416666666666667","5.533846153846154","silent"
"3344.0","3304.0","6.0009999999999994","5.324","5.767999999999999","silent"
"3372.0","3383.0","5.955172413793103","5.395714285714286","5.72","silent"
"3385.0","3389.0","4.41","6.05","4.68","silent"
"3390.0","3419.0","5.92061224489796","5.880833333333334","5.620816326530611","silent"
"3420.0","3425.0","4.68","5.53","4.62","medium"
"3426.0","3533.0","5.563793103448277","5.532413793103448","5.628189655172414","medium"
"3534.0","3552.0","5.456923076923076","4.681428571428571","5.54576923076923","medium"
"3553.0","3763.0","5.697842323651452","5.200333333333332","5.547344398340249","medium"
"3764.0","3790.0","4.904444444444445","5.266","5.011111111111111","silent"
"3794.0","3836.0","5.308552631578949","5.7212499999999995","5.380921052631579","silent"
"3839.0","3846.0","5.680000000000001","5.3566666666666665","5.751538461538463","silent"
"3851.0","3860.0","5.2585","5.078","5.3715","silent"
"3863.0","3920.0","5.783833333333334","5.334666666666666","5.610333333333333","silent"
"3922.0","3930.0","5.356315789473684","5.965999999999999","5.233684210526316","silent"
"3931.0","3944.0","5.34625","4.9525","5.3375","silent"
"3945.0","3954.0","5.509999999999999","4.9125000000000005","5.389285714285713","silent"
"3955.0","3960.0","5.344545454545455","4.623333333333334","5.56","silent"
"3961.0","3975.0","5.741333333333333","4.4525","5.570666666666667","silent"
"3976.0","4018.0","5.607173913043479","5.071","5.56586956521739","silent"
"4019.0","4059.0","5.187647058823529","4.984444444444445","5.135294117647059","silent"
"4060.0","4102.0","5.802692307692307","5.201666666666667","5.4946153846153845","loud"
"4103.0","4352.0","5.577014388489209","5.310857142857143","5.643129496402878","medium"
"4209.0","4936.0","5.192239999999999","5.491666666666669","5.4288799999999995","medium"
"4353.0","4412.0","5.6975","4.9071428571428575","5.588571428571428","medium"
"4413.0","4434.0","5.463478260869565","4.776","5.2299999999999995","loud"
"4435.0","4445.0","5.660625","4.89","5.92","loud"
"4446.0","4556.0","5.3015384615384615","5.3908695652173915","5.3112087912087915","medium"
"4557.0","4582.0","5.860909090909092","5.897499999999999","5.6022727272727275","medium"
"4583.0","4629.0","5.203555555555555","5.421818181818181","5.169111111111111","medium"
"4634.0","4673.0","5.3248","5.366153846153845","5.3126","silent"
"4675.0","4686.0","5.592","4.522","5.4445","silent"
"4687.0","4748.0","5.559558823529411","5.778235294117646","5.541764705882351","medium"
"4937.0","4986.0","5.438095238095237","5.261875","5.482380952380953","medium"
"4987.0","5009.0","5.183636363636363","4.448333333333333","5.385454545454545","medium"
"5010.0","5018.0","5.398125","5.253333333333334","5.260624999999999","medium"
"5019.0","5029.0","5.55","5.5075","5.4380000000000015","medium"
"5030.0","5041.0","6.473999999999999","5.2","6.096","silent"
"5042.0","5047.0","5.102","5.0","5.256","medium"
"5048.0","5053.0","5.856","4.33","5.49","silent"
"5060.0","5065.0","4.906000000000001","4.223333333333334","5.598000000000001","silent"
"5066.0","5071.0","4.095","4.57","5.1425","medium"
"5072.0","5089.0","4.832941176470588","5.7375","5.317647058823529","loud"
"5090.0","5096.0","5.877222222222223","5.448","5.663333333333333","medium"
"5101.0","5143.0","5.579259259259259","4.912857142857143","5.267407407407408","loud"
"5145.0","5123.0","5.372702702702703","5.140000000000001","5.447567567567568","loud"
"5221.0","5254.0","5.684583333333332","5.1764705882352935","5.574166666666667","loudest"
"5255.0","5263.0","5.02","6.064","4.957727272727272","loud"
"5264.0","5270.0","5.7653333333333325","5.853333333333333","5.486666666666666","medium"
"5271.0","5276.0","5.081250000000001","6.17","5.36125","silent"
"5277.0","5358.0","5.232320000000001","5.511333333333334","5.224000000000001","silent"
"5364.0","5372.0","5.010714285714286","5.0675","5.499285714285714","silent"
"5373.0","5381.0","5.82375","4.96","6.0275","medium"
"5382.0","5395.0","5.506923076923076","4.911666666666666","5.259615384615383","silent"
"5396.0","5489.0","5.39068493150685","5.489444444444445","5.435342465753425","silent"
"5490.0","5504.0","5.766800000000001","5.175","5.636800000000001","silent"
"5505.0","5521.0","5.4","6.035","5.452727272727272","silent"
"5522.0","5527.0","5.413333333333333","5.86","5.435","silent"
"5528.0","5577.0","5.249375000000001","5.523","5.368625","silent"
"5578.0","5587.0","5.5052631578947375","5.247999999999999","5.494736842105263","silent"
"5605.0","5617.0","5.3","5.2","5.7","silent"
"5618.0","5623.0","4.681428571428571","5.08","5.162857142857142","silent"
"5628.0","5642.0","6.134999999999999","5.233333333333333","5.683333333333334","silent"
"5643.0","5644.0","4.592499999999999","7.05","4.944999999999999","silent"
"5645.0","5647.0","5.53","nan","5.61","silent"
"5648.0","5650.0","5.70888888888889","5.22","5.644444444444444","silent"
"5651.0","5660.0","5.638571428571429","6.0","5.282857142857142","silent"
"5664.0","5665.0","6.023333333333333","6.109999999999999","5.591666666666666","silent"
"5667.0","5669.0","5.713333333333332","5.135","6.036666666666666","silent"
"5670.0","5674.0","4.373333333333334","5.3","4.653333333333333","silent"
"5676.0","5740.0","5.699999999999999","3.33","4.93","silent"
"5697.0","5700.0","5.047499999999999","6.05","4.8575","silent"
"5701.0","5712.0","5.073333333333333","5.7860000000000005","5.1795238095238085","silent"
"5720.0","5727.0","5.00625","5.64","5.65625","silent"
"5729.0","5735.0","5.6905882352941175","5.9575000000000005","5.676470588235294","silent"
"5745.0","5750.0","5.715263157894737","5.324999999999999","5.856842105263158","silent"
"5751.0","5755.0","4.331111111111111","6.5","4.677777777777778","medium"
"5763.0","5775.0","5.5112499999999995","6.18","5.57625","silent"
"5776.0","5780.0","5.664444444444445","4.355","5.874444444444444","loud"
"5783.0","5799.0","5.575882352941176","5.297499999999999","5.5200000000000005","medium"
"5800.0","5886.0","5.931973684210526","5.602941176470589","5.653552631578947","loud"
"5891.0","5902.0","5.491428571428571","4.475","5.381428571428572","loud"
"5903.0","5906.0","5.1899999999999995","4.06","4.79","medium"
"5906.0","5910.0","5.381","6.873333333333332","5.543","medium"
"5911.0","5916.0","5.664999999999999","5.890000000000001","5.251875","loud"
"5920.0","5950.0","5.46578947368421","5.64","5.527105263157894","loud"
"5962.0","5970.0","5.9325","5.145","5.836666666666667","medium"
"5977.0","6060.0","5.3673451327433614","5.5460714285714285","5.456637168141592","loud"
"6065.0","6083.0","5.677142857142856","4.972857142857143","5.753928571428572","loud"
"6085.0","6093.0","5.748076923076922","5.598947368421053","5.627051282051282","medium"
"6163.0","6302.0","5.8244375","5.266842105263159","5.7186875","loud"
"6303.0","6307.0","5.106086956521739","5.211666666666667","5.0578260869565215","medium"
"6308.0","6320.0","5.354814814814815","5.555714285714286","5.452222222222223","medium"
"6321.0","6330.0","5.576923076923077","5.27","5.176923076923076","loud"
"6331.0","6333.0","5.295714285714287","6.38","5.6257142857142854","loud"
"6333.0","6335.0","5.322500000000001","5.29","5.19","silent"
"6334.0","6336.0","5.234444444444445","5.695","5.583333333333333","silent"
"6337.0","6339.0","5.332000000000001","nan","5.378","medium"
"6339.0","6341.0","5.984999999999999","5.02","5.125","loud"
"6342.0","6344.0","5.422","nan","5.390000000000001","silent"
"6344.0","6346.0","5.432","5.3","5.668","silent"
"6347.0","6349.0","4.04","7.05","4.073333333333333","medium"
"6349.0","6351.0","5.205","5.515000000000001","4.745","medium"
"6352.0","6354.0","5.756666666666667","4.1","5.426666666666667","silent"
"6354.0","6356.0","6.05","nan","5.67","medium"
"6357.0","6359.0","5.390000000000001","5.515000000000001","5.38","silent"
"6359.0","6361.0","5.575","4.1","5.405","silent"
"6362.0","6364.0","5.536363636363637","5.125","5.377727272727273","silent"
"6364.0","6366.0","5.573846153846153","5.87","5.328461538461538","medium"
"6367.0","6369.0","4.9366666666666665","7.05","5.373333333333334","silent"
"6369.0","6371.0","5.59047619047619","5.590000000000001","5.0980952380952385","silent"
"6372.0","6374.0","5.964","6.016666666666666","5.781000000000001","silent"
"6374.0","6376.0","5.335","5.5375000000000005","5.3481250000000005","silent"
"6377.0","6379.0","5.4525","5.44","5.121666666666667","silent"
"6379.0","6381.0","5.149166666666667","7.109999999999999","5.199166666666667","medium"
"6382.0","6384.0","5.217692307692308","5.6066666666666665","5.357692307692308","silent"
"6384.0","6386.0","5.088","5.9975","5.061999999999999","medium"
"6387.0","6389.0","4.993333333333333","5.53","4.8","medium"
"6389.0","6391.0","4.64","5.41","5.513333333333333","loud"
"6392.0","6394.0","4.468","5.53","4.970000000000001","silent"
"6394.0","6396.0","4.2425","7.05","4.7","silent"
"6397.0","6399.0","4.8536363636363635","6.16","5.0209090909090905","silent"
"6399.0","6401.0","4.54","6.24","4.6537500000000005","silent"
"6402.0","6404.0","5.189","5.69","5.164","silent"
"6404.0","6406.0","4.925","6.13","5.015000000000001","silent"
"6407.0","6409.0","7.32","nan","7.16","medium"
"6409.0","6411.0","5.563333333333333","4.77","5.351666666666667","medium"
"6412.0","6414.0","4.992","5.53","5.154","medium"
"6414.0","6427.0","5.119047619047619","5.29","5.139047619047619","loud"
"6416.0","6429.0","5.226521739130436","5.843333333333334","5.386521739130434","loud"
"6419.0","6432.0","5.545714285714285","4.99","5.24","loud"
"6430.0","6436.0","5.322500000000001","6.04","5.400833333333334","medium"
"6432.0","6438.0","5.32","4.25","5.0825","loud"
"6435.0","6441.0","5.1045454545454545","6.496666666666667","4.710909090909092","medium"
"6437.0","6443.0","5.731538461538462","5.61","5.426923076923078","medium"
"6440.0","6446.0","5.251666666666666","5.515000000000001","5.026666666666666","loud"
"6442.0","6448.0","4.615555555555556","6.43","4.9366666666666665","loudest"
"6445.0","6451.0","4.883333333333334","6.635","4.808888888888889","loudest"
"6447.0","6453.0","5.400999999999999","4.946666666666666","5.3100000000000005","loudest"
"6472.0","6478.0","5.691333333333334","5.195","5.319333333333334","loud"
"6474.0","6480.0","5.20875","4.859999999999999","5.44125","silent"
"6477.0","6483.0","5.675294117647058","5.2525","5.474117647058824","silent"
"6479.0","6485.0","5.092631578947369","5.7475000000000005","5.092631578947369","silent"
"6482.0","6488.0","5.18625","5.365","5.26125","silent"
"6484.0","6490.0","5.9366666666666665","3.9","6.036666666666666","silent"
"6487.0","6493.0","5.558571428571428","4.984999999999999","5.361428571428571","silent"
"6489.0","6495.0","5.169999999999999","5.2","5.759999999999999","silent"
"6492.0","6498.0","4.866363636363636","5.486666666666667","5.085454545454545","silent"
"6494.0","6500.0","5.188","4.86","5.694","silent"
"6497.0","6503.0","5.658571428571428","4.984999999999999","5.581428571428572","silent"
"6499.0","6505.0","5.014285714285713","5.515000000000001","5.184285714285715","silent"
"6502.0","6508.0","4.859999999999999","6.48","4.9675","silent"
"6504.0","6510.0","4.88","5.515000000000001","5.108888888888889","silent"
"6507.0","6513.0","5.489444444444445","4.702","5.528333333333333","silent"
"6509.0","6515.0","5.17","5.3","5.9725","silent"
"6512.0","6518.0","5.258333333333334","5.515000000000001","5.305000000000001","silent"
"6514.0","6520.0","5.760000000000001","5.6","5.9433333333333325","silent"
"6517.0","6523.0","5.3311111111111105","5.824999999999999","5.6755555555555555","silent"
"6519.0","6525.0","4.715","5.48","5.04","silent"
"6522.0","6528.0","5.338181818181817","4.8566666666666665","5.408181818181818","silent"
"6524.0","6530.0","5.296666666666666","5.02","5.493333333333333","silent"
"6527.0","6533.0","5.172142857142858","5.59","5.235","silent"
"6529.0","6535.0","5.0","5.515000000000001","5.3933333333333335","silent"
"6532.0","6538.0","5.174444444444444","5.6","5.231111111111112","silent"
"6534.0","6540.0","4.7","5.53","4.760000000000001","silent"
"6537.0","6543.0","5.71","4.86","5.6850000000000005","silent"
"6539.0","6545.0","5.4125","5.3","5.305","silent"
"6542.0","6548.0","4.74","nan","5.04","silent"
"6544.0","6550.0","4.595000000000001","4.5","4.745","silent"
"6547.0","6553.0","5.23","5.6","5.776666666666667","silent"
"6549.0","6555.0","5.703333333333333","4.695","5.65","silent"
"6552.0","6558.0","6.366666666666667","4.42","5.8","silent"
"6554.0","6560.0","5.247857142857143","5.5375","5.534285714285715","silent"
"6557.0","6563.0","5.603","6.583333333333333","5.202","silent"
"6559.0","6565.0","5.611428571428571","5.9399999999999995","5.112857142857144","silent"
"6562.0","6568.0","5.63375","5.654999999999999","5.35375","silent"
"6564.0","6570.0","5.303333333333333","5.515000000000001","5.192222222222223","silent"
"6567.0","6573.0","4.937777777777778","6.074999999999999","5.105555555555555","silent"
"6569.0","6575.0","5.275","4.635","5.706666666666666","silent"
"6574.0","6580.0","5.480714285714285","5.585","5.195714285714284","silent"
"6577.0","6583.0","5.179090909090909","5.975","5.239090909090908","silent"
"6579.0","6585.0","5.557272727272727","5.603333333333333","5.620909090909091","silent"
"6582.0","6588.0","5.045555555555556","5.515000000000001","5.081111111111111","silent"
"6584.0","6590.0","4.776","7.74","5.066000000000001","silent"
"6587.0","6593.0","6.192500000000001","6.35","6.074999999999999","silent"
"6589.0","6595.0","5.6052380952380965","5.4159999999999995","5.7004761904761905","silent"
"6592.0","6598.0","5.63","5.68","5.348","silent"
"6594.0","6600.0","6.077","5.533333333333332","6.066","silent"
"6597.0","6603.0","5.510454545454546","5.759999999999999","5.486363636363636","medium"
"6599.0","6605.0","5.489999999999999","5.824999999999999","5.371666666666667","medium"
"6602.0","6608.0","5.63","3.38","5.1000000000000005","medium"
"6604.0","6610.0","5.417272727272727","5.426666666666667","5.2272727272727275","medium"
"6607.0","6613.0","5.248571428571429","5.22","5.482857142857142","medium"
"15.0","40.0","5.945675675675675","4.5811111111111105","5.727837837837837","medium"
"41.0","60.0","5.301428571428572","5.142","5.552380952380951","silent"
"61.0","72.0","6.017272727272727","4.3","5.6472727272727266","silent"
"73.0","565.0","5.649230769230769","5.325403225806451","5.57836032388664","medium"
"566.0","623.0","5.679821428571429","4.954999999999999","5.558928571428572","loudest"
"624.0","660.0","5.856052631578947","4.888","5.731315789473684","medium"
"661.0","665.0","5.784285714285714","4.975","5.545714285714287","medium"
"666.0","670.0","5.061999999999999","6.74","5.24","silent"
"671.0","680.0","5.614583333333333","4.96","5.79375","silent"
"681.0","690.0","5.47","6.093333333333334","5.224615384615384","silent"
"710.0","750.0","6.1035416666666675","5.316363636363636","5.555625","silent"
"751.0","763.0","5.7128000000000005","4.863333333333333","5.3548","silent"
"766.0","787.0","5.714545454545454","5.30625","5.574545454545454","silent"
"788.0","790.0","5.642","4.87","5.2780000000000005","silent"
"791.0","1020.0","5.960060606060606","5.483333333333333","5.707696969696969","silent"
"1021.0","1040.0","5.746666666666666","5.026","5.542857142857143","silent"
"1041.0","1110.0","5.524","5.486315789473684","5.460000000000001","silent"
"1111.0","1128.0","5.035555555555556","5.282857142857144","5.262962962962963","silent"
"1129.0","1160.0","5.661020408163265","4.8691666666666675","5.302244897959183","silent"
"1164.0","1290.0","5.440984848484849","5.537575757575758","5.458787878787878","silent"
"1292.0","1320.0","5.985294117647059","4.3775","5.724117647058823","silent"
"1321.0","1357.0","6.055","4.663333333333333","5.721428571428572","silent"
"1358.0","1440.0","5.791857142857142","4.976666666666666","5.564857142857142","silent"
"1475.0","1734.0","5.554652406417112","5.354255319148937","5.4748663101604285","loud"
"1735.0","1740.0","5.474666666666667","4.7975","5.5326666666666675","silent"
"1741.0","1814.0","5.363205128205129","5.5655","5.497820512820512","silent"
"1815.0","1817.0","5.48","nan","5.57","silent"
"1818.0","1827.0","5.578947368421052","5.728","5.545263157894736","silent"
"1828.0","1895.0","5.601358024691358","5.201500000000001","5.394197530864197","silent"
"1897.0","1940.0","5.4888","4.873333333333333","5.500400000000002","silent"
"1945.0","1975.0","5.665555555555556","4.946","5.57","silent"
"1976.0","2040.0","5.887499999999999","5.328181818181819","5.346666666666667","silent"
"2082.0","2140.0","5.71857142857143","5.2283333333333335","5.448163265306122","silent"
"2144.0","2196.0","5.543793103448277","4.852","5.557758620689655","silent"
"2197.0","2248.0","6.062676056338027","4.826666666666666","5.765492957746478","silent"
"2249.0","2285.0","5.697179487179489","5.4430000000000005","5.314615384615385","silent"
"2310.0","2349.0","5.52264705882353","5.101875","5.370294117647059","medium"
"2350.0","2360.0","5.3325","5.1433333333333335","5.235833333333333","silent"
"2361.0","2385.0","5.649999999999999","4.7057142857142855","5.614137931034483","silent"
"2386.0","2520.0","5.388888888888889","5.3661111111111115","5.439583333333333","silent"
"2525.0","2570.0","5.627540983606558","5.3533333333333335","5.651475409836068","silent"
"2575.0","2668.0","5.499753086419753","5.78842105263158","5.411481481481482","medium"
"2669.0","2710.0","5.6621428571428565","5.461428571428571","5.598571428571428","silent"
"2712.0","2875.0","5.319276315789473","5.45945945945946","5.399473684210527","silent"
"2877.0","2885.0","5.461","5.563333333333333","5.566","silent"
"2900.0","3008.0","5.529666666666667","5.119210526315789","5.5077333333333325","medium"
"3009.0","3062.0","5.904561403508771","5.600714285714284","5.652280701754386","silent"
"3063.0","3085.0","5.354791666666666","4.645833333333333","5.477083333333333","silent"
"3104.0","3120.0","4.997857142857144","4.1675","5.057142857142857","medium"
"3130.0","3184.0","5.250249999999999","4.927777777777779","5.679250000000001","silent"
"3185.0","3264.0","5.676976744186048","5.003636363636364","5.640697674418604","silent"
"3275.0","3439.0","5.26264","5.72225806451613","5.217920000000001","silent"
"3495.0","3507.0","5.819791666666667","5.753333333333334","5.643125","silent"
"3509.0","3523.0","5.692181818181818","4.896153846153846","5.545090909090909","silent"
"3524.0","3545.0","5.620512820512819","5.561","5.4230769230769225","silent"
"3546.0","3623.0","5.731730769230769","4.808461538461538","5.515576923076923","silent"
"3624.0","3674.0","5.4803225806451605","5.772500000000001","5.328387096774194","loud"
"3675.0","3689.0","5.7245454545454555","5.416666666666667","5.575454545454544","loudest"
"3690.0","3700.0","5.536666666666666","3.81","5.886666666666667","silent"
"3701.0","3759.0","5.766969696969697","4.801176470588236","5.594848484848486","silent"
"3760.0","3780.0","5.81344827586207","5.49","5.653793103448276","silent"
"3781.0","3845.0","5.631882352941176","5.2214285714285715","5.422588235294117","silent"
"3848.0","3852.0","5.623333333333333","4.865","5.533333333333334","silent"
"3853.0","4005.0","5.389106145251397","5.193863636363637","5.561005586592179","silent"
"4006.0","4029.0","5.54875","5.23125","5.7484375","silent"
"4030.0","4090.0","5.445","5.495555555555556","5.593333333333334","silent"
"4091.0","4118.0","5.948857142857143","5.16","5.796571428571429","silent"
"4121.0","4305.0","5.727647058823529","5.3655","5.566117647058824","medium"
"4306.0","4403.0","5.55320987654321","5.8205","5.632345679012346","medium"
"4404.0","4445.0","5.7354054054054044","4.884285714285714","5.658378378378378","loudest"
"4446.0","4470.0","5.648571428571429","5.08","5.461428571428571","loud"
"4484.0","4521.0","5.980666666666666","4.5525","5.868666666666668","medium"
"4522.0","4555.0","5.39825","5.064","5.332","medium"
"4556.0","4585.0","5.661538461538461","5.656666666666666","5.443076923076922","loud"
"4586.0","4685.0","5.89986301369863","5.270555555555556","5.678630136986301","medium"
"4686.0","4800.0","5.5573417721519","5.439473684210527","5.542278481012659","loud"
"4801.0","4825.0","5.398333333333333","5.016666666666667","5.450833333333333","loudest"
"4830.0","4845.0","5.760769230769229","4.489999999999999","5.583846153846154","medium"
"4846.0","4880.0","5.524000000000001","5.0633333333333335","5.416571428571429","medium"
"4890.0","4925.0","5.378421052631579","5.305999999999999","5.329473684210527","loud"
"4951.0","4970.0","5.424565217391304","5.620833333333334","5.562173913043478","medium"
"5010.0","5036.0","5.56103448275862","4.997142857142857","5.64551724137931","silent"
"5055.0","5070.0","4.9037500000000005","6.785","4.80125","silent"
"5100.0","5156.0","5.180000000000001","5.830909090909091","5.391538461538461","medium"
"5165.0","5245.0","5.439","5.270000000000001","5.446624999999999","medium"
"5246.0","5258.0","5.295333333333334","5.45125","5.417333333333332","medium"
"5259.0","5303.0","5.459","6.200666666666666","5.585333333333335","medium"
"5304.0","5319.0","5.680769230769231","5.405714285714287","5.605384615384616","silent"
"5320.0","5389.0","5.318493150684931","6.047777777777778","5.476164383561644","medium"
"5390.0","5730.0","5.467904761904761","6.0070149253731335","5.5132063492063486","loud"
"106.0","116.0","5.5075","5.08","5.461875","medium"
"120.0","159.0","5.4382758620689655","5.3","5.288620689655172","medium"
"160.0","203.0","5.221578947368421","5.107","5.269999999999999","medium"
"204.0","225.0","5.100499999999999","5.084","5.3825","medium"
"227.0","231.0","5.811333333333334","4.609999999999999","5.835333333333333","medium"
"232.0","250.0","5.621818181818181","5.036666666666666","5.817272727272727","silent"
"251.0","282.0","5.4575510204081645","5.385000000000001","5.477142857142857","medium"
"283.0","318.0","5.552903225806453","5.296250000000001","5.630322580645162","medium"
"319.0","370.0","5.582931034482757","5.327333333333333","5.508620689655172","loudest"
"371.0","384.0","5.619090909090909","5.286666666666666","5.2309090909090905","loud"
"385.0","408.0","4.7335714285714285","5.55","5.172142857142858","medium"
"426.0","431.0","5.3618181818181805","5.353333333333333","5.385454545454545","loudest"
"432.0","444.0","5.759","5.493333333333333","5.625","loud"
"445.0","540.0","5.264153846153846","6.022500000000001","5.174923076923078","loud"
"545.0","570.0","5.477142857142858","5.265000000000001","5.168571428571428","silent"
"575.0","590.0","5.404285714285714","5.24","5.088571428571428","silent"
"592.0","595.0","5.058333333333334","4.27","4.8933333333333335","silent"
"622.0","783.0","5.557016129032259","5.376774193548386","5.573145161290324","loud"
"784.0","795.0","6.137333333333333","5.7275","5.602666666666667","loud"
"796.0","808.0","5.950000000000001","4.962857142857142","5.612307692307693","loudest"
"809.0","879.0","5.599375","5.46","5.384375","medium"
"884.0","890.0","5.567692307692307","5.703333333333333","5.533846153846155","silent"
"891.0","960.0","5.407352941176471","4.56","5.313235294117647","medium"
"961.0","1042.0","5.245555555555557","5.503333333333334","5.458333333333333","silent"
"1043.0","1062.0","5.744000000000001","4.12","5.3420000000000005","silent"
"1064.0","1107.0","5.453636363636363","5.00625","5.425454545454545","silent"
"1108.0","1159.0","5.656545454545455","4.973846153846154","5.5645454545454545","medium"
"1160.0","1164.0","5.412857142857143","4.895","5.515714285714286","silent"
"1165.0","1197.0","5.459696969696969","4.963749999999999","5.473030303030302","silent"
"1198.0","1202.0","4.786666666666666","3.81","5.21","silent"
"1203.0","1230.0","5.033846153846154","5.291428571428571","5.279230769230768","silent"
"1245.0","1257.0","5.901764705882352","5.0275","5.635882352941176","silent"
"1258.0","1366.0","5.6929838709677405","4.975483870967742","5.535322580645162","silent"
"1367.0","1470.0","5.475588235294118","5.039199999999999","5.4737254901960775","silent"
"1471.0","1589.0","5.794324324324324","5.14891891891892","5.640337837837838","medium"
"1590.0","1610.0","5.0359375","5.233750000000001","5.274062499999999","silent"
"1614.0","1647.0","5.400161290322582","5.374","5.3875806451612895","silent"
"1648.0","1691.0","5.318529411764707","4.311428571428571","5.692352941176471","medium"
"1692.0","1711.0","5.348333333333333","5.348888888888889","5.415833333333333","loud"
"1712.0","1770.0","5.657169811320754","5.426153846153847","5.504716981132075","medium"
"1771.0","1847.0","5.420454545454545","5.502727272727273","5.281136363636364","loud"
"1847.0","1851.0","5.597777777777777","4.415","4.933333333333334","medium"
"1852.0","1900.0","5.03423076923077","6.008571428571429","5.313461538461539","loudest"
"1879.0","1944.0","5.07125","6.795","5.37","loudest"
"1901.0","1915.0","6.036363636363637","6.286666666666666","5.608181818181818","loudest"
"1916.0","1938.0","4.817647058823529","5.4375","5.331176470588236","loud"
"1945.0","1960.0","5.05","5.8","5.4719999999999995","loud"
"1962.0","2002.0","5.64655172413793","5.4278571428571425","5.5889655172413795","medium"
"2003.0","2060.0","5.1031707317073165","6.382857142857143","5.278170731707317","loud"
"2063.0","2065.0","4.811249999999999","5.859999999999999","4.92","silent"
"2069.0","2116.0","5.315263157894736","5.34","5.317719298245614","loud"
"2119.0","2167.0","4.981785714285714","5.701428571428572","5.2475000000000005","medium"
"2168.0","2180.0","4.848571428571428","4.6","5.157142857142857","silent"
"2181.0","2200.0","5.257692307692308","5.746666666666667","5.451538461538461","silent"
"2201.0","2205.0","5.2225","6.15","5.6499999999999995","silent"
"2220.0","2235.0","5.299166666666666","5.273333333333333","5.515833333333333","silent"
"2236.0","2305.0","5.2126229508196715","5.6693333333333324","5.208852459016393","silent"
"2306.0","2320.0","5.2335714285714285","5.875","5.502857142857143","medium"
"2321.0","2323.0","5.4350000000000005","nan","5.32","loudest"
"2324.0","2348.0","5.326315789473684","4.534000000000001","5.2963157894736845","medium"
"2349.0","2442.0","5.586122448979593","5.004166666666666","5.5259183673469385","medium"
"2443.0","2460.0","6.131052631578946","5.308","5.626315789473685","medium"
"2461.0","2470.0","5.222333333333333","5.1825","5.243","silent"
"2471.0","2493.0","5.709130434782609","5.04","5.292173913043478","loud"
"2494.0","2520.0","5.187575757575758","5.151249999999999","5.30030303030303","medium"
"2525.0","2608.0","5.433333333333334","4.93","5.5183333333333335","medium"
"2608.0","2809.0","5.325","5.436756756756757","5.325799999999999","silent"
"2810.0","2789.0","5.180689655172413","5.001428571428572","5.26","loud"
"2851.0","3024.0","5.475670103092783","5.372916666666666","5.460618556701031","silent"
"3028.0","3070.0","5.315151515151516","5.301176470588236","5.305","silent"
"3071.0","3111.0","5.483170731707317","5.116","5.391951219512194","silent"
"3140.0","3194.0","5.80625","5.478","5.49425","medium"
"3195.0","3226.0","5.553636363636364","5.78625","5.408181818181818","silent"
"3230.0","3239.0","5.064","4.95","5.640000000000001","loudest"
"3240.0","3248.0","5.652962962962963","5.111428571428571","5.38962962962963","loudest"
"3249.0","3253.0","5.016666666666667","5.765000000000001","5.551666666666667","silent"
"3254.0","3262.0","5.798","6.6","5.618","silent"
"3263.0","3269.0","6.162","4.2700000000000005","6.035","medium"
"3270.0","3318.0","5.58138888888889","5.150000000000001","5.5311111111111115","loud"
"3319.0","3380.0","5.724117647058824","4.911538461538462","5.565098039215687","medium"
"3381.0","3396.0","4.821666666666666","4.140000000000001","5.445","medium"
"3397.0","3411.0","5.511666666666667","4.7749999999999995","5.650555555555555","loud"
"3412.0","3484.0","5.721111111111112","4.777272727272727","5.687111111111111","medium"
"3485.0","3498.0","5.396470588235295","4.9775","5.246470588235294","loudest"
"3505.0","3536.0","5.610204081632654","4.6725","5.578163265306122","medium"
"3537.0","3545.0","5.45945945945946","5.4366666666666665","5.284324324324324","medium"
"3546.0","3555.0","4.935555555555556","5.475","4.818888888888889","loudest"
"3565.0","3581.0","5.643333333333333","5.212","5.5980952380952385","loud"
"3582.0","3590.0","4.963333333333334","4.8100000000000005","4.883333333333334","loudest"
"3591.0","3613.0","5.654399999999999","4.858333333333333","5.587199999999999","loud"
"3614.0","3654.0","5.515000000000001","4.9775","5.2907142857142855","loud"
"3655.0","3684.0","5.503947368421052","5.5809999999999995","5.410789473684211","loud"
"3685.0","3690.0","5.122000000000001","5.023333333333333","5.024","medium"
"3693.0","3715.0","5.006","4.81","5.414","loud"
"3717.0","3793.0","5.409473684210527","5.021","5.488421052631579","medium"
"3795.0","3843.0","5.109047619047619","5.6468750000000005","5.23968253968254","silent"
"3855.0","3898.0","4.911428571428571","5.692","4.94095238095238","silent"
"3899.0","4080.0","5.3991911764705875","5.147941176470589","5.4501470588235295","silent"
"4081.0","4101.0","6.133333333333333","5.26","5.451666666666667","silent"
"4102.0","4110.0","5.2025","6.116666666666667","4.963333333333334","silent"
"4111.0","4120.0","6.577142857142857","5.745","5.76","silent"
"4121.0","4131.0","5.743333333333333","6.005","5.387777777777778","silent"
"4132.0","4147.0","5.4222222222222225","5.145","5.578888888888889","silent"
"4147.0","4180.0","5.100952380952381","4.948","5.236666666666666","silent"
"4183.0","4185.0","4.66","6.91","4.82","silent"
"4187.0","4234.0","4.736666666666667","5.105","5.1339999999999995","medium"
"4237.0","4297.0","6.208703703703703","5.3721428571428556","5.899259259259259","silent"
"4298.0","4381.0","5.647","5.38153846153846","5.5602","silent"
"4382.0","4435.0","5.680517241379311","5.267333333333332","5.461034482758621","silent"
"4437.0","4475.0","5.376400000000001","4.388333333333333","5.486800000000001","silent"
"4479.0","4570.0","5.6388","4.872105263157895","5.645200000000001","silent"
"4572.0","4643.0","5.3118181818181816","5.28090909090909","5.436590909090909","silent"
"4645.0","4660.0","6.065833333333333","5.0633333333333335","5.895","silent"
"4661.0","4680.0","5.6899999999999995","4.463333333333334","5.624999999999999","medium"
"4680.0","4700.0","5.99375","6.62","5.97875","silent"
"4705.0","4719.0","6.830000000000001","5.14","5.87","silent"
"4720.0","4765.0","5.749393939393939","5.2924999999999995","5.673030303030303","silent"
"4766.0","4800.0","6.143846153846154","5.226666666666667","5.9484615384615385","silent"
"4810.0","4867.0","5.952307692307692","5.27","5.354615384615385","medium"
"4870.0","4889.0","5.164375","4.7575","5.3256250000000005","medium"
"4909.0","4954.0","5.287368421052631","5.164","5.512105263157895","medium"
"4955.0","5005.0","5.812400000000001","5.005","5.654","silent"
"5006.0","5028.0","5.185833333333332","5.333333333333333","5.338333333333334","silent"
"5029.0","5033.0","6.43","4.71","5.584999999999999","silent"
"5035.0","5102.0","5.5668493150684935","4.901666666666666","5.427397260273972","silent"
"5103.0","5135.0","5.4704999999999995","5.618","5.244","medium"
"5136.0","5220.0","5.659565217391304","4.895833333333334","5.4676086956521734","medium"
"5222.0","5269.0","5.6875","4.976666666666667","5.41375","silent"
"5280.0","5307.0","5.306857142857142","5.025555555555556","5.336285714285713","silent"
"5309.0","5384.0","5.1127272727272715","5.1866666666666665","5.204545454545454","medium"
"5385.0","5431.0","5.3319230769230765","5.366666666666666","5.5334615384615375","loud"
"5434.0","5450.0","4.923125","4.7975","5.051875","silent"
"5455.0","5490.0","5.778918918918919","4.937777777777778","5.6016216216216215","medium"
"5491.0","5520.0","5.834680851063829","5.249166666666667","5.84595744680851","medium"
"5521.0","5552.0","5.47","4.872857142857143","5.498620689655173","loud"
"5553.0","5644.0","6.181086956521739","5.074999999999999","5.939347826086956","silent"
"5645.0","5650.0","6.0075","5.125","5.679375","loud"
"5653.0","5685.0","5.425892857142857","5.261538461538461","5.482857142857142","loud"
"5686.0","5690.0","5.597142857142857","4.6","5.431428571428571","loud"
"5691.0","5695.0","5.553","5.123333333333334","5.486999999999999","medium"
"5696.0","5701.0","5.9159999999999995","4.71","5.568","loud"
"5702.0","5715.0","5.134736842105262","4.928","5.528947368421052","medium"
"5717.0","5740.0","4.979047619047618","5.892","5.299047619047618","medium"
"5742.0","5775.0","5.531818181818182","5.562","5.190454545454546","silent"
"5805.0","5840.0","4.215625000000001","5.18","4.73125","loud"
"5865.0","5883.0","5.141111111111111","5.273333333333333","5.087222222222222","loud"
"5885.0","5900.0","5.414545454545455","5.016666666666667","5.352727272727273","loud"
"5905.0","5920.0","4.891818181818182","4.423333333333333","5.129090909090909","loud"
"5923.0","5965.0","5.246052631578945","4.866","5.537105263157895","loud"
"5966.0","6120.0","5.235230769230769","4.903125","5.385692307692308","silent"
"6121.0","6142.0","5.0645454545454545","4.333333333333334","5.390909090909091","silent"
"6143.0","6148.0","6.24","5.36","5.796","medium"
"6149.0","6154.0","5.7225","4.52","5.54","silent"
"6155.0","6157.0","5.465","5.14","6.145","silent"
"6157.0","6165.0","4.673","6.003333333333333","5.212","medium"
"6166.0","6224.0","5.384571428571428","5.526249999999999","5.465142857142857","silent"
"6225.0","6245.0","5.1604347826086965","4.8500000000000005","5.272608695652174","silent"
"6250.0","6258.0","5.4575","4.359999999999999","5.516249999999999","silent"
"6259.0","6273.0","4.5649999999999995","5.6675","5.368571428571428","silent"
"6274.0","6276.0","5.03","5.725","5.361111111111111","silent"
"6277.0","6281.0","3.8274999999999997","6.74","4.55","loud"
"6282.0","6313.0","5.74","4.282","5.7315000000000005","loudest"
"6314.0","6355.0","5.506538461538461","5.4399999999999995","5.503461538461538","medium"
"6371.0","6413.0","5.544912280701754","5.1571428571428575","5.506842105263159","medium"
"6415.0","6359.0","5.392857142857143","4.835","5.2299999999999995","loud"
"6420.0","6564.0","5.718333333333335","5.602758620689656","5.408947368421054","loud"
"6565.0","6620.0","5.580714285714284","5.227142857142858","5.293571428571428","medium"
"25.0","85.0","5.938888888888889","4.9239999999999995","5.553888888888888","medium"
"100.0","243.0","5.505903614457831","5.007619047619047","5.653253012048193","medium"
"244.0","389.0","5.524877049180327","5.1065","5.526844262295082","silent"
"391.0","400.0","5.7829999999999995","5.042","5.4955","silent"
"402.0","440.0","5.454485981308412","5.51148148148148","5.590186915887849","medium"
"444.0","450.0","5.245555555555556","5.15","4.911111111111111","silent"
"451.0","470.0","5.570172413793103","5.196","5.585","medium"
"471.0","480.0","5.746944444444444","5.050000000000001","5.478055555555555","medium"
"540.0","588.0","5.1974193548387095","5.260624999999999","5.429838709677419","medium"
"590.0","595.0","5.941666666666666","4.244999999999999","5.510000000000001","medium"
"596.0","608.0","5.5823809523809516","5.1579999999999995","5.470000000000001","loud"
"632.0","670.0","5.975862068965518","5.608571428571429","5.729310344827588","silent"
"671.0","720.0","6.050666666666668","4.87","5.720666666666667","silent"
"721.0","743.0","5.049473684210526","5.2459999999999996","5.117894736842106","silent"
"745.0","859.0","5.455696202531646","5.159000000000001","5.495063291139241","silent"
"860.0","892.0","5.382666666666667","4.6049999999999995","5.170000000000001","medium"
"893.0","1050.0","5.2453594771241825","5.787647058823531","5.242287581699346","silent"
"1051.0","1100.0","5.756666666666667","4.727142857142858","5.683333333333334","silent"
"1101.0","1112.0","4.957777777777778","5.438000000000001","5.330555555555555","silent"
"1113.0","1130.0","5.674","4.76","5.626","silent"
"1185.0","1214.0","5.249019607843138","5.586153846153847","5.369607843137255","medium"
"1225.0","1325.0","5.336016949152544","5.471666666666668","5.392118644067797","medium"
"1326.0","1360.0","5.295238095238095","5.4879999999999995","5.454285714285714","loudest"
"1361.0","1380.0","4.939090909090909","5.489999999999999","5.4845454545454535","loudest"
"1400.0","1410.0","5.227777777777778","5.258","5.348888888888889","loudest"
"1415.0","1433.0","5.673076923076923","5.061428571428571","5.512692307692307","loudest"
"1435.0","1460.0","5.353225806451612","5.401249999999999","5.604516129032258","loud"
"1461.0","1470.0","5.3564","5.581666666666667","5.6644","loudest"
"1471.0","1475.0","4.91125","6.35","5.05625","medium"
"1476.0","1485.0","5.346296296296296","5.928571428571429","5.118148148148148","loudest"
"1525.0","1545.0","5.01","6.558571428571428","5.193103448275862","silent"
"1583.0","1605.0","5.254303797468354","5.9805","5.13493670886076","loud"
"1606.0","1645.0","5.343148148148147","6.061428571428572","5.420000000000001","silent"
"1646.0","1671.0","5.142173913043478","5.818636363636363","5.274239130434782","silent"
"1685.0","1714.0","5.483970588235294","5.562352941176471","5.432058823529412","silent"
"1720.0","1740.0","5.09111111111111","5.745833333333334","5.087222222222222","silent"
"1742.0","1835.0","5.408512396694215","5.737241379310346","5.513471074380165","silent"
"1840.0","1864.0","5.5998","4.850909090909091","5.4676","silent"
"1871.0","1895.0","5.4277083333333325","5.075833333333333","5.363958333333334","silent"
"1896.0","1904.0","4.05","nan","4.85","silent"
"1905.0","1955.0","5.376727272727273","5.500714285714286","5.408363636363636","silent"
"2025.0","2093.0","5.612499999999999","6.081428571428572","5.315714285714286","silent"
"2094.0","2128.0","5.872916666666666","4.8149999999999995","5.46375","silent"
"2190.0","2228.0","5.6049999999999995","4.965","5.561052631578947","silent"
"2229.0","2268.0","5.273958333333333","5.333333333333335","5.518541666666667","silent"
"2270.0","2295.0","5.457118644067797","5.009285714285714","5.569830508474575","medium"
"2296.0","2302.0","6.053333333333334","4.0","5.95","medium"
"2305.0","2350.0","5.453333333333334","4.691428571428571","5.251481481481482","medium"
"2355.0","2400.0","5.003333333333333","5.453333333333333","4.9825","silent"
"2411.0","2435.0","5.009090909090909","5.351666666666667","5.405454545454545","silent"
"2436.0","2445.0","5.107857142857142","4.9125","5.247142857142856","silent"
"2446.0","2460.0","5.719166666666667","4.52","5.545000000000001","silent"
"2461.0","2464.0","4.8965","5.798","5.210999999999999","silent"
"2465.0","2470.0","4.873333333333334","5.45","4.3933333333333335","silent"
"2471.0","2475.0","5.644166666666667","6.14","5.4558333333333335","silent"
"2476.0","2478.0","5.6000000000000005","4.8","5.304444444444445","silent"
"2479.0","2490.0","4.954615384615384","4.353333333333333","5.176923076923078","silent"
"2491.0","2520.0","5.190476190476191","5.869999999999999","5.423809523809523","silent"
"2521.0","2525.0","5.589","6.2","5.063","silent"
"2526.0","2536.0","5.017692307692308","6.366666666666667","4.980769230769231","silent"
"2537.0","2580.0","5.145925925925926","5.904285714285714","5.114074074074074","medium"
"2587.0","2605.0","5.055882352941176","5.1575","4.930588235294117","medium"
"2615.0","2634.0","5.019090909090909","6.0299999999999985","5.18","loudest"
"2635.0","2793.0","5.542394366197183","5.317222222222223","5.405633802816901","loud"
"2793.0","2830.0","5.364857142857143","6.003333333333333","5.277428571428572","silent"
"2831.0","2858.0","5.669666666666667","5.71","5.588333333333334","silent"
"2859.0","2862.0","6.3725000000000005","4.06","5.615","silent"
"2863.0","2910.0","4.961600000000001","6.428","5.0748","silent"
"2911.0","3038.0","5.122","5.67793103448276","5.29104347826087","silent"
"3039.0","3055.0","5.572857142857144","5.9125","5.355714285714286","silent"
"3056.0","3200.0","5.519846153846154","5.012499999999999","5.487230769230769","silent"
"3255.0","3412.0","5.383333333333334","5.490277777777777","5.3375","silent"
"3413.0","3455.0","5.812162162162161","4.716666666666667","5.43027027027027","medium"
"3456.0","3558.0","5.393563218390804","5.905384615384616","5.294137931034483","silent"
"3559.0","3697.0","5.5944927536231885","5.226857142857143","5.446884057971015","loud"
"3698.0","3760.0","5.473086419753087","5.4190000000000005","5.329753086419753","silent"
"3790.0","4005.0","5.311594202898551","5.424857142857143","5.1794927536231885","silent"
"4006.0","4089.0","5.568076923076924","5.530000000000001","5.523942307692308","loud"
"4090.0","4126.0","4.698","7.33","4.61","medium"
"4128.0","4305.0","5.554044943820225","5.298181818181818","5.557528089887641","loud"
"4318.0","4335.0","5.38875","4.26","5.24125","silent"
"4339.0","4358.0","5.142","5.849999999999999","5.442","medium"
"4359.0","4365.0","5.213","4.316666666666666","5.291","medium"
"4366.0","780.0","5.271818181818181","5.12","5.433636363636363","medium"
"4381.0","4420.0","5.384117647058823","5.8175","5.354117647058823","silent"
"4421.0","4450.0","4.9192857142857145","6.38142857142857","5.299999999999999","silent"
"4451.0","4464.0","4.647142857142858","5.720000000000001","4.878571428571428","medium"
"4465.0","4535.0","5.2335714285714285","5.252941176470588","5.324142857142857","silent"
"4536.0","4600.0","5.191625","6.115555555555556","5.287625","medium"
"4600.0","4615.0","5.29","6.495","5.282222222222222","silent"
"4616.0","4640.0","5.591739130434783","5.206666666666667","5.011739130434782","medium"
"4641.0","4660.0","5.913571428571428","4.6425","5.791428571428571","silent"
"4661.0","4676.0","4.81","5.006666666666667","5.115833333333333","medium"
"4677.0","4755.0","5.535833333333333","5.412","5.220666666666667","medium"
"4756.0","4765.0","5.3925","4.12","5.047499999999999","medium"
"4788.0","4855.0","5.350689655172413","5.8100000000000005","5.171724137931035","loud"
"4905.0","4965.0","5.128068181818181","5.638636363636364","5.224545454545455","silent"
"4966.0","4975.0","5.29375","4.926666666666667","5.484999999999999","loud"
"4990.0","5055.0","5.460158730158731","5.45125","5.578412698412698","silent"
"5073.0","5108.0","5.777000000000001","4.66","5.49","loudest"
"5109.0","5145.0","5.51025","5.632","5.449","silent"
"5146.0","5166.0","5.415151515151515","5.868333333333333","5.214545454545455","silent"
"5190.0","5227.0","5.652941176470589","5.30875","5.246764705882353","silent"
"5224.0","5240.0","5.3405555555555555","4.808","5.288888888888889","silent"
"5247.0","5255.0","5.0236363636363635","5.84","5.399090909090909","medium"
"5315.0","5367.0","5.3204166666666675","5.554166666666667","5.3339583333333325","medium"
"5425.0","5450.0","5.8066666666666675","5.903333333333333","5.203333333333333","silent"
"5494.0","5508.0","3.5250000000000004","6.780000000000001","4.361666666666666","silent"
