Start,End,Valence,Arousal,Dominance,Audio
"40.0","112.0","5.507142857142857","4.384166666666667","5.336785714285716","1.854220264008331"
"112.0","129.0","4.977857142857142","4.002142857142856","5.3621428571428575","2.617765022876728"
"130.0","148.0","5.881363636363636","4.732727272727273","5.654090909090909","2.033354672142643"
"148.0","163.0","5.287272727272727","4.054545454545454","5.453636363636364","1.7296728433485575"
"164.0","186.0","5.714857142857143","3.7305714285714284","5.700285714285715","3.7934416567656273"
"186.0","660.0","5.174498777506113","4.302078239608802","5.238410757946211","3.086862779846017"
"661.0","684.0","5.65090909090909","3.772727272727273","5.416969696969697","0.1519766187296579"
"685.0","751.0","5.445764705882353","4.122000000000001","5.404000000000001","0.966212037829348"
"752.0","915.0","5.114475138121547","4.061602209944751","5.277900552486187","1.8086956868958133"
"915.0","991.0","5.272499999999999","4.08925","5.334","1.2701261310595477"
"992.0","1017.0","4.615","3.6775","5.0725","0.15626010655124137"
"1018.0","1024.0","5.378461538461538","4.167692307692308","5.398461538461539","0.24605603454347552"
"1025.0","1034.0","5.375","3.95","5.2475000000000005","0.3953841707593228"
"1035.0","1044.0","4.906428571428571","3.7364285714285708","5.234999999999999","0.39201985580403015"
"1045.0","1058.0","5.3277777777777775","4.573333333333333","5.605555555555556","0.4060761810334191"
"1059.0","1169.0","5.036861313868613","4.115985401459854","5.304963503649635","0.3930319160969081"
"1170.0","1368.0","5.305934065934066","4.126153846153846","5.300769230769231","0.3276685840157888"
"1369.0","1402.0","5.427631578947368","3.8600000000000003","5.423684210526316","0.11718146934693714"
"1403.0","1424.0","5.4575471698113205","3.7830188679245285","5.515094339622642","0.24548854361924066"
"1424.0","1530.0","5.6053125","3.7384375000000003","5.2993749999999995","0.7296985025097599"
"1530.0","1622.0","4.927627118644068","4.03728813559322","5.256271186440678","0.5312668254431819"
"1623.0","1647.0","5.340471698113209","4.165754716981131","5.282452830188679","0.5708139130927169"
"1648.0","1864.0","5.34120253164557","4.211265822784809","5.387215189873418","0.8713839978064557"
"1865.0","1984.0","5.5287500000000005","4.0565625","5.4506250000000005","0.23091875097122336"
"1985.0","1999.0","5.832","3.7640000000000002","6.023999999999999","0.09419400624323955"
"2000.0","2014.0","5.236666666666667","3.4049999999999994","5.55","0.6802800035385741"
"2015.0","2044.0","6.042","3.886","5.346","1.1119081241053101"
"2045.0","2066.0","5.735714285714287","3.85952380952381","5.5304761904761905","0.8051457069364684"
"2067.0","2101.0","5.581250000000001","3.8356250000000003","5.3950000000000005","0.5817276492542758"
"2102.0","2279.0","5.330488888888889","4.153333333333333","5.382844444444444","1.2144749913108217"
"2280.0","2358.0","5.185625","4.212604166666666","5.228020833333334","2.5052369938131682"
"2360.0","2365.0","6.272857142857143","4.384285714285714","5.45857142857143","0.4277612659496174"
"2425.0","2429.0","5.482142857142857","4.090714285714285","5.667142857142857","0.24088031639013835"
"2430.0","2496.0","5.4205","4.025","5.464499999999999","0.543699801661343"
"2436.0","2440.0","4.656666666666666","4.022500000000001","5.020833333333333","0.4718944101945967"
"2497.0","2506.0","5.249230769230769","4.174615384615384","5.397692307692308","0.3052141507723821"
"2507.0","2539.0","5.4351666666666665","4.1691666666666665","5.327166666666667","0.8929016634034243"
"2540.0","2557.0","5.316818181818181","3.855909090909091","5.218636363636363","1.3404781539624164"
"2558.0","2629.0","5.065294117647059","4.163137254901961","5.103333333333333","1.577314677153961"
"2630.0","2644.0","5.368333333333332","4.181666666666666","4.88","0.7168280530310123"
"2645.0","2864.0","5.348510638297872","4.032127659574468","5.2417021276595746","0.7908323181474017"
"2681.0","2850.0","5.70763440860215","4.188817204301074","5.388709677419355","0.785509467132388"
"2865.0","2882.0","5.660697674418604","3.861162790697675","5.492093023255814","2.314683987313776"
"2883.0","2909.0","5.637142857142857","4.064285714285714","5.752857142857143","0.5958038177221385"
"2910.0","3429.0","5.384748201438849","4.014424460431654","5.378381294964029","1.3926163777722589"
"3285.0","3319.0","5.3118965517241366","3.939137931034482","5.290344827586208","0.24814984641423188"
"3320.0","3324.0","3.17","6.35","3.62","0.03275864053478729"
"3325.0","3329.0","4.135","5.045","4.755","0.03136543968013886"
"3330.0","3429.0","5.00948275862069","4.111896551724137","5.171724137931034","0.2699580091260703"
"3429.0","3689.0","5.001228070175438","4.150350877192983","5.163684210526316","0.7739869683332761"
"3490.0","3610.0","5.457669902912621","4.20873786407767","5.591456310679614","1.2483238966146117"
"3610.0","3690.0","5.545428571428571","3.990714285714285","5.490285714285714","0.26386390189460834"
"3690.0","3751.0","5.711034482758619","4.052413793103448","5.552413793103448","0.15294594974404807"
"3785.0","3935.0","5.607439024390245","4.117743902439025","5.480792682926829","0.3957557459470641"
"3936.0","4085.0","5.408244274809159","4.128702290076335","5.334351145038168","1.218144928646977"
"4137.0","4140.0","5.463181818181819","4.116363636363637","5.223181818181818","0.30298435870394336"
"4141.0","4360.0","5.592943722943722","4.072121212121212","5.376796536796537","0.3721993835700972"
"4365.0","4430.0","5.416195652173912","3.9894565217391293","5.469782608695653","0.31674809855238445"
"4495.0","4820.0","5.331420118343195","4.102248520710059","5.459585798816568","1.359622357850069"
"4824.0","4957.0","5.506887417218543","4.239933774834436","5.4394701986754965","0.9960047309855289"
"5100.0","5236.0","5.435277777777778","4.146319444444444","5.4309722222222225","0.7258787173835295"
"5238.0","5274.0","5.478684210526317","4.215921052631579","5.426973684210526","0.36464238583139247"
"5280.0","5298.0","5.354736842105263","3.8952631578947363","5.2494736842105265","0.09959217784390115"
"5310.0","5580.0","5.338874172185431","4.10158940397351","5.311523178807948","1.107656433420146"
"5585.0","5598.0","5.555789473684209","4.0668421052631585","5.336842105263158","1.9742746762495487"
"5600.0","5673.0","5.324719999999999","4.065359999999999","5.37392","2.8967539071633714"
"5675.0","5810.0","5.207401574803149","4.183307086614174","5.347086614173229","3.0319129871194406"
"5983.0","6010.0","4.539615384615385","4.293846153846154","4.954999999999999","2.642940767670979"
"6033.0","6093.0","5.336944444444445","3.981944444444445","5.497499999999999","2.167793083389262"
"6148.0","6210.0","5.440526315789472","4.304736842105264","5.186052631578948","2.690780106425906"
"155.0","198.0","5.405396825396825","4.188095238095239","5.335238095238095","1.1710049782717977"
"199.0","206.0","5.1063636363636355","4.52","5.491818181818181","1.8740506712465623"
"207.0","270.0","4.876923076923078","4.605128205128204","5.124358974358975","1.9852583005594622"
"274.0","292.0","5.2124999999999995","4.4025","5.246785714285714","0.36158592338356965"
"293.0","294.0","6.078","3.8939999999999997","5.818","0.48762267377010404"
"297.0","332.0","5.7007142857142865","3.986190476190475","5.411666666666666","0.5720902533960573"
"341.0","372.0","4.911111111111111","4.542","5.226444444444445","0.6245087006361542"
"373.0","394.0","5.482424242424242","4.086363636363637","5.336363636363636","1.0663079757678844"
"395.0","422.0","5.2374418604651165","4.3132558139534884","5.225581395348837","0.6587787106822058"
"427.0","432.0","5.105833333333334","4.7058333333333335","5.090833333333333","0.5196091308942599"
"433.0","441.0","5.656153846153846","4.196923076923077","5.4338461538461535","0.5595384715191624"
"449.0","528.0","5.20247619047619","4.065333333333333","5.343904761904762","0.4870229101969842"
"529.0","534.0","5.463333333333334","4.02","5.353333333333333","0.14959379099451386"
"535.0","628.0","5.512278481012659","3.8056962025316445","5.283291139240506","0.2086874356776206"
"629.0","680.0","5.074242424242424","3.8715151515151516","5.131212121212121","0.1545229921781632"
"681.0","775.0","5.332676056338029","3.9632394366197183","5.097042253521128","0.3939251739236028"
"776.0","836.0","5.620666666666667","4.028666666666667","5.430999999999999","0.4922042835522919"
"840.0","885.0","5.020500000000001","3.7625","5.297499999999999","0.6578896722612992"
"887.0","900.0","5.3752941176470594","3.3952941176470586","5.388823529411764","0.3836927110904668"
"901.0","909.0","5.741666666666666","4.0183333333333335","5.193333333333333","0.4650178186727528"
"910.0","940.0","5.431578947368422","3.9731578947368424","5.265263157894736","0.47690238476344415"
"941.0","950.0","6.336666666666666","3.4433333333333334","5.54","0.300257171962621"
"941.0","991.0","5.220588235294117","4.165588235294117","5.414411764705882","0.3562852552939591"
"993.0","1177.0","5.548082901554405","3.917512953367875","5.443626943005181","0.3256821158489555"
"1180.0","1412.0","5.737147540983607","4.03783606557377","5.610622950819672","0.2880673623481024"
"1413.0","1532.0","5.851297709923664","3.897862595419847","5.606946564885496","0.5352749138526457"
"1533.0","1568.0","5.30125","3.7700000000000005","5.22875","1.026144144080213"
"1570.0","1594.0","5.343333333333334","3.9595833333333332","5.245416666666667","0.6477019892093154"
"1595.0","1630.0","5.601333333333333","3.956444444444444","5.320666666666668","0.8521459621497117"
"1634.0","1647.0","6.045454545454546","4.012727272727273","5.631818181818182","0.6465642954446673"
"1648.0","1664.0","5.8643478260869575","3.978695652173914","5.495217391304348","0.4429311583502976"
"1665.0","1673.0","5.227837837837837","3.993783783783784","5.517567567567568","0.42621997439792264"
"1674.0","1681.0","5.272105263157895","4.107368421052632","5.398157894736843","0.4147257038300587"
"1682.0","1692.0","5.62875","4.3031250000000005","5.074999999999999","0.26897855451603897"
"1693.0","1724.0","5.6000000000000005","4.155344827586207","5.496379310344828","0.23552459751412888"
"1750.0","1924.0","5.630952380952381","3.8989523809523807","5.366380952380951","0.3552892363437895"
"1925.0","1953.0","5.688510638297872","3.87","5.45127659574468","0.3394922287998427"
"1954.0","2212.0","5.583802816901408","4.1701408450704225","5.492394366197183","0.6977491472442409"
"2213.0","2220.0","4.203333333333333","5.1033333333333335","4.645","0.600626143123164"
"2221.0","2344.0","5.141490683229813","4.120807453416149","5.394534161490683","1.0771753735122174"
"2346.0","2404.0","5.3792307692307695","4.079999999999999","5.280512820512822","0.8050421148630058"
"2405.0","2410.0","3.0","4.13","3.8950000000000005","0.4820924562762028"
"2411.0","2453.0","5.661111111111111","4.164444444444444","5.407222222222222","0.6244641155867728"
"2455.0","2459.0","4.858","4.82","5.1240000000000006","0.21591913658368483"
"2460.0","2501.0","5.340238095238096","4.272619047619047","5.446190476190476","0.5752739011841336"
"2502.0","2546.0","5.835294117647059","4.26","5.524705882352941","0.4057608775441013"
"2547.0","2567.0","4.8568181818181815","3.987727272727273","5.222272727272728","0.4667875640293552"
"2600.0","2639.0","5.638285714285714","3.9948571428571436","5.559428571428572","0.44863294917836555"
"2648.0","2689.0","5.485813953488372","4.053255813953488","5.575581395348837","0.21984736253666828"
"2690.0","2853.0","5.284562211981567","4.310599078341014","5.336958525345621","0.40469423289622924"
"2855.0","2860.0","6.020833333333333","3.8941666666666666","5.546666666666667","0.4613516201962571"
"2861.0","2992.0","5.742434782608695","4.092521739130435","5.543130434782609","0.523193842351574"
"2993.0","2997.0","5.555","3.6625","5.7325","0.5318082721680694"
"2998.0","3072.0","5.349746835443038","4.417088607594937","5.31126582278481","1.2921691260075947"
"3073.0","3077.0","5.035","4.6525","5.109999999999999","1.3895651940248714"
"3078.0","3101.0","5.62054054054054","4.012432432432432","5.692432432432433","1.4478204561815404"
"3103.0","3135.0","5.329047619047619","3.8878571428571425","5.555476190476191","2.0085080549550747"
"3139.0","3160.0","5.335294117647059","4.1708823529411765","5.326470588235293","0.6053950626033419"
"3161.0","3251.0","5.671636363636362","4.009363636363637","5.531272727272727","0.6646775207139483"
"3252.0","3271.0","5.665454545454545","3.7900000000000005","5.198181818181818","2.1253664432020196"
"3273.0","3295.0","5.570454545454545","4.003636363636364","5.471818181818181","0.6231298291913966"
"3297.0","3299.0","6.165","4.68","5.925","0.5620601273246785"
"3300.0","3302.0","5.332","4.456","5.254","0.7681300108158806"
"3303.0","3316.0","5.596363636363637","4.261818181818182","5.62","0.7650385648402394"
"3305.0","3371.0","5.604285714285714","4.287142857142858","5.312857142857142","0.6815677378992281"
"3317.0","3328.0","5.463461538461538","4.370384615384615","5.4253846153846155","0.6395325776351799"
"3329.0","3336.0","5.571666666666666","4.505","5.19","0.6776524954212911"
"3337.0","3343.0","5.607692307692308","4.0346153846153845","5.533846153846154","0.6314911515201104"
"3344.0","3304.0","6.0009999999999994","4.121499999999999","5.767999999999999","0.553611809365561"
"3372.0","3383.0","5.955172413793103","4.116551724137931","5.72","0.5987088379217448"
"3385.0","3389.0","4.41","5.359999999999999","4.68","0.7236205372137379"
"3390.0","3419.0","5.92061224489796","4.586938775510204","5.620816326530611","0.9063136661976072"
"3420.0","3425.0","4.68","5.515000000000001","4.62","1.1929493686978725"
"3426.0","3533.0","5.563793103448277","4.125344827586207","5.628189655172414","1.1441626116835693"
"3534.0","3552.0","5.456923076923076","3.6599999999999997","5.54576923076923","0.8987780683116676"
"3553.0","3763.0","5.697842323651452","4.030746887966806","5.547344398340249","0.8565948472802594"
"3764.0","3790.0","4.904444444444445","4.294444444444444","5.011111111111111","0.48607274685322377"
"3794.0","3836.0","5.308552631578949","4.29421052631579","5.380921052631579","0.5190529061244338"
"3839.0","3846.0","5.680000000000001","4.1376923076923084","5.751538461538463","0.28844218298339375"
"3851.0","3860.0","5.2585","3.9505000000000003","5.3715","0.47911135628059054"
"3863.0","3920.0","5.783833333333334","3.952666666666667","5.610333333333333","0.5866633292875668"
"3922.0","3930.0","5.356315789473684","4.624210526315789","5.233684210526316","0.38225327400224174"
"3931.0","3944.0","5.34625","4.1431249999999995","5.3375","0.45528885453971424"
"3945.0","3954.0","5.509999999999999","3.767857142857143","5.389285714285713","0.3277953875696904"
"3955.0","3960.0","5.344545454545455","3.7900000000000005","5.56","0.4477981422546076"
"3961.0","3975.0","5.741333333333333","3.5893333333333333","5.570666666666667","0.5809308685320423"
"3976.0","4018.0","5.607173913043479","3.9558695652173914","5.56586956521739","0.5866517056036276"
"4019.0","4059.0","5.187647058823529","4.050000000000001","5.135294117647059","0.5983889455913535"
"4060.0","4102.0","5.802692307692307","3.9546153846153844","5.4946153846153845","1.6699584809566177"
"4103.0","4352.0","5.577014388489209","4.109028776978417","5.643129496402878","1.290598349131982"
"4209.0","4936.0","5.192239999999999","4.08856","5.4288799999999995","1.087826154240329"
"4353.0","4412.0","5.6975","3.8932142857142864","5.588571428571428","1.0461791896489185"
"4413.0","4434.0","5.463478260869565","3.9117391304347824","5.2299999999999995","2.355218865469146"
"4435.0","4445.0","5.660625","3.9350000000000005","5.92","1.4427088444689526"
"4446.0","4556.0","5.3015384615384615","4.06989010989011","5.3112087912087915","0.8529255468759553"
"4557.0","4582.0","5.860909090909092","4.307272727272726","5.6022727272727275","1.2848930007875108"
"4583.0","4629.0","5.203555555555555","4.252222222222223","5.169111111111111","1.332708639430894"
"4634.0","4673.0","5.3248","4.0524","5.3126","0.6455228159919297"
"4675.0","4686.0","5.592","3.6209999999999996","5.4445","0.7040687538755043"
"4687.0","4748.0","5.559558823529411","4.2660294117647055","5.541764705882351","1.3563041155536728"
"4937.0","4986.0","5.438095238095237","4.013650793650793","5.482380952380953","1.611621953549814"
"4987.0","5009.0","5.183636363636363","3.590454545454546","5.385454545454545","1.5002974960297897"
"5010.0","5018.0","5.398125","4.155625","5.260624999999999","2.403390192650227"
"5019.0","5029.0","5.55","4.224","5.4380000000000015","0.724009315870927"
"5030.0","5041.0","6.473999999999999","3.934","6.096","0.5405463639975486"
"5042.0","5047.0","5.102","3.8939999999999997","5.256","1.0504840549753995"
"5048.0","5053.0","5.856","3.6019999999999994","5.49","0.3853801762775059"
"5060.0","5065.0","4.906000000000001","3.504","5.598000000000001","0.4017188658146735"
"5066.0","5071.0","4.095","3.6525000000000003","5.1425","0.7766032248913967"
"5072.0","5089.0","4.832941176470588","4.471176470588235","5.317647058823529","2.7354560990492334"
"5090.0","5096.0","5.877222222222223","4.296666666666667","5.663333333333333","1.730289772812321"
"5101.0","5143.0","5.579259259259259","3.92","5.267407407407408","2.741312409511587"
"5145.0","5123.0","5.372702702702703","3.9539189189189186","5.447567567567568","2.2764580070163114"
"5221.0","5254.0","5.684583333333332","3.8584722222222223","5.574166666666667","2.9817188111477506"
"5255.0","5263.0","5.02","4.295909090909091","4.957727272727272","3.0158347995611265"
"5264.0","5270.0","5.7653333333333325","4.680000000000001","5.486666666666666","1.0256851203483528"
"5271.0","5276.0","5.081250000000001","4.86125","5.36125","0.3267855830301114"
"5277.0","5358.0","5.232320000000001","4.2647200000000005","5.224000000000001","0.2942745143572002"
"5364.0","5372.0","5.010714285714286","3.953571428571429","5.499285714285714","0.23894861677324186"
"5373.0","5381.0","5.82375","4.233750000000001","6.0275","0.9404392843461777"
"5382.0","5395.0","5.506923076923076","4.173076923076923","5.259615384615383","0.3282876280522709"
"5396.0","5489.0","5.39068493150685","4.140410958904109","5.435342465753425","0.31424420306555767"
"5490.0","5504.0","5.766800000000001","4.064","5.636800000000001","0.38716433548783447"
"5505.0","5521.0","5.4","4.410000000000001","5.452727272727272","0.3757840164629406"
"5522.0","5527.0","5.413333333333333","4.331666666666666","5.435","0.5796399752211451"
"5528.0","5577.0","5.249375000000001","4.257124999999999","5.368625","0.5160803559314379"
"5578.0","5587.0","5.5052631578947375","4.080000000000001","5.494736842105263","0.38349645401671867"
"5605.0","5617.0","5.3","3.7300000000000004","5.7","0.41425887159211294"
"5618.0","5623.0","4.681428571428571","4.2057142857142855","5.162857142857142","0.6863408319794726"
"5628.0","5642.0","6.134999999999999","3.950833333333333","5.683333333333334","0.3203299152887101"
"5643.0","5644.0","4.592499999999999","4.47","4.944999999999999","0.3835060431974964"
"5645.0","5647.0","5.53","4.9","5.61","0.23634760747656652"
"5648.0","5650.0","5.70888888888889","4.067777777777778","5.644444444444444","0.21212718056950236"
"5651.0","5660.0","5.638571428571429","4.617142857142857","5.282857142857142","0.11994747768139569"
"5664.0","5665.0","6.023333333333333","4.283333333333333","5.591666666666666","0.16828158971854426"
"5667.0","5669.0","5.713333333333332","4.505","6.036666666666666","0.5647454766716895"
"5670.0","5674.0","4.373333333333334","3.91","4.653333333333333","0.54417731570843"
"5676.0","5740.0","5.699999999999999","3.145","4.93","0.5683491938314689"
"5697.0","5700.0","5.047499999999999","4.11","4.8575","0.5855643916606325"
"5701.0","5712.0","5.073333333333333","4.526190476190477","5.1795238095238085","0.5956751079187331"
"5720.0","5727.0","5.00625","4.49625","5.65625","0.6715158081056253"
"5729.0","5735.0","5.6905882352941175","4.697058823529412","5.676470588235294","0.9231823755015861"
"5745.0","5750.0","5.715263157894737","4.414736842105263","5.856842105263158","1.204926612208508"
"5751.0","5755.0","4.331111111111111","5.306666666666667","4.677777777777778","1.1941872483060925"
"5763.0","5775.0","5.5112499999999995","4.7924999999999995","5.57625","0.7619442584443522"
"5776.0","5780.0","5.664444444444445","3.7322222222222217","5.874444444444444","2.0632144361551226"
"5783.0","5799.0","5.575882352941176","4.151764705882353","5.5200000000000005","1.4194443752021089"
"5800.0","5886.0","5.931973684210526","4.24328947368421","5.653552631578947","2.607671956338281"
"5891.0","5902.0","5.491428571428571","3.922857142857143","5.381428571428572","2.4626579517034637"
"5903.0","5906.0","5.1899999999999995","3.8249999999999997","4.79","1.370989073478181"
"5906.0","5910.0","5.381","4.775","5.543","1.4689340402970221"
"5911.0","5916.0","5.664999999999999","4.383749999999999","5.251875","2.083102107829023"
"5920.0","5950.0","5.46578947368421","4.09921052631579","5.527105263157894","1.766076194209246"
"5962.0","5970.0","5.9325","3.9808333333333334","5.836666666666667","1.192183031519698"
"5977.0","6060.0","5.3673451327433614","4.123451327433629","5.456637168141592","2.179141025089096"
"6065.0","6083.0","5.677142857142856","3.873928571428572","5.753928571428572","1.7112717649511162"
"6085.0","6093.0","5.748076923076922","4.279871794871795","5.627051282051282","1.5812463246096464"
"6163.0","6302.0","5.8244375","4.122437499999999","5.7186875","2.0310612788131444"
"6303.0","6307.0","5.106086956521739","3.9808695652173913","5.0578260869565215","1.7264690033327765"
"6308.0","6320.0","5.354814814814815","4.292962962962963","5.452222222222223","2.150937883142775"
"6321.0","6330.0","5.576923076923077","4.136923076923077","5.176923076923076","3.170938133176295"
"6331.0","6333.0","5.295714285714287","4.548571428571429","5.6257142857142854","2.6804940211792125"
"6333.0","6335.0","5.322500000000001","4.0200000000000005","5.19","0.9519429365417964"
"6334.0","6336.0","5.234444444444445","4.638888888888889","5.583333333333333","1.4324463107381165"
"6337.0","6339.0","5.332000000000001","4.2299999999999995","5.378","1.169274675924037"
"6339.0","6341.0","5.984999999999999","4.175","5.125","2.434390004433644"
"6342.0","6344.0","5.422","4.148","5.390000000000001","0.8956980146407871"
"6344.0","6346.0","5.432","3.8760000000000003","5.668","0.8086258346515337"
"6347.0","6349.0","4.04","4.466666666666667","4.073333333333333","1.801553102782702"
"6349.0","6351.0","5.205","4.341666666666667","4.745","1.6755091797669774"
"6352.0","6354.0","5.756666666666667","3.8299999999999996","5.426666666666667","1.0318013640352712"
"6354.0","6356.0","6.05","4.86","5.67","1.3160855047208808"
"6357.0","6359.0","5.390000000000001","4.3999999999999995","5.38","1.046407192405067"
"6359.0","6361.0","5.575","3.7399999999999998","5.405","0.9804530263417972"
"6362.0","6364.0","5.536363636363637","3.899090909090909","5.377727272727273","1.0191126301116296"
"6364.0","6366.0","5.573846153846153","4.426153846153846","5.328461538461538","1.4688843517179697"
"6367.0","6369.0","4.9366666666666665","6.63","5.373333333333334","1.1447201091573111"
"6369.0","6371.0","5.59047619047619","4.336190476190476","5.0980952380952385","1.2094832479689899"
"6372.0","6374.0","5.964","4.984999999999999","5.781000000000001","1.1327718344214508"
"6374.0","6376.0","5.335","4.2675","5.3481250000000005","0.9392642668075294"
"6377.0","6379.0","5.4525","4.1641666666666675","5.121666666666667","0.764926607098098"
"6379.0","6381.0","5.149166666666667","4.798333333333334","5.199166666666667","1.319359803133542"
"6382.0","6384.0","5.217692307692308","4.709230769230769","5.357692307692308","1.208237798435616"
"6384.0","6386.0","5.088","4.166666666666666","5.061999999999999","1.673741513949012"
"6387.0","6389.0","4.993333333333333","4.69","4.8","1.3180139227274041"
"6389.0","6391.0","4.64","5.093333333333334","5.513333333333333","3.015511497850816"
"6392.0","6394.0","4.468","4.866","4.970000000000001","0.9889339132948568"
"6394.0","6396.0","4.2425","5.245","4.7","0.9358342103684357"
"6397.0","6399.0","4.8536363636363635","4.749090909090909","5.0209090909090905","0.8682663437548471"
"6399.0","6401.0","4.54","4.855","4.6537500000000005","0.6846961408228522"
"6402.0","6404.0","5.189","4.351000000000001","5.164","0.5751841940442263"
"6404.0","6406.0","4.925","5.035","5.015000000000001","0.8202475737177031"
"6407.0","6409.0","7.32","5.0","7.16","1.3437690262710587"
"6409.0","6411.0","5.563333333333333","4.056666666666666","5.351666666666667","1.582145375356803"
"6412.0","6414.0","4.992","4.452","5.154","1.52861454427335"
"6414.0","6427.0","5.119047619047619","3.811428571428571","5.139047619047619","1.9802400326909453"
"6416.0","6429.0","5.226521739130436","4.53304347826087","5.386521739130434","2.404997149757062"
"6419.0","6432.0","5.545714285714285","4.007142857142858","5.24","2.30541664086704"
"6430.0","6436.0","5.322500000000001","4.4125","5.400833333333334","1.7860941504210632"
"6432.0","6438.0","5.32","3.6574999999999998","5.0825","2.0194802855293696"
"6435.0","6441.0","5.1045454545454545","4.8127272727272725","4.710909090909092","1.830539106026646"
"6437.0","6443.0","5.731538461538462","4.538461538461538","5.426923076923078","1.9372473803199761"
"6440.0","6446.0","5.251666666666666","4.286666666666666","5.026666666666666","2.6933129593241762"
"6442.0","6448.0","4.615555555555556","5.345555555555556","4.9366666666666665","3.665980160030311"
"6445.0","6451.0","4.883333333333334","4.506666666666666","4.808888888888889","2.5773119081247104"
"6447.0","6453.0","5.400999999999999","3.9890000000000008","5.3100000000000005","2.2387271949890724"
"6472.0","6478.0","5.691333333333334","3.9213333333333336","5.319333333333334","1.7681620852001825"
"6474.0","6480.0","5.20875","3.845","5.44125","0.6918902578800228"
"6477.0","6483.0","5.675294117647058","4.153529411764706","5.474117647058824","0.9592676938374068"
"6479.0","6485.0","5.092631578947369","4.0952631578947365","5.092631578947369","0.9258744285292557"
"6482.0","6488.0","5.18625","4.203749999999999","5.26125","0.9603967598476054"
"6484.0","6490.0","5.9366666666666665","3.313333333333333","6.036666666666666","0.7756475324153734"
"6487.0","6493.0","5.558571428571428","3.821428571428572","5.361428571428571","0.6582168819622523"
"6489.0","6495.0","5.169999999999999","4.21","5.759999999999999","0.5509760823002339"
"6492.0","6498.0","4.866363636363636","4.258181818181819","5.085454545454545","0.3902111453601964"
"6494.0","6500.0","5.188","3.928","5.694","0.4271145609050126"
"6497.0","6503.0","5.658571428571428","3.8628571428571434","5.581428571428572","0.38183918045880433"
"6499.0","6505.0","5.014285714285713","4.341428571428572","5.184285714285715","0.4612020076168239"
"6502.0","6508.0","4.859999999999999","4.27","4.9675","0.4116862774454605"
"6504.0","6510.0","4.88","4.301111111111111","5.108888888888889","0.3324097863621438"
"6507.0","6513.0","5.489444444444445","3.8627777777777776","5.528333333333333","0.317483017343792"
"6509.0","6515.0","5.17","3.84","5.9725","0.4229092003070424"
"6512.0","6518.0","5.258333333333334","4.401666666666667","5.305000000000001","0.6522131588886857"
"6514.0","6520.0","5.760000000000001","4.233333333333333","5.9433333333333325","0.7398044954295876"
"6517.0","6523.0","5.3311111111111105","4.697777777777778","5.6755555555555555","0.7115605552545592"
"6519.0","6525.0","4.715","4.795","5.04","0.8584721318690659"
"6522.0","6528.0","5.338181818181817","4.092727272727273","5.408181818181818","0.9459851448719038"
"6524.0","6530.0","5.296666666666666","4.1","5.493333333333333","1.0309845942715563"
"6527.0","6533.0","5.172142857142858","4.204999999999999","5.235","1.076867085412292"
"6529.0","6535.0","5.0","4.611666666666666","5.3933333333333335","1.1226121153585278"
"6532.0","6538.0","5.174444444444444","4.612222222222223","5.231111111111112","1.1113799424763922"
"6534.0","6540.0","4.7","4.756666666666667","4.760000000000001","1.1965091687035707"
"6537.0","6543.0","5.71","4.48","5.6850000000000005","1.1795040316908307"
"6539.0","6545.0","5.4125","3.9725","5.305","1.1764095600980609"
"6542.0","6548.0","4.74","3.24","5.04","1.0186077925809183"
"6544.0","6550.0","4.595000000000001","3.87","4.745","0.9889786595196071"
"6547.0","6553.0","5.23","4.622222222222222","5.776666666666667","1.0483376229209982"
"6549.0","6555.0","5.703333333333333","3.7422222222222223","5.65","1.0664648345272534"
"6552.0","6558.0","6.366666666666667","3.903333333333333","5.8","0.9458658707220816"
"6554.0","6560.0","5.247857142857143","4.357857142857143","5.534285714285715","0.8387020050430157"
"6557.0","6563.0","5.603","5.202999999999999","5.202","0.7284367316191299"
"6559.0","6565.0","5.611428571428571","4.4314285714285715","5.112857142857144","0.7447830955385148"
"6562.0","6568.0","5.63375","4.34125","5.35375","0.6660448400354794"
"6564.0","6570.0","5.303333333333333","4.251111111111111","5.192222222222223","0.6115255609573951"
"6567.0","6573.0","4.937777777777778","4.476666666666667","5.105555555555555","0.5660023805715458"
"6569.0","6575.0","5.275","3.891666666666667","5.706666666666666","0.5500580876559319"
"6574.0","6580.0","5.480714285714285","4.144285714285714","5.195714285714284","0.5497815706687816"
"6577.0","6583.0","5.179090909090909","4.661818181818182","5.239090909090908","0.5753964668746651"
"6579.0","6585.0","5.557272727272727","4.513636363636363","5.620909090909091","0.6197842419966656"
"6582.0","6588.0","5.045555555555556","4.147777777777779","5.081111111111111","0.7495835316247359"
"6584.0","6590.0","4.776","4.704","5.066000000000001","0.7956929184005365"
"6587.0","6593.0","6.192500000000001","4.33","6.074999999999999","0.987687014028515"
"6589.0","6595.0","5.6052380952380965","4.256666666666668","5.7004761904761905","0.9879512267349648"
"6592.0","6598.0","5.63","4.228","5.348","1.0349227304368471"
"6594.0","6600.0","6.077","4.46","6.066","0.9536237211164865"
"6597.0","6603.0","5.510454545454546","4.259999999999999","5.486363636363636","1.2328658916197675"
"6599.0","6605.0","5.489999999999999","4.3566666666666665","5.371666666666667","1.4322126476767807"
"6602.0","6608.0","5.63","3.27","5.1000000000000005","1.6747003769564146"
"6604.0","6610.0","5.417272727272727","4.0190909090909095","5.2272727272727275","1.6809270302152153"
"6607.0","6613.0","5.248571428571429","4.458571428571429","5.482857142857142","1.465304418661946"
"15.0","40.0","5.945675675675675","3.747567567567567","5.727837837837837","0.9782732075543524"
"41.0","60.0","5.301428571428572","3.915714285714286","5.552380952380951","0.28669440455860246"
"61.0","72.0","6.017272727272727","3.6145454545454543","5.6472727272727266","0.322187236189905"
"73.0","565.0","5.649230769230769","3.9589878542510117","5.57836032388664","1.0589900940581056"
"566.0","623.0","5.679821428571429","3.77","5.558928571428572","3.111043925820679"
"624.0","660.0","5.856052631578947","3.9031578947368417","5.731315789473684","1.7747371439011328"
"661.0","665.0","5.784285714285714","4.322857142857143","5.545714285714287","1.2922266663711601"
"666.0","670.0","5.061999999999999","4.358","5.24","1.1653126309945672"
"671.0","680.0","5.614583333333333","3.799583333333333","5.79375","0.7204612333858516"
"681.0","690.0","5.47","4.172307692307692","5.224615384615384","0.8812705964818843"
"710.0","750.0","6.1035416666666675","4.006875","5.555625","0.5273879782791145"
"751.0","763.0","5.7128000000000005","3.8188","5.3548","0.403242985647801"
"766.0","787.0","5.714545454545454","4.014848484848485","5.574545454545454","0.2673287237755696"
"788.0","790.0","5.642","4.023","5.2780000000000005","0.15931887723771931"
"791.0","1020.0","5.960060606060606","4.102181818181818","5.707696969696969","0.37706102848099354"
"1021.0","1040.0","5.746666666666666","4.066666666666667","5.542857142857143","0.21852626191025934"
"1041.0","1110.0","5.524","4.141466666666666","5.460000000000001","0.6094114052286641"
"1111.0","1128.0","5.035555555555556","4.13962962962963","5.262962962962963","0.6666313345423548"
"1129.0","1160.0","5.661020408163265","3.936326530612245","5.302244897959183","0.6687065041359608"
"1164.0","1290.0","5.440984848484849","4.159848484848484","5.458787878787878","0.724651244639765"
"1292.0","1320.0","5.985294117647059","3.7152941176470584","5.724117647058823","0.5379709803820971"
"1321.0","1357.0","6.055","3.6610714285714283","5.721428571428572","0.6031346871681994"
"1358.0","1440.0","5.791857142857142","3.858","5.564857142857142","0.4233495880777244"
"1475.0","1734.0","5.554652406417112","4.007860962566845","5.4748663101604285","1.8360380686576867"
"1735.0","1740.0","5.474666666666667","3.6753333333333336","5.5326666666666675","0.38572339876764733"
"1741.0","1814.0","5.363205128205129","4.050512820512821","5.497820512820512","0.5657679687560254"
"1815.0","1817.0","5.48","3.59","5.57","0.8066218410065378"
"1818.0","1827.0","5.578947368421052","4.401052631578948","5.545263157894736","0.4877986551158971"
"1828.0","1895.0","5.601358024691358","4.094197530864198","5.394197530864197","0.5826450585598114"
"1897.0","1940.0","5.4888","3.9082","5.500400000000002","0.4652053989544405"
"1945.0","1975.0","5.665555555555556","3.7583333333333337","5.57","0.7755234430471847"
"1976.0","2040.0","5.887499999999999","3.995416666666667","5.346666666666667","0.809800996641707"
"2082.0","2140.0","5.71857142857143","4.055102040816326","5.448163265306122","0.6708374377505462"
"2144.0","2196.0","5.543793103448277","3.9160344827586204","5.557758620689655","0.9288690782020881"
"2197.0","2248.0","6.062676056338027","3.88887323943662","5.765492957746478","0.7958520293137142"
"2249.0","2285.0","5.697179487179489","4.127948717948718","5.314615384615385","0.6743975564951625"
"2310.0","2349.0","5.52264705882353","3.886764705882353","5.370294117647059","0.9756717880553435"
"2350.0","2360.0","5.3325","4.004166666666667","5.235833333333333","0.7826939314913992"
"2361.0","2385.0","5.649999999999999","3.8634482758620687","5.614137931034483","0.4012270614545943"
"2386.0","2520.0","5.388888888888889","4.161874999999999","5.439583333333333","0.6127199724205733"
"2525.0","2570.0","5.627540983606558","4.160655737704918","5.651475409836068","0.5683406312042344"
"2575.0","2668.0","5.499753086419753","4.155679012345678","5.411481481481482","1.0489352088596138"
"2669.0","2710.0","5.6621428571428565","4.149285714285715","5.598571428571428","0.7888869392315645"
"2712.0","2875.0","5.319276315789473","4.114407894736842","5.399473684210527","0.7490012161643853"
"2877.0","2885.0","5.461","3.8820000000000006","5.566","0.7431201986145638"
"2900.0","3008.0","5.529666666666667","4.041533333333333","5.5077333333333325","0.9749094992752348"
"3009.0","3062.0","5.904561403508771","4.110701754385965","5.652280701754386","0.5913008061248032"
"3063.0","3085.0","5.354791666666666","3.584166666666667","5.477083333333333","0.5891543405741172"
"3104.0","3120.0","4.997857142857144","3.362142857142857","5.057142857142857","1.0064828852357792"
"3130.0","3184.0","5.250249999999999","3.8175","5.679250000000001","0.7325312665063292"
"3185.0","3264.0","5.676976744186048","3.877906976744186","5.640697674418604","0.7813334177320339"
"3275.0","3439.0","5.26264","4.28632","5.217920000000001","0.7187469211729601"
"3495.0","3507.0","5.819791666666667","4.280208333333333","5.643125","1.1468308238503941"
"3509.0","3523.0","5.692181818181818","3.8430909090909093","5.545090909090909","0.5361885790356223"
"3524.0","3545.0","5.620512820512819","4.09076923076923","5.4230769230769225","0.5075482979539406"
"3546.0","3623.0","5.731730769230769","3.9380769230769235","5.515576923076923","0.6647125441026787"
"3624.0","3674.0","5.4803225806451605","4.2777419354838715","5.328387096774194","2.403592498661471"
"3675.0","3689.0","5.7245454545454555","4.112272727272727","5.575454545454544","2.991139062630367"
"3690.0","3700.0","5.536666666666666","3.5433333333333334","5.886666666666667","0.6987097662481384"
"3701.0","3759.0","5.766969696969697","3.8154545454545454","5.594848484848486","0.5724557467046448"
"3760.0","3780.0","5.81344827586207","4.157586206896552","5.653793103448276","0.4673484849189365"
"3781.0","3845.0","5.631882352941176","4.076235294117646","5.422588235294117","0.2932853692117684"
"3848.0","3852.0","5.623333333333333","3.862222222222222","5.533333333333334","0.20998575283818957"
"3853.0","4005.0","5.389106145251397","3.9807821229050275","5.561005586592179","0.5907727109809522"
"4006.0","4029.0","5.54875","4.0528125","5.7484375","1.2515249967179314"
"4030.0","4090.0","5.445","4.092222222222222","5.593333333333334","0.7411167416365811"
"4091.0","4118.0","5.948857142857143","3.8702857142857146","5.796571428571429","0.4162650607515839"
"4121.0","4305.0","5.727647058823529","4.217882352941177","5.566117647058824","0.8553647192520694"
"4306.0","4403.0","5.55320987654321","4.150740740740741","5.632345679012346","0.7608561170186695"
"4404.0","4445.0","5.7354054054054044","3.9478378378378385","5.658378378378378","3.582925645570223"
"4446.0","4470.0","5.648571428571429","4.28","5.461428571428571","2.060421822749807"
"4484.0","4521.0","5.980666666666666","3.67","5.868666666666668","1.226868991271033"
"4522.0","4555.0","5.39825","3.8495000000000004","5.332","1.870111080590739"
"4556.0","4585.0","5.661538461538461","4.103846153846154","5.443076923076922","2.704284561222801"
"4586.0","4685.0","5.89986301369863","4.072328767123288","5.678630136986301","1.0020732354757604"
"4686.0","4800.0","5.5573417721519","4.085316455696202","5.542278481012659","2.0930619714791607"
"4801.0","4825.0","5.398333333333333","3.498333333333333","5.450833333333333","3.6653993011879784"
"4830.0","4845.0","5.760769230769229","3.7446153846153853","5.583846153846154","1.858178965365937"
"4846.0","4880.0","5.524000000000001","3.7877142857142854","5.416571428571429","2.0043926009982163"
"4890.0","4925.0","5.378421052631579","4.166315789473684","5.329473684210527","1.6678715695325472"
"4951.0","4970.0","5.424565217391304","4.141739130434782","5.562173913043478","1.5900981713356737"
"5010.0","5036.0","5.56103448275862","3.937931034482759","5.64551724137931","0.9764735681910544"
"5055.0","5070.0","4.9037500000000005","4.99625","4.80125","0.5237749886300324"
"5100.0","5156.0","5.180000000000001","4.3325","5.391538461538461","1.2693504261187345"
"5165.0","5245.0","5.439","3.9807500000000005","5.446624999999999","1.6356451289204326"
"5246.0","5258.0","5.295333333333334","4.068666666666667","5.417333333333332","1.6319690702285599"
"5259.0","5303.0","5.459","4.277833333333334","5.585333333333335","0.8653676526238437"
"5304.0","5319.0","5.680769230769231","3.9180769230769226","5.605384615384616","0.49599263873457344"
"5320.0","5389.0","5.318493150684931","4.29986301369863","5.476164383561644","1.1066480550628384"
"5390.0","5730.0","5.467904761904761","4.255999999999999","5.5132063492063486","1.4333375279876799"
"106.0","116.0","5.5075","4.07","5.461875","1.326852081374458"
"120.0","159.0","5.4382758620689655","3.7327586206896552","5.288620689655172","1.167703779822975"
"160.0","203.0","5.221578947368421","3.960526315789473","5.269999999999999","0.9433926797126045"
"204.0","225.0","5.100499999999999","4.132499999999999","5.3825","1.2102070944729235"
"227.0","231.0","5.811333333333334","3.6693333333333333","5.835333333333333","1.3428180738489486"
"232.0","250.0","5.621818181818181","3.9790909090909086","5.817272727272727","0.4733760825960908"
"251.0","282.0","5.4575510204081645","3.9840816326530613","5.477142857142857","0.9363036899417525"
"283.0","318.0","5.552903225806453","4.094838709677419","5.630322580645162","1.2679556970415522"
"319.0","370.0","5.582931034482757","4.006379310344828","5.508620689655172","2.5923340558281946"
"371.0","384.0","5.619090909090909","4.220909090909091","5.2309090909090905","2.183754224009022"
"385.0","408.0","4.7335714285714285","4.417142857142857","5.172142857142858","1.003283100588809"
"426.0","431.0","5.3618181818181805","4.3545454545454545","5.385454545454545","3.0538689873264095"
"432.0","444.0","5.759","4.24","5.625","2.195428929666086"
"445.0","540.0","5.264153846153846","4.28923076923077","5.174923076923078","1.9855735913380999"
"545.0","570.0","5.477142857142858","4.078571428571428","5.168571428571428","0.6486822047428369"
"575.0","590.0","5.404285714285714","3.7192857142857134","5.088571428571428","0.3456036047373573"
"592.0","595.0","5.058333333333334","3.643333333333333","4.8933333333333335","0.5097211722674843"
"622.0","783.0","5.557016129032259","4.053629032258065","5.573145161290324","1.226556313496573"
"784.0","795.0","6.137333333333333","4.355333333333333","5.602666666666667","2.575932146924865"
"796.0","808.0","5.950000000000001","3.895384615384615","5.612307692307693","2.8572011025405546"
"809.0","879.0","5.599375","4.1990625","5.384375","0.6543394366548205"
"884.0","890.0","5.567692307692307","4.213846153846154","5.533846153846155","0.4073254136882213"
"891.0","960.0","5.407352941176471","3.5761764705882353","5.313235294117647","0.7159148287291777"
"961.0","1042.0","5.245555555555557","4.013148148148148","5.458333333333333","0.16357901587911125"
"1043.0","1062.0","5.744000000000001","3.4973333333333327","5.3420000000000005","0.3105760819184488"
"1064.0","1107.0","5.453636363636363","3.73030303030303","5.425454545454545","0.5146018632329091"
"1108.0","1159.0","5.656545454545455","3.8167272727272734","5.5645454545454545","0.7156858289772672"
"1160.0","1164.0","5.412857142857143","3.8942857142857146","5.515714285714286","0.17245871135610938"
"1165.0","1197.0","5.459696969696969","4.016060606060606","5.473030303030302","0.30166883376367015"
"1198.0","1202.0","4.786666666666666","3.5933333333333337","5.21","0.322480265787526"
"1203.0","1230.0","5.033846153846154","3.775769230769231","5.279230769230768","0.234793849186924"
"1245.0","1257.0","5.901764705882352","4.08","5.635882352941176","0.34364057797214126"
"1258.0","1366.0","5.6929838709677405","3.8589516129032257","5.535322580645162","0.5137532929531042"
"1367.0","1470.0","5.475588235294118","3.9868627450980396","5.4737254901960775","0.4234353188770958"
"1471.0","1589.0","5.794324324324324","4.033513513513514","5.640337837837838","0.9231262217494103"
"1590.0","1610.0","5.0359375","3.9965624999999996","5.274062499999999","0.41773962043895685"
"1614.0","1647.0","5.400161290322582","4.071935483870968","5.3875806451612895","0.3786543883981108"
"1648.0","1691.0","5.318529411764707","3.5382352941176465","5.692352941176471","0.5694785109836655"
"1692.0","1711.0","5.348333333333333","4.008611111111112","5.415833333333333","1.8291586717901769"
"1712.0","1770.0","5.657169811320754","3.906981132075472","5.504716981132075","1.0294757872869913"
"1771.0","1847.0","5.420454545454545","4.229772727272728","5.281136363636364","1.6545995499969497"
"1847.0","1851.0","5.597777777777777","3.376666666666667","4.933333333333334","1.0438818017103022"
"1852.0","1900.0","5.03423076923077","4.493076923076923","5.313461538461539","2.094052529454907"
"1879.0","1944.0","5.07125","4.5875","5.37","2.4222567942947686"
"1901.0","1915.0","6.036363636363637","4.156363636363636","5.608181818181818","2.4895333005304323"
"1916.0","1938.0","4.817647058823529","4.239411764705882","5.331176470588236","2.5518648119221363"
"1945.0","1960.0","5.05","4.236","5.4719999999999995","1.9737483822823296"
"1962.0","2002.0","5.64655172413793","4.044827586206896","5.5889655172413795","0.8419035366488321"
"2003.0","2060.0","5.1031707317073165","4.489756097560976","5.278170731707317","2.087844174811111"
"2063.0","2065.0","4.811249999999999","4.2562500000000005","4.92","0.44076167641220004"
"2069.0","2116.0","5.315263157894736","3.9522807017543853","5.317719298245614","1.3959907073114792"
"2119.0","2167.0","4.981785714285714","4.203571428571429","5.2475000000000005","0.6072102170384817"
"2168.0","2180.0","4.848571428571428","3.788571428571429","5.157142857142857","0.19055022642374997"
"2181.0","2200.0","5.257692307692308","4.403846153846154","5.451538461538461","0.1344563731167846"
"2201.0","2205.0","5.2225","4.192500000000001","5.6499999999999995","0.14178388639522024"
"2220.0","2235.0","5.299166666666666","4.0841666666666665","5.515833333333333","0.27394750104822924"
"2236.0","2305.0","5.2126229508196715","4.352622950819672","5.208852459016393","0.45615131594614333"
"2306.0","2320.0","5.2335714285714285","4.434285714285714","5.502857142857143","0.7784633834732563"
"2321.0","2323.0","5.4350000000000005","4.24","5.32","2.9662559016815733"
"2324.0","2348.0","5.326315789473684","3.8626315789473677","5.2963157894736845","0.841208949055577"
"2349.0","2442.0","5.586122448979593","3.8318367346938773","5.5259183673469385","0.5624905253380676"
"2443.0","2460.0","6.131052631578946","4.172631578947367","5.626315789473685","1.0006867053151416"
"2461.0","2470.0","5.222333333333333","3.956666666666666","5.243","0.45301689959968333"
"2471.0","2493.0","5.709130434782609","3.829565217391305","5.292173913043478","1.3072921725652351"
"2494.0","2520.0","5.187575757575758","3.8000000000000003","5.30030303030303","0.6720417714052886"
"2525.0","2608.0","5.433333333333334","4.183333333333334","5.5183333333333335","0.6691142472959918"
"2608.0","2809.0","5.325","4.067399999999999","5.325799999999999","0.19416532240074447"
"2810.0","2789.0","5.180689655172413","3.780689655172414","5.26","1.0013390677711997"
"2851.0","3024.0","5.475670103092783","4.085360824742268","5.460618556701031","0.2756627974420966"
"3028.0","3070.0","5.315151515151516","4.0578787878787885","5.305","0.29344582539543435"
"3071.0","3111.0","5.483170731707317","3.881951219512195","5.391951219512194","0.18558618765145496"
"3140.0","3194.0","5.80625","4.0","5.49425","1.0752514293971012"
"3195.0","3226.0","5.553636363636364","4.176969696969696","5.408181818181818","0.5733780807246847"
"3230.0","3239.0","5.064","3.914","5.640000000000001","2.292610292150544"
"3240.0","3248.0","5.652962962962963","3.8288888888888892","5.38962962962963","2.033360138395172"
"3249.0","3253.0","5.016666666666667","4.141666666666667","5.551666666666667","0.6596964809966235"
"3254.0","3262.0","5.798","4.134","5.618","0.8743139052786926"
"3263.0","3269.0","6.162","3.533","6.035","0.780411752070657"
"3270.0","3318.0","5.58138888888889","3.926388888888889","5.5311111111111115","1.2440682574878676"
"3319.0","3380.0","5.724117647058824","3.828039215686275","5.565098039215687","0.9840894779529167"
"3381.0","3396.0","4.821666666666666","3.6933333333333334","5.445","1.3746945373379043"
"3397.0","3411.0","5.511666666666667","3.908888888888889","5.650555555555555","2.2191082002226343"
"3412.0","3484.0","5.721111111111112","3.8306666666666667","5.687111111111111","1.7378053565663727"
"3485.0","3498.0","5.396470588235295","4.002941176470588","5.246470588235294","2.1077473811083642"
"3505.0","3536.0","5.610204081632654","3.7191836734693875","5.578163265306122","1.2360265359427476"
"3537.0","3545.0","5.45945945945946","3.942432432432433","5.284324324324324","1.5439856021140337"
"3546.0","3555.0","4.935555555555556","3.803333333333333","4.818888888888889","2.265312819550603"
"3565.0","3581.0","5.643333333333333","4.009523809523809","5.5980952380952385","1.8001263433131092"
"3582.0","3590.0","4.963333333333334","4.301666666666667","4.883333333333334","2.324038911159331"
"3591.0","3613.0","5.654399999999999","3.9756000000000005","5.587199999999999","2.0308343369182995"
"3614.0","3654.0","5.515000000000001","3.832142857142857","5.2907142857142855","1.8544917588661143"
"3655.0","3684.0","5.503947368421052","4.2552631578947375","5.410789473684211","1.5576769281323892"
"3685.0","3690.0","5.122000000000001","4.295","5.024","1.1411588807833684"
"3693.0","3715.0","5.006","3.4979999999999998","5.414","1.1101180837917484"
"3717.0","3793.0","5.409473684210527","3.9160526315789475","5.488421052631579","0.905536523697947"
"3795.0","3843.0","5.109047619047619","4.200793650793649","5.23968253968254","0.5887017140461888"
"3855.0","3898.0","4.911428571428571","4.126666666666667","4.94095238095238","0.4545140787909709"
"3899.0","4080.0","5.3991911764705875","3.929852941176471","5.4501470588235295","0.11356933824983728"
"4081.0","4101.0","6.133333333333333","4.4433333333333325","5.451666666666667","0.31797948446923047"
"4102.0","4110.0","5.2025","4.37","4.963333333333334","0.30514893064233045"
"4111.0","4120.0","6.577142857142857","4.191428571428571","5.76","0.3362543712956684"
"4121.0","4131.0","5.743333333333333","4.087777777777777","5.387777777777778","0.27208272127098043"
"4132.0","4147.0","5.4222222222222225","3.673333333333334","5.578888888888889","0.2057696116535231"
"4147.0","4180.0","5.100952380952381","3.955238095238095","5.236666666666666","0.2593289430389838"
"4183.0","4185.0","4.66","6.215","4.82","0.38889392044503807"
"4187.0","4234.0","4.736666666666667","4.174666666666668","5.1339999999999995","0.5968933720356957"
"4237.0","4297.0","6.208703703703703","4.099444444444445","5.899259259259259","0.17780143160437809"
"4298.0","4381.0","5.647","4.0756000000000006","5.5602","0.4065570780452966"
"4382.0","4435.0","5.680517241379311","3.84","5.461034482758621","0.17411899103090056"
"4437.0","4475.0","5.376400000000001","3.644399999999999","5.486800000000001","0.3427888719953861"
"4479.0","4570.0","5.6388","3.8464","5.645200000000001","0.23731557018713642"
"4572.0","4643.0","5.3118181818181816","3.9786363636363644","5.436590909090909","0.14880521683146644"
"4645.0","4660.0","6.065833333333333","4.043333333333333","5.895","0.32299332427688393"
"4661.0","4680.0","5.6899999999999995","3.591","5.624999999999999","1.2798846707077598"
"4680.0","4700.0","5.99375","4.675","5.97875","0.3312471502622664"
"4705.0","4719.0","6.830000000000001","4.3933333333333335","5.87","0.09504731212436314"
"4720.0","4765.0","5.749393939393939","4.224242424242425","5.673030303030303","0.17978156573564114"
"4766.0","4800.0","6.143846153846154","4.168461538461538","5.9484615384615385","0.23403095280001737"
"4810.0","4867.0","5.952307692307692","3.9376923076923083","5.354615384615385","0.7383724831747267"
"4870.0","4889.0","5.164375","3.7199999999999998","5.3256250000000005","0.8715725020604277"
"4909.0","4954.0","5.287368421052631","4.0336842105263155","5.512105263157895","0.7029719064823403"
"4955.0","5005.0","5.812400000000001","3.8176","5.654","0.3977660307069377"
"5006.0","5028.0","5.185833333333332","3.8383333333333334","5.338333333333334","0.5914477455414154"
"5029.0","5033.0","6.43","4.265","5.584999999999999","0.296352556581592"
"5035.0","5102.0","5.5668493150684935","3.885342465753425","5.427397260273972","0.07957575110828848"
"5103.0","5135.0","5.4704999999999995","4.278499999999999","5.244","0.689535379627414"
"5136.0","5220.0","5.659565217391304","3.8502173913043483","5.4676086956521734","1.078248234947089"
"5222.0","5269.0","5.6875","3.9629166666666666","5.41375","0.42896687512612736"
"5280.0","5307.0","5.306857142857142","3.841142857142857","5.336285714285713","0.6099666797203985"
"5309.0","5384.0","5.1127272727272715","4.097727272727272","5.204545454545454","1.0073149678382154"
"5385.0","5431.0","5.3319230769230765","4.076153846153846","5.5334615384615375","1.201288833443933"
"5434.0","5450.0","4.923125","4.0225","5.051875","0.563919169717447"
"5455.0","5490.0","5.778918918918919","4.072162162162162","5.6016216216216215","0.9775685979528593"
"5491.0","5520.0","5.834680851063829","3.8904255319148935","5.84595744680851","0.9023468770264548"
"5521.0","5552.0","5.47","3.763103448275861","5.498620689655173","1.3963908618208942"
"5553.0","5644.0","6.181086956521739","3.9210869565217394","5.939347826086956","0.38961093395081536"
"5645.0","5650.0","6.0075","3.9218749999999996","5.679375","1.373945728895435"
"5653.0","5685.0","5.425892857142857","3.9037499999999996","5.482857142857142","2.8390200500412925"
"5686.0","5690.0","5.597142857142857","3.934285714285714","5.431428571428571","2.7457697174818794"
"5691.0","5695.0","5.553","4.011","5.486999999999999","1.2388723725944377"
"5696.0","5701.0","5.9159999999999995","3.412","5.568","1.4944266501162842"
"5702.0","5715.0","5.134736842105262","3.975263157894737","5.528947368421052","1.1986306576392212"
"5717.0","5740.0","4.979047619047618","4.166190476190476","5.299047619047618","0.6897969508529067"
"5742.0","5775.0","5.531818181818182","4.151363636363636","5.190454545454546","0.3764574662109257"
"5805.0","5840.0","4.215625000000001","4.305625","4.73125","1.3646830516972872"
"5865.0","5883.0","5.141111111111111","4.147222222222222","5.087222222222222","2.2004211881565796"
"5885.0","5900.0","5.414545454545455","3.898181818181818","5.352727272727273","1.7002326946673219"
"5905.0","5920.0","4.891818181818182","3.651818181818182","5.129090909090909","2.1307620041412862"
"5923.0","5965.0","5.246052631578945","3.7307894736842107","5.537105263157895","1.2843548414352344"
"5966.0","6120.0","5.235230769230769","3.791076923076923","5.385692307692308","0.5649077784148622"
"6121.0","6142.0","5.0645454545454545","3.7181818181818183","5.390909090909091","0.3409256103168572"
"6143.0","6148.0","6.24","3.8800000000000003","5.796","1.1002710761482895"
"6149.0","6154.0","5.7225","3.65","5.54","0.6047471939168265"
"6155.0","6157.0","5.465","4.12","6.145","0.4512769714076534"
"6157.0","6165.0","4.673","4.702","5.212","0.7960508594558169"
"6166.0","6224.0","5.384571428571428","4.083714285714285","5.465142857142857","0.325863504483152"
"6225.0","6245.0","5.1604347826086965","4.042173913043477","5.272608695652174","0.8552183313098686"
"6250.0","6258.0","5.4575","3.78625","5.516249999999999","0.8430399729555409"
"6259.0","6273.0","4.5649999999999995","4.495714285714286","5.368571428571428","0.5363761659586163"
"6274.0","6276.0","5.03","4.196666666666666","5.361111111111111","0.7021361212803073"
"6277.0","6281.0","3.8274999999999997","5.795","4.55","1.294776429642375"
"6282.0","6313.0","5.74","3.5589999999999997","5.7315000000000005","2.7576492244294135"
"6314.0","6355.0","5.506538461538461","4.284999999999999","5.503461538461538","1.4742236923380359"
"6371.0","6413.0","5.544912280701754","3.8549122807017544","5.506842105263159","0.97574564922768"
"6415.0","6359.0","5.392857142857143","4.118571428571429","5.2299999999999995","1.830968701499707"
"6420.0","6564.0","5.718333333333335","4.215789473684211","5.408947368421054","0.8474722233992276"
"6565.0","6620.0","5.580714285714284","3.9424999999999994","5.293571428571428","0.8526684239228908"
"25.0","85.0","5.938888888888889","4.057777777777778","5.553888888888888","0.9362078329987571"
"100.0","243.0","5.505903614457831","3.8950602409638564","5.653253012048193","1.6182407726927743"
"244.0","389.0","5.524877049180327","3.9377049180327868","5.526844262295082","0.4493234136296409"
"391.0","400.0","5.7829999999999995","3.8099999999999996","5.4955","1.2027612087883652"
"402.0","440.0","5.454485981308412","4.218411214953272","5.590186915887849","1.1201349535466523"
"444.0","450.0","5.245555555555556","4.04111111111111","4.911111111111111","0.7881043196325876"
"451.0","470.0","5.570172413793103","3.9846551724137935","5.585","1.2418692895936396"
"471.0","480.0","5.746944444444444","3.8505555555555557","5.478055555555555","1.2476257180638552"
"540.0","588.0","5.1974193548387095","4.016774193548387","5.429838709677419","1.7652941196041894"
"590.0","595.0","5.941666666666666","3.633333333333333","5.510000000000001","1.684165246784781"
"596.0","608.0","5.5823809523809516","3.9733333333333327","5.470000000000001","2.1824686153778967"
"632.0","670.0","5.975862068965518","4.18551724137931","5.729310344827588","0.2422510307944033"
"671.0","720.0","6.050666666666668","3.7866666666666666","5.720666666666667","0.46443126374901317"
"721.0","743.0","5.049473684210526","3.880000000000001","5.117894736842106","0.2538425822285939"
"745.0","859.0","5.455696202531646","3.9744303797468357","5.495063291139241","0.14271802333939387"
"860.0","892.0","5.382666666666667","3.623333333333334","5.170000000000001","0.7301641692587465"
"893.0","1050.0","5.2453594771241825","4.2324183006535945","5.242287581699346","0.327101025389797"
"1051.0","1100.0","5.756666666666667","3.762499999999999","5.683333333333334","0.8529873306464215"
"1101.0","1112.0","4.957777777777778","4.195","5.330555555555555","0.12990614343118356"
"1113.0","1130.0","5.674","4.084","5.626","0.04443416762864499"
"1185.0","1214.0","5.249019607843138","4.18921568627451","5.369607843137255","0.8960960108264641"
"1225.0","1325.0","5.336016949152544","4.088983050847458","5.392118644067797","0.7387729930817848"
"1326.0","1360.0","5.295238095238095","4.314285714285715","5.454285714285714","2.8293552423866988"
"1361.0","1380.0","4.939090909090909","4.269090909090909","5.4845454545454535","3.8558821304129856"
"1400.0","1410.0","5.227777777777778","4.1594444444444445","5.348888888888889","4.131021562609349"
"1415.0","1433.0","5.673076923076923","4.014615384615385","5.512692307692307","4.175759470110723"
"1435.0","1460.0","5.353225806451612","4.111935483870968","5.604516129032258","3.2002004996792417"
"1461.0","1470.0","5.3564","4.1048","5.6644","4.370835702655591"
"1471.0","1475.0","4.91125","4.391249999999999","5.05625","2.1982939336953597"
"1476.0","1485.0","5.346296296296296","4.216296296296297","5.118148148148148","3.752347551433668"
"1525.0","1545.0","5.01","4.4031034482758615","5.193103448275862","0.669031684258253"
"1583.0","1605.0","5.254303797468354","4.2530379746835445","5.13493670886076","1.3194115423441475"
"1606.0","1645.0","5.343148148148147","4.403333333333333","5.420000000000001","0.6294572531450933"
"1646.0","1671.0","5.142173913043478","4.171739130434782","5.274239130434782","0.27282521819178507"
"1685.0","1714.0","5.483970588235294","4.139411764705883","5.432058823529412","0.44461403268517796"
"1720.0","1740.0","5.09111111111111","4.262037037037038","5.087222222222222","0.3802112360071358"
"1742.0","1835.0","5.408512396694215","4.166859504132232","5.513471074380165","0.5007479078414124"
"1840.0","1864.0","5.5998","3.8298","5.4676","0.9423035582515421"
"1871.0","1895.0","5.4277083333333325","3.9656250000000006","5.363958333333334","0.9408842307201903"
"1896.0","1904.0","4.05","5.55","4.85","0.9205210434918056"
"1905.0","1955.0","5.376727272727273","4.046181818181818","5.408363636363636","0.9355821353446189"
"2025.0","2093.0","5.612499999999999","4.1310714285714285","5.315714285714286","0.2306161575317822"
"2094.0","2128.0","5.872916666666666","3.9345833333333338","5.46375","0.3028634542337333"
"2190.0","2228.0","5.6049999999999995","4.009473684210526","5.561052631578947","0.4774228479911324"
"2229.0","2268.0","5.273958333333333","4.014375","5.518541666666667","0.7145246528337216"
"2270.0","2295.0","5.457118644067797","4.002203389830508","5.569830508474575","1.232364986041595"
"2296.0","2302.0","6.053333333333334","3.5933333333333337","5.95","1.4984086240767598"
"2305.0","2350.0","5.453333333333334","3.8196296296296293","5.251481481481482","0.8932483208849683"
"2355.0","2400.0","5.003333333333333","3.965833333333333","4.9825","0.22406364056356268"
"2411.0","2435.0","5.009090909090909","3.9899999999999993","5.405454545454545","0.3021512875549273"
"2436.0","2445.0","5.107857142857142","3.7757142857142854","5.247142857142856","0.3110339592768507"
"2446.0","2460.0","5.719166666666667","3.7958333333333325","5.545000000000001","0.4404215349224075"
"2461.0","2464.0","4.8965","4.734","5.210999999999999","0.14414126814806505"
"2465.0","2470.0","4.873333333333334","4.61","4.3933333333333335","0.03846828910269773"
"2471.0","2475.0","5.644166666666667","4.589166666666666","5.4558333333333335","0.2445287406960213"
"2476.0","2478.0","5.6000000000000005","3.8866666666666663","5.304444444444445","0.5777934039341042"
"2479.0","2490.0","4.954615384615384","3.618461538461539","5.176923076923078","0.7600909717484748"
"2491.0","2520.0","5.190476190476191","4.106666666666667","5.423809523809523","0.5320295912737247"
"2521.0","2525.0","5.589","4.643000000000001","5.063","0.13497747914792926"
"2526.0","2536.0","5.017692307692308","4.430000000000001","4.980769230769231","0.3196168938917321"
"2537.0","2580.0","5.145925925925926","4.351111111111112","5.114074074074074","0.8414798179160841"
"2587.0","2605.0","5.055882352941176","4.115882352941177","4.930588235294117","1.6564408605999172"
"2615.0","2634.0","5.019090909090909","4.420909090909091","5.18","3.0946309881758176"
"2635.0","2793.0","5.542394366197183","3.9836619718309847","5.405633802816901","1.2231814333857634"
"2793.0","2830.0","5.364857142857143","4.4005714285714275","5.277428571428572","0.08680821053896316"
"2831.0","2858.0","5.669666666666667","4.445666666666667","5.588333333333334","0.1228752078516396"
"2859.0","2862.0","6.3725000000000005","3.7849999999999997","5.615","0.035402070478165175"
"2863.0","2910.0","4.961600000000001","4.597600000000001","5.0748","0.08807399103237203"
"2911.0","3038.0","5.122","4.273478260869565","5.29104347826087","0.4946135827522223"
"3039.0","3055.0","5.572857142857144","4.350714285714285","5.355714285714286","0.09343516779267494"
"3056.0","3200.0","5.519846153846154","3.904923076923077","5.487230769230769","0.3302819433021739"
"3255.0","3412.0","5.383333333333334","4.101041666666666","5.3375","0.3628131187250402"
"3413.0","3455.0","5.812162162162161","3.825135135135135","5.43027027027027","1.053733972915329"
"3456.0","3558.0","5.393563218390804","4.3660919540229886","5.294137931034483","0.41020970365321663"
"3559.0","3697.0","5.5944927536231885","3.858768115942029","5.446884057971015","1.0077634720816195"
"3698.0","3760.0","5.473086419753087","3.971851851851852","5.329753086419753","0.655245507259899"
"3790.0","4005.0","5.311594202898551","4.07159420289855","5.1794927536231885","0.2630863872654687"
"4006.0","4089.0","5.568076923076924","4.127211538461538","5.523942307692308","1.1311001640184772"
"4090.0","4126.0","4.698","3.728","4.61","0.8786835862884151"
"4128.0","4305.0","5.554044943820225","4.071797752808989","5.557528089887641","1.8783588304521144"
"4318.0","4335.0","5.38875","3.5925","5.24125","0.46371297792844984"
"4339.0","4358.0","5.142","4.385999999999999","5.442","1.8911822569072296"
"4359.0","4365.0","5.213","3.683","5.291","2.075476849703307"
"4366.0","780.0","5.271818181818181","3.7713636363636365","5.433636363636363","1.7033861439562359"
"4381.0","4420.0","5.384117647058823","4.152941176470588","5.354117647058823","0.19520249730346265"
"4421.0","4450.0","4.9192857142857145","4.590357142857143","5.299999999999999","0.5306352947322382"
"4451.0","4464.0","4.647142857142858","4.488571428571428","4.878571428571428","1.2515521844962494"
"4465.0","4535.0","5.2335714285714285","3.9824285714285703","5.324142857142857","0.7079033285283529"
"4536.0","4600.0","5.191625","4.312875","5.287625","0.9512614285093707"
"4600.0","4615.0","5.29","4.102222222222222","5.282222222222222","0.8989033093751154"
"4616.0","4640.0","5.591739130434783","3.961739130434782","5.011739130434782","1.2330077230578442"
"4641.0","4660.0","5.913571428571428","3.5971428571428565","5.791428571428571","0.7800016715443421"
"4661.0","4676.0","4.81","4.079166666666667","5.115833333333333","0.9520027365294322"
"4677.0","4755.0","5.535833333333333","4.021833333333334","5.220666666666667","1.1121531317107143"
"4756.0","4765.0","5.3925","3.5300000000000002","5.047499999999999","1.1255877964848982"
"4788.0","4855.0","5.350689655172413","4.1899999999999995","5.171724137931035","2.070336850049733"
"4905.0","4965.0","5.128068181818181","4.030795454545455","5.224545454545455","0.42186663631119486"
"4966.0","4975.0","5.29375","3.7745833333333327","5.484999999999999","1.3808447042404213"
"4990.0","5055.0","5.460158730158731","3.996349206349206","5.578412698412698","0.250081518316061"
"5073.0","5108.0","5.777000000000001","3.809","5.49","1.7509433630096602"
"5109.0","5145.0","5.51025","4.222250000000001","5.449","0.31197276974124694"
"5146.0","5166.0","5.415151515151515","4.181515151515152","5.214545454545455","0.7893776283077277"
"5190.0","5227.0","5.652941176470589","4.01235294117647","5.246764705882353","0.5501237626190246"
"5224.0","5240.0","5.3405555555555555","3.8616666666666664","5.288888888888889","0.44007447127291655"
"5247.0","5255.0","5.0236363636363635","4.117272727272726","5.399090909090909","1.4469978021816097"
"5315.0","5367.0","5.3204166666666675","4.0633333333333335","5.3339583333333325","1.1262065415014288"
"5425.0","5450.0","5.8066666666666675","4.5175","5.203333333333333","0.5830897562378381"
"5494.0","5508.0","3.5250000000000004","5.604166666666667","4.361666666666666","0.39094457875196625"
