"5.00027027027027","4.514864864864864","4.955405405405406","0.054911781601427664"
"5.425666666666666","3.9266666666666667","5.379666666666667","0.07874982917886925"
"5.409090909090909","4.557045454545454","5.2245454545454555","0.13816595199742301"
"5.789032258064516","4.36741935483871","5.6412903225806454","0.20770066371934962"
"5.614193548387098","3.8822580645161286","5.551612903225806","0.14456942067161274"
"5.725882352941177","3.7649999999999997","5.605882352941177","0.26090205325832744"
"5.448333333333334","4.2716666666666665","5.353055555555556","0.3360929900314072"
"5.579459459459459","4.467027027027026","5.328648648648649","0.33635636124452917"
"5.718064516129032","4.2619354838709675","5.673225806451613","0.35476520480650203"
"5.465416666666667","4.325833333333333","5.269166666666667","0.42283026709775934"
"5.048108108108108","4.264594594594594","5.180000000000001","0.30567800791435845"
"4.893157894736842","4.560526315789473","5.092105263157895","0.2019347728223198"
"5.047714285714285","4.2631428571428565","5.038571428571428","0.16736314901356802"
"5.097317073170732","4.584878048780487","5.058292682926829","0.27719703329278905"
"4.970243902439025","4.109512195121951","5.191707317073171","0.29979529418269457"
"5.079189189189189","3.889189189189189","5.252972972972972","0.2245646185229942"
"4.901891891891892","4.655135135135136","5.078378378378378","0.2189946918234564"
"4.6935714285714285","4.142142857142857","5.199285714285714","0.0894304451285847"
"5.3715","3.8927499999999995","5.303","0.08629177899575306"
"5.5628125","4.291875","5.3568750000000005","0.028316145108118765"
"5.320322580645161","4.088064516129032","5.161935483870968","0.00827961137397464"
"5.294545454545454","3.9495454545454547","5.415","0.012772844534112327"
"5.342903225806452","4.030967741935484","5.256129032258063","0.011934862619793464"
"5.177499999999999","3.9908333333333332","5.2875000000000005","0.18768233516848465"
"4.974705882352941","4.288823529411765","5.3808823529411764","0.1827534491324649"
"4.951842105263157","4.063684210526316","5.056842105263158","0.07242114525112077"
"4.995625","4.046250000000001","5.355312499999999","0.13829425621276153"
"5.333421052631579","4.021578947368422","5.398421052631579","0.19458603910506517"
"5.202258064516131","4.037096774193548","5.2938709677419356","0.05646872733223779"
"5.213589743589744","4.03871794871795","5.21897435897436","0.12593861441172566"
"5.242325581395349","3.923720930232558","5.328837209302325","0.08897135014467858"
"4.948965517241379","4.067586206896552","5.213793103448276","0.011180289836539067"
"5.008857142857143","3.9205714285714284","5.3919999999999995","0.025263842321225152"
"4.835945945945945","4.198108108108109","5.372972972972971","0.04949901907838258"
"5.202941176470589","4.337941176470587","5.141764705882353","0.017214264461090444"
"5.337777777777778","4.023333333333333","5.343333333333333","0.01514045460069336"
"5.243846153846154","3.9941025641025636","5.151794871794872","0.033515430442186814"
"5.3149999999999995","4.3894117647058835","5.506764705882354","0.0325784458992706"
"5.275416666666666","4.0925","5.385000000000001","0.03365533871979693"
"5.490689655172416","4.186206896551725","5.269655172413793","0.04093488800923704"
"5.2362857142857155","3.843142857142857","5.222857142857142","0.008549120013071012"
"5.533157894736842","3.7602631578947365","5.414210526315789","0.008409048407921428"
"4.7379487179487185","4.2407692307692315","5.051794871794873","0.020342991085081676"
"5.239428571428571","4.032000000000001","5.106285714285714","0.009414177638419364"
"5.402058823529411","3.998235294117647","5.391764705882354","0.01751706796719638"
"5.218181818181819","4.305757575757576","5.292727272727273","0.027764303505219416"
"5.3571875","4.0784375","5.3881250000000005","0.11300655919224042"
"4.83590909090909","4.417727272727273","5.221590909090908","0.032859590883505575"
"5.741428571428571","4.213142857142858","5.596","0.026265126733155345"
"5.256176470588235","4.168823529411764","5.23529411764706","0.03215302075210975"
"5.37","4.222307692307693","5.355897435897437","0.05408369218767354"
"5.557200000000002","3.9644000000000004","5.583200000000001","0.042439252068952486"
"5.90576923076923","3.9580769230769235","5.670384615384616","0.04978041688766947"
"5.308888888888889","3.947777777777778","5.420222222222222","0.1536732389548919"
"5.783421052631579","3.7265789473684205","5.4263157894736835","0.010792487516310718"
"5.324242424242425","4.176060606060606","5.144242424242424","0.023194077452527054"
"5.4575","4.126944444444444","5.447222222222223","0.03409271765840668"
"5.481428571428573","4.138571428571429","5.492857142857142","0.12822977338966557"
"5.180909090909091","4.1460606060606064","5.32030303030303","0.04142124625991013"
"4.985263157894736","4.422894736842106","5.191578947368421","0.018674508358612417"
"5.181034482758621","3.951379310344828","5.4637931034482765","0.025755999792216967"
"5.530232558139535","4.130697674418604","5.551627906976744","0.00351851340743953"
"5.179189189189188","4.111891891891892","5.224864864864864","0.01881733678220738"
"4.794117647058823","4.271176470588236","5.022941176470589","0.054387145220903856"
"5.493947368421054","4.398421052631579","5.351578947368421","0.08213135272210216"
"6.0385294117647055","4.054411764705883","5.475882352941176","0.04071333743112216"
"5.315454545454546","4.07090909090909","5.253636363636364","0.08222433411075156"
"5.8145945945945945","4.2662162162162165","5.474594594594595","0.05719243728493684"
"4.739361702127661","4.157446808510638","4.902127659574468","0.029399723693935512"
"5.167619047619048","4.234523809523809","5.435","0.18763892292294668"
"5.348918918918918","4.023513513513513","5.3386486486486495","0.09670615567895076"
"5.527619047619048","4.36047619047619","5.455714285714286","0.06768618139875067"
"5.376666666666667","4.093809523809524","5.424285714285714","0.15164395806826297"
"5.168205128205129","3.8779487179487173","5.388717948717948","0.24341765951708688"
"5.278157894736842","4.261842105263158","5.4868421052631575","0.09875480194579056"
"5.037073170731707","4.1953658536585365","5.324146341463415","0.0491905157836073"
"5.638684210526315","3.891578947368421","5.596578947368421","0.03822294455412914"
"5.404390243902439","3.961463414634146","5.44219512195122","0.05093534037788657"
"5.187222222222222","4.143888888888888","5.333055555555555","0.02689812811312845"
"5.526086956521739","4.27391304347826","5.437391304347826","0.057137622784773086"
"5.402181818181818","3.818181818181819","5.256363636363638","0.10106532459385804"
"4.948918918918919","4.4051351351351355","5.063243243243243","0.16700670011970323"
"5.297948717948718","3.8766666666666674","5.062564102564102","0.06557977146111726"
"5.412413793103447","3.9258620689655173","5.267241379310343","0.052136438857744376"
"5.406666666666665","3.887142857142857","5.3447619047619055","0.057654447854638406"
"5.78625","3.9167499999999995","5.5925","0.05562727441695134"
"5.642380952380953","4.080238095238095","5.471666666666667","0.10398367303185649"
"5.332391304347826","3.833478260869566","5.31695652173913","0.08670356396877275"
"5.130930232558139","4.106046511627907","5.203720930232558","0.012254058756496817"
"5.193695652173913","4.019565217391304","5.393043478260869","0.013937175309508885"
"5.598000000000001","3.92875","5.38875","0.14610404686683745"
"5.217714285714286","4.113714285714285","5.407142857142857","0.05766978940479401"
"5.47390243902439","4.008292682926829","5.4607317073170725","0.04166179884274975"
"5.686000000000001","4.038285714285713","5.430857142857143","0.030167127338858794"
"5.132702702702702","3.993513513513513","5.128378378378377","0.21968398100805409"
"5.538108108108108","4.0010810810810815","5.51108108108108","0.21413740762826858"
"5.397297297297297","4.242432432432432","5.118378378378378","0.2352310979606507"
"5.314390243902439","4.021951219512196","5.158536585365853","0.28469364119628277"
"5.037272727272728","4.182727272727273","5.296363636363637","0.3553195756409694"
"5.05","4.078947368421052","5.07157894736842","0.10440463279549018"
"4.9328125","4.116562500000001","5.2225","0.03968496193477069"
"5.088076923076924","4.281538461538461","5.304615384615384","0.018680976980920937"
"5.382307692307692","4.238076923076923","5.219615384615385","0.021494367469165027"
"5.840967741935483","4.110967741935483","5.622258064516129","0.020237127648697752"
"5.512307692307693","4.127948717948717","5.488205128205128","0.013258787522005062"
"5.559615384615385","4.234615384615385","5.779615384615385","0.0056873287086548745"
"5.555555555555556","4.127777777777778","5.702222222222223","0.0171609156803554"
"5.43891304347826","4.038913043478262","5.368043478260869","0.03899746049455456"
"5.3151219512195125","4.132195121951219","5.3341463414634145","0.017744910765142233"
"5.691388888888889","3.834444444444445","5.501944444444445","0.05415813591309173"
"5.763170731707317","4.046341463414635","5.671951219512195","0.0213833105377244"
"5.578611111111111","4.252222222222223","5.4622222222222225","0.03202308622734812"
"5.6763414634146345","4.171951219512195","5.486341463414634","0.13260451100412377"
"5.191081081081082","4.135135135135136","5.114054054054053","0.1667326663546591"
"5.461818181818182","4.254848484848486","5.357878787878788","0.015378100577024167"
"5.2397368421052635","4.147105263157894","5.36078947368421","0.014518056159439678"
"5.220000000000001","4.291081081081081","5.115675675675677","0.02449757412262764"
"5.501707317073171","4.007317073170732","5.328048780487805","0.011162625391531959"
"5.395217391304348","3.840217391304347","5.3980434782608695","0.01164344495975885"
"5.111025641025642","3.8943589743589744","5.271282051282051","0.04049962550676087"
"5.600487804878049","3.7941463414634153","5.535609756097561","0.05952914914580559"
"5.654347826086958","4.033478260869566","5.365869565217391","0.01316186185106693"
"5.869032258064517","4.042580645161291","5.650322580645161","0.014601768091419422"
"5.122368421052632","4.256842105263157","5.073684210526315","0.01461944927909654"
"5.6129411764705885","4.179117647058824","5.449999999999999","0.02721926318582759"
"5.7175","4.0205","5.34775","0.16912773762612499"
"5.362820512820513","4.004615384615385","5.334615384615385","0.05619916898070841"
"5.418611111111111","4.002777777777778","5.281388888888889","0.0216998189779331"
"5.060857142857143","4.002857142857143","5.113428571428572","0.1567136414625538"
"4.8075","4.26525","4.938750000000001","0.11342483024719205"
"5.359999999999999","3.978947368421052","5.352368421052631","0.03897455732956128"
"5.25625","4.0646875","5.418125","0.02562751238490576"
"5.7860000000000005","3.8616666666666664","5.706666666666665","0.004177654708152496"
"5.67170731707317","4.008536585365854","5.572682926829267","0.00507531334930887"
"5.737692307692308","4.162307692307692","5.260769230769231","0.008719275131634839"
"5.462857142857141","4.428214285714286","5.028571428571428","0.009514966830753301"
"5.14483870967742","4.110967741935484","5.18483870967742","0.09795584258969879"
"5.2025","3.894999999999999","5.116666666666667","0.03427052191711159"
"5.093","4.0473333333333334","5.093","0.02226213600176735"
"5.130681818181818","4.1875","5.3100000000000005","0.02428193010901834"
"5.409677419354838","3.814516129032258","5.220967741935484","0.004193395201274091"
"4.922857142857143","4.046428571428572","5.107142857142857","0.009511880288739241"
"5.247105263157895","4.061842105263158","5.518157894736842","0.0315645138807732"
"5.411764705882352","4.133823529411764","5.612352941176471","0.04626530126511474"
"5.708378378378379","3.895405405405406","5.543243243243243","0.1693219798871272"
"5.232857142857143","4.408333333333333","5.434761904761905","0.27976576676512316"
"5.768","3.696333333333334","5.460000000000002","0.15457241463750146"
"5.345200000000001","4.5404","5.244400000000001","0.17691146178680953"
"5.447105263157893","4.469210526315789","5.507105263157895","0.018244091216720975"
"5.464516129032258","4.118387096774193","5.530967741935484","0.013521459202628499"
"5.51225","4.26975","5.42475","0.07729961779274183"
"5.453043478260871","4.17913043478261","5.400217391304347","0.05374001556491509"
"5.381666666666667","4.43","5.201904761904761","0.0753582267001099"
"5.314871794871794","3.867435897435897","5.293076923076923","0.16343501013345457"
"5.531999999999999","4.388333333333333","5.328","0.05701062363044692"
"4.984137931034483","4.375517241379311","5.324827586206896","0.016381578538571275"
"5.5128571428571425","4.06","5.579428571428571","0.012257356059773936"
"5.296279069767442","4.133488372093024","5.2446511627906975","0.02156742098458734"
"5.3090625","4.2521875","5.414999999999999","0.01395908318221153"
"5.51","4.2678787878787885","5.3957575757575755","0.01959746719163029"
"5.6866666666666665","3.909090909090909","5.2684848484848485","0.06013542559960325"
"5.605999999999999","3.8280000000000007","5.401142857142856","0.026318024975891773"
"5.579999999999999","3.8428205128205137","5.339743589743589","0.012039042038919154"
"5.230526315789473","4.336315789473685","5.44842105263158","0.10888199019474834"
"5.162702702702703","4.42918918918919","5.171081081081081","0.07088450005459689"
"5.134571428571429","3.8725714285714283","5.154857142857143","0.041745598782781994"
"5.702500000000001","3.939444444444445","5.419722222222222","0.007791338124810369"
"4.895862068965517","4.224137931034483","5.126206896551725","0.0070637990551621075"
"5.144054054054054","4.317297297297296","5.4467567567567565","0.04521207796494229"
"4.959583333333334","4.209583333333334","5.059166666666666","0.05034613147423103"
"5.310256410256409","4.111282051282052","5.500000000000002","0.11828451467678451"
"5.703571428571428","3.9814285714285718","5.367142857142857","0.150051292972891"
"5.537777777777778","4.042592592592593","5.4","0.06664627130697544"
"4.824999999999999","4.235833333333333","5.326111111111112","0.1966399435692687"
"5.3275862068965525","3.886896551724138","5.2365517241379305","0.051479865722613295"
"5.65888888888889","4.2441666666666675","5.358611111111112","0.013634119038159535"
"5.032142857142857","4.111666666666668","5.229761904761904","0.10673420506149817"
"5.9209375","3.99375","5.5209375000000005","0.18564720479986044"
"5.116","3.958285714285715","5.202857142857143","0.24454008655412382"
"5.185","4.142","5.1965","0.10226935532454431"
"5.190555555555555","4.077222222222222","5.406111111111111","0.3142748766409498"
"5.238249999999999","4.10375","5.1964999999999995","0.2564844037075111"
"5.4815625","4.070937499999999","5.2396875","0.16792127666882772"
"5.349722222222223","4.223888888888889","5.125277777777779","0.36001259219508774"
"4.961891891891892","4.355135135135136","5.145405405405406","0.2371259396185585"
"5.340689655172414","4.139655172413793","5.246551724137931","0.12166628387247247"
"5.334871794871796","4.316666666666666","5.237948717948718","0.15504827146659464"
"5.260833333333332","4.279444444444445","5.324444444444444","0.1833366190564797"
"5.160833333333334","4.220277777777778","5.304166666666666","0.18122158886256365"
"5.062439024390243","4.445121951219512","5.265365853658537","0.20701402528129884"
"5.147941176470588","4.340000000000001","5.179411764705883","0.11146200554227313"
"5.2737037037037044","4.363703703703704","5.33037037037037","0.20763664057125655"
"4.608148148148149","4.402222222222222","5.024074074074075","0.18371021501262638"
"5.213235294117648","4.163823529411765","5.312058823529411","0.1184055202976732"
"4.943055555555556","4.426111111111111","5.045","0.20954183297962423"
"5.158108108108109","4.141351351351352","5.360810810810811","0.19477816490275507"
"5.32235294117647","4.566470588235295","5.314117647058824","0.03109005522141149"
"5.400256410256409","4.3487179487179475","5.292307692307692","0.03519835232387964"
"5.274444444444445","4.07388888888889","5.348888888888888","0.030709476286043997"
"5.827045454545455","4.097045454545455","5.433636363636364","0.04978498725853907"
"5.0944","4.1372","5.259200000000001","0.035803734877647826"
"5.3206976744186045","3.9944186046511625","5.128372093023256","0.0765586116719179"
"5.269411764705883","3.909411764705883","5.20235294117647","0.06420114454855332"
"5.612702702702703","3.884594594594595","5.384054054054054","0.09510405798948206"
"5.616428571428571","3.505","5.375357142857141","0.07999300032904241"
"5.287037037037037","3.9025925925925926","5.338518518518518","0.0799948561258693"
"5.077727272727272","3.983636363636364","5.21","0.08566702510915347"
"5.319210526315789","3.935789473684211","5.50078947368421","0.06726551653038622"
"5.733076923076924","3.8164102564102556","5.671282051282051","0.09274595589540138"
"5.5721428571428575","3.8699999999999997","5.600357142857143","0.18134135721652495"
"5.394571428571429","3.9794285714285706","5.357142857142857","0.205149931695068"
"5.430888888888888","3.954","5.5282222222222215","0.12858729734696792"
"5.607441860465117","3.907674418604651","5.507209302325582","0.19564114820263584"
"5.42","4.271509433962264","5.205283018867925","0.1737741963117583"
"5.77027027027027","4.225675675675674","5.52054054054054","0.19812072645551032"
"4.899210526315789","4.293684210526316","4.873947368421052","0.05232533896213859"
"5.636153846153847","3.891282051282051","5.346923076923077","0.040874276286488764"
"5.447586206896552","3.5224137931034485","5.075862068965518","0.08589295889531662"
"5.229166666666667","4.097916666666666","5.65625","0.11515621706050484"
"5.475555555555555","4.235555555555555","5.268518518518518","0.0344313335942274"
"5.722857142857143","4.019047619047619","5.666428571428573","0.034090782379191976"
"5.810204081632653","3.977551020408163","5.642653061224489","0.1375756610983812"
"5.609117647058824","3.9611764705882355","5.458235294117647","0.20606642308538006"
"5.512682926829268","4.082195121951219","5.440243902439025","0.08356413141373639"
"6.01135135135135","4.041621621621621","5.671891891891892","0.06114098011704892"
"5.4891228070175435","3.7554385964912282","5.366666666666666","0.04891332294934051"
"5.394285714285715","3.8862500000000004","5.250357142857142","0.054786178690276244"
"5.208809523809523","4.18952380952381","5.3342857142857145","0.04969301952019575"
"5.5287500000000005","3.5878125","5.2934375","0.00786324263732812"
"5.6005128205128205","3.6882051282051282","5.4512820512820515","0.02032662837150409"
"5.634285714285714","3.836904761904762","5.51","0.03691071911440797"
"5.6189189189189195","3.954864864864865","5.64027027027027","0.03554874163873173"
"5.4651162790697665","3.873953488372093","5.504418604651162","0.07403065351611154"
"5.155135135135134","3.888378378378379","5.213783783783783","0.018880132375553135"
"5.725087719298244","3.7550877192982455","5.5087719298245625","0.019759536279358537"
"5.9178125","3.7771875","5.811875000000001","0.017063246319424595"
"5.671923076923077","3.894615384615385","5.484615384615383","0.03448763230444302"
"5.4053571428571425","3.8389285714285712","5.3500000000000005","0.016809901664268163"
"5.806666666666666","3.8885714285714283","5.836666666666667","0.07610467834424259"
"5.254242424242424","4.035757575757576","5.307575757575757","0.022698067225506328"
"5.201515151515151","4.252424242424242","5.327575757575758","0.027106577455264555"
"5.624736842105262","3.744473684210527","5.545263157894736","0.029436861673477907"
"5.740217391304348","3.6867391304347827","5.779347826086956","0.08654783349615036"
"6.003333333333333","4.066","5.611","0.08695183313364768"
"5.6777500000000005","3.9859999999999998","5.6755","0.08471362691025014"
"5.841851851851852","4.12037037037037","5.543333333333334","0.029021985641943783"
"5.440526315789475","4.043157894736842","5.53421052631579","0.03366904163144564"
"5.7837499999999995","4.198124999999999","5.571875","0.020826618029652664"
"5.333157894736842","4.079473684210526","5.419473684210527","0.0928876124108883"
"5.124375000000001","3.848125","5.414583333333333","0.1331253546044258"
"5.7125","3.770625","5.46125","0.05059028623161135"
"5.266216216216215","3.950000000000001","5.60108108108108","0.16313141060975395"
"5.439024390243903","3.737317073170732","5.6258536585365855","0.09947443368241742"
"5.598285714285715","3.8648571428571423","5.658285714285715","0.14516193723101972"
"5.584615384615384","3.808076923076923","5.417692307692308","0.18088114242003994"
"5.6209375","4.1703125","5.3325000000000005","0.19761627675741386"
"5.455454545454544","4.168181818181819","5.294848484848484","0.127699155098039"
"5.439428571428572","3.9611428571428577","5.336","0.07148601654170816"
"5.6464","4.1016","5.456","0.19314681178215118"
"5.410967741935482","3.943225806451613","5.3912903225806454","0.10706691951161883"
"5.4651162790697665","3.997209302325582","5.46860465116279","0.08772426271232207"
"5.875925925925926","4.0274074074074075","5.692592592592592","0.06080252352139999"
"5.328461538461538","4.366923076923077","5.393846153846154","0.013973586166128305"
"5.139375","4.2984375","5.45125","0.01352170673847367"
"4.893902439024391","4.607317073170731","5.023170731707317","0.04252091632741503"
"5.409999999999999","3.84078947368421","5.444210526315788","0.03242373105048853"
"5.155151515151515","4.1484848484848476","5.074242424242425","0.06915847514072827"
"5.037931034482759","4.022068965517241","5.34103448275862","0.04102384810260027"
"5.539666666666666","4.230999999999999","5.475666666666667","0.02989146660062798"
"5.474594594594594","4.044054054054054","5.274864864864864","0.05629566797404791"
"5.266388888888889","4.264722222222222","5.1836111111111105","0.07164166803886428"
"5.191666666666666","4.456388888888889","5.330555555555556","0.10307905850171228"
"5.42103448275862","4.142413793103449","5.186206896551723","0.018556801786210136"
"5.3837142857142855","3.7142857142857144","5.454285714285715","0.07790085452176443"
"5.660625","3.9803125","5.497187499999999","0.04505546980879882"
"5.428285714285714","3.931142857142857","5.305142857142855","0.010672249963324802"
"5.710333333333333","3.795333333333333","5.633333333333334","0.014487553105124808"
"5.541250000000001","4.227916666666666","5.565","0.013472091043279894"
"5.517948717948719","3.9676923076923063","5.441282051282051","0.015796551704946614"
"5.23086956521739","4.014565217391305","5.381956521739131","0.024547058545285435"
"4.8825","4.370312499999999","4.8628125","0.013805476401712138"
"5.610232558139535","4.006976744186047","5.409069767441861","0.01579763354979503"
"5.295428571428571","3.7965714285714283","5.343142857142857","0.015032950385619777"
"5.555102040816328","4.122448979591836","5.27204081632653","0.018874674013774483"
"5.577291666666667","3.7568749999999995","5.315416666666667","0.05923129876245416"
"5.517142857142858","3.7140476190476193","5.287857142857143","0.23164162267225546"
"5.24392857142857","3.804642857142857","5.343928571428571","0.06968381904132913"
"5.357352941176471","4.324411764705883","5.259117647058823","0.031042621704765166"
"5.701249999999999","3.6291666666666664","5.703749999999999","0.021349583515096367"
"5.6276","4.0084","5.5884","0.024066739477984413"
"5.178965517241378","4.0903448275862075","5.177586206896553","0.011920744110034206"
"5.2116","3.9988000000000006","5.1696","0.01611724661474687"
"5.529615384615385","4.104615384615385","5.528846153846154","0.08279777578872678"
"5.638378378378379","3.9129729729729745","5.53081081081081","0.09810639724567036"
"5.556470588235294","3.6938235294117643","5.321764705882352","0.06268519023540353"
"5.725172413793103","3.8013793103448275","5.633448275862068","0.06681859035079873"
"5.346444444444445","4.237555555555556","5.263111111111111","0.12453246395745197"
"5.54945945945946","4.007837837837838","5.487297297297298","0.06725104859017818"
"5.847714285714285","4.0371428571428565","5.465714285714285","0.13979635698213508"
"5.732448979591837","4.265510204081633","5.453265306122448","0.19861026404993312"
"5.446829268292683","4.119756097560976","5.2580487804878056","0.14111359719973302"
"5.946923076923077","4.105897435897433","5.3730769230769235","0.19704597458195264"
"5.4374","3.7648","5.281999999999999","0.10007328837654958"
"5.472666666666666","3.992444444444445","5.491333333333333","0.17214453495107107"
"5.579000000000001","3.8015","5.558999999999999","0.17490800269285417"
"5.453333333333333","3.906","5.548666666666667","0.1390022422038596"
"5.307586206896551","3.882413793103449","5.505517241379311","0.1375189403337147"
"6.177619047619048","3.859523809523811","5.908571428571428","0.12530409656355537"
"5.4035","3.8962499999999998","5.34925","0.0657414596587921"
"5.817575757575757","3.653939393939394","5.623333333333334","0.08104642879869844"
"5.228571428571429","3.8573809523809515","5.4659523809523805","0.07301525641640647"
"5.510909090909092","3.801590909090909","5.309318181818182","0.03626485357413765"
"5.403777777777778","3.9648888888888885","5.437111111111111","0.05396040856163832"
"5.671842105263158","3.9821052631578944","5.5102631578947365","0.0812617528417236"
"5.639189189189189","4.096756756756757","5.521621621621621","0.02350538890161484"
"5.422380952380952","3.939047619047619","5.294761904761905","0.019424110181117324"
"5.302162162162162","4.094324324324325","5.506216216216216","0.04184403012773399"
"5.223030303030303","3.997575757575757","5.168484848484849","0.023682261040576913"
"5.457777777777777","4.025333333333334","5.4239999999999995","0.008417831067467069"
"5.371935483870967","3.9087096774193553","5.610322580645162","0.023993386320860635"
"5.246","3.8655","5.32575","0.018693563399330707"
"5.675999999999999","3.855","5.484333333333333","0.027170339974994222"
"5.448965517241379","4.192413793103448","5.120689655172414","0.02820479486213786"
"5.839534883720931","3.9730232558139535","5.613255813953487","0.03959422603506185"
"5.022352941176472","4.169705882352941","5.335588235294117","0.04823170519630592"
"5.2187179487179485","4.116666666666665","5.288974358974359","0.012025840006581837"
"5.1731428571428575","3.835142857142858","5.2705714285714285","0.01766593400745124"
"5.199777777777777","4.111777777777777","5.210222222222223","0.01942565502143073"
"6.310769230769229","4.065384615384615","5.975769230769231","0.0385545104014274"
"6.11325","3.95775","5.63125","0.013474779112718714"
"5.845555555555555","4.259444444444444","5.663333333333333","0.010673393285598777"
"5.538157894736842","3.7976315789473687","5.546578947368421","0.0416158946085778"
"5.732941176470588","3.8111764705882356","5.580294117647059","0.025168480123555194"
"5.188260869565218","3.784347826086956","5.226956521739131","0.026012192210310026"
"5.47025","3.68825","5.638","0.01208262351871055"
"5.872","3.862333333333334","5.677333333333333","0.012371394989320793"
"5.234166666666666","4.0058333333333325","5.44","0.08123963989532872"
"5.676818181818182","3.8145454545454545","5.432727272727273","0.011120250179780333"
"5.299444444444443","4.062222222222223","5.465000000000001","0.009855693814908705"
"5.943333333333333","3.898205128205128","5.742051282051282","0.012597978043364155"
"5.986190476190476","4.423333333333333","5.734761904761905","0.011973581971971662"
"5.772592592592594","3.9929629629629626","5.659629629629631","0.02963742674593957"
"5.943823529411765","4.056176470588234","5.632352941176471","0.1073349325637065"
"5.529677419354839","3.8216129032258066","5.280967741935483","0.07993601499067914"
"5.705675675675676","3.8502702702702707","5.492972972972972","0.026155131034530217"
"5.667586206896552","3.8465517241379312","5.61","0.07081250402393652"
"5.522051282051282","3.877692307692308","5.356666666666667","0.03448955648369297"
"5.498888888888889","3.8200000000000003","5.448888888888888","0.02919664936832814"
"5.63735294117647","4.046470588235294","5.391176470588235","0.008306487123495571"
"5.445384615384615","3.930384615384616","5.153076923076923","0.006147443491084012"
"5.811666666666666","3.8658333333333337","5.613611111111112","0.03927338503575438"
"5.482142857142857","3.8625000000000003","5.348928571428571","0.07969784723727528"
"5.3764102564102565","3.8035897435897446","5.339743589743589","0.09765390391611359"
"5.232352941176471","4.024117647058823","5.234411764705881","0.061748793366703865"
"5.420344827586208","3.816551724137931","5.595517241379309","0.03312195185861305"
"5.525588235294117","3.7358823529411764","5.530294117647059","0.058358730790603316"
"5.8412500000000005","4.210625","5.9906250000000005","0.041664786983025504"
"5.797837837837838","3.9302702702702716","5.502972972972973","0.06231161057514402"
"5.67975","4.0112499999999995","5.55","0.1157743980661248"
"5.741379310344827","3.686896551724138","5.7268965517241375","0.036540032020276336"
"5.911904761904762","4.11452380952381","5.750952380952381","0.07693538709067206"
"5.431521739130434","3.8736956521739137","5.4656521739130435","0.0724881322907113"
"5.628620689655172","3.863448275862069","5.535172413793104","0.11926375671252959"
"5.689166666666666","3.681944444444445","5.635555555555556","0.16928282554924062"
"4.9879487179487185","4.0543589743589745","5.174102564102564","0.023018098028264357"
"5.148536585365853","4.088536585365854","5.125853658536586","0.11057498206763265"
"4.74225806451613","4.1329032258064515","5.005483870967742","0.14203373791464532"
"5.214042553191489","3.8885106382978716","5.142553191489361","0.075943446645243"
"5.097142857142857","3.756785714285715","5.535357142857143","0.05070965646350756"
"5.406190476190476","3.8773809523809524","5.512380952380952","0.02719430709596005"
"5.149062499999999","3.7965625000000003","5.2496875","0.037719964087267466"
"5.336499999999999","3.6405000000000003","5.60775","0.13379458395129304"
"5.070810810810811","4.111081081081081","5.783783783783783","0.15653986869271183"
"5.384242424242426","4.161212121212121","5.207575757575758","0.17279616231246464"
"5.129736842105264","3.8134210526315795","5.229736842105263","0.15597831474339915"
"4.805945945945947","4.115945945945946","5.268648648648648","0.2547820003972371"
"4.751785714285715","3.993214285714285","5.1085714285714285","0.024562796009567643"
"5.396333333333334","4.098333333333334","5.418333333333335","0.04800682362687346"
"5.483421052631579","3.8486842105263164","5.246315789473686","0.03397721604396761"
"5.47860465116279","3.8997674418604644","5.495581395348838","0.0474196904220655"
"5.37688888888889","3.8606666666666665","5.296","0.07306181803796918"
"5.959782608695653","3.866304347826087","5.3213043478260875","0.046830319883770045"
"5.380434782608695","4.530869565217392","5.396086956521739","0.04460588047011019"
"5.670243902439025","4.44439024390244","5.475365853658536","0.06344688856448828"
"5.653589743589744","3.9412820512820517","5.26974358974359","0.15914542861977313"
"5.412619047619048","3.9840476190476193","5.531428571428571","0.2000990163292049"
"5.858999999999999","4.089333333333334","5.893999999999999","0.14325768224156998"
"5.688095238095238","4.11952380952381","5.67","0.1176113284660032"
"5.846176470588236","4.057058823529412","5.811470588235294","0.10704441466442452"
"5.62","4.064761904761904","5.588333333333333","0.0346664739875687"
"6.023260869565219","3.872608695652173","5.652391304347826","0.12134031157704434"
"5.7523333333333335","3.8816666666666673","5.2796666666666665","0.02468026714228609"
"5.297499999999999","3.9383333333333335","5.566666666666666","0.1391574411700217"
"5.451600000000001","3.7","5.5884","0.16173152702825339"
"5.1775","4.1105","5.147","0.22687937067007447"
"5.543333333333333","3.9075757575757573","5.553030303030304","0.037353526010702805"
"5.3121875","4.17375","5.390625","0.015499308188708365"
"4.979310344827587","4.2286206896551715","5.206206896551723","0.012986745648522478"
"5.275853658536586","4.073170731707317","5.250243902439024","0.01655256403687043"
"5.5465625","4.3271875","5.53875","0.06507003152777287"
"5.698181818181818","3.9566666666666666","5.713636363636363","0.06421339439326945"
"5.601923076923076","4.3888461538461545","5.527500000000002","0.04018528161159452"
"5.574090909090909","3.8359090909090914","5.666363636363635","0.12847820218072822"
"5.417543859649123","3.927017543859649","5.667719298245614","0.1933415225478299"
"5.529117647058824","3.8464705882352943","5.4744117647058825","0.13220221347635858"
"5.517297297297298","3.930540540540541","5.532702702702702","0.15969579466136555"
"5.062666666666668","3.9366666666666665","5.421333333333333","0.15173991367380424"
"5.577419354838709","3.870645161290323","5.7609677419354846","0.13733934412278176"
"5.713571428571428","4.105714285714286","5.639285714285713","0.01488769708431907"
"5.2592592592592595","3.992222222222222","5.373333333333333","0.01817985600357967"
"5.725454545454546","4.031363636363636","5.46","0.015994864741377388"
"5.818620689655171","3.6175862068965516","5.504827586206896","0.013914954758768291"
"5.346666666666666","4.1685185185185185","5.335925925925927","0.07820835283199498"
"5.8","3.7917948717948726","5.415641025641026","0.09825864042743702"
"5.382499999999999","4.365961538461537","5.483076923076923","0.09845114369608268"
"5.147777777777778","4.039722222222221","5.393333333333334","0.07796529916066854"
"5.890243902439025","4.12780487804878","5.741463414634146","0.10595364978362742"
"5.524285714285713","3.9189285714285718","5.519285714285715","0.12020187635048554"
"5.697777777777778","4.2192592592592595","5.886296296296297","0.1336850912852921"
"5.760000000000001","3.8158974358974374","5.4512820512820515","0.14745538257790677"
"5.581875","3.9762500000000003","5.487708333333333","0.15981395639597262"
"5.188823529411764","4.217647058823529","5.385882352941176","0.0813104863557923"
"5.672380952380952","3.9200000000000004","5.67047619047619","0.02447463197002155"
"5.905333333333333","3.895","5.473333333333334","0.03378386968938152"
"5.826976744186046","4.032558139534883","5.473488372093024","0.0343321392677273"
"5.2752","3.9511999999999996","5.361599999999999","0.020716731105801765"
"5.353461538461539","4.028846153846154","5.518076923076922","0.017069570008005373"
"5.763809523809523","4.007619047619048","5.583333333333333","0.018949793370163698"
"5.083","3.8824999999999994","5.343","0.010533792297225527"
"5.516","3.8265000000000002","5.1975","0.0015786573812065008"
"5.931111111111111","3.820555555555556","5.675555555555556","0.06257003864656283"
"5.728076923076923","3.8123076923076926","5.805769230769231","0.028292402189607185"
"5.229047619047619","4.063571428571429","5.062619047619047","0.016615864004894804"
"5.446060606060606","4.247878787878788","5.4384848484848485","0.009277627837549185"
"5.356060606060606","4.112727272727272","5.403333333333333","0.009369991352127915"
"5.1615","4.448000000000001","5.1735","0.04997437641216308"
"4.9799999999999995","4.439130434782609","5.15","0.07126522136861987"
"5.39","4.024117647058823","5.510588235294117","0.08214614366982827"
"5.604375","3.9696875","5.601875","0.02337065446634213"
"5.4511111111111115","4.058518518518519","5.321851851851853","0.005859284859291132"
"5.508275862068965","4.1544827586206905","5.365172413793103","0.031422761911318244"
"5.234285714285714","4.152571428571429","5.554857142857142","0.06606424994376595"
"5.294482758620689","3.935862068965517","5.54793103448276","0.06646452924667834"
"5.516904761904762","4.159285714285714","5.317142857142857","0.022335999754001856"
"5.339166666666667","3.8544444444444443","5.405833333333334","0.017910124396467702"
"5.173235294117647","4.213235294117647","5.451764705882352","0.11466783301995072"
"5.52375","4.2179166666666665","5.484166666666667","0.18169208288926458"
"5.5214583333333325","4.095416666666667","5.551458333333334","0.3345515032723428"
"5.295675675675675","3.945945945945946","5.2072972972972975","0.2929284916338717"
"5.679655172413795","4.118275862068966","5.6641379310344835","0.3588583582828018"
"5.34","4.0728125","5.3584375","0.25938184459816893"
"5.4956097560975605","4.160975609756098","5.652195121951219","0.30374404231261565"
"5.428529411764705","4.401764705882353","5.2097058823529405","0.2273347532120289"
"5.185434782608694","4.3541304347826095","5.190652173913042","0.0928349041370997"
"5.315833333333333","4.461666666666667","5.346666666666668","0.029229648297744274"
"5.263720930232558","4.32906976744186","5.192558139534883","0.10926005495826592"
"5.2457692307692305","4.21923076923077","5.163846153846155","0.04790956311814161"
"5.245769230769231","4.685769230769231","5.205384615384616","0.04139208481528828"
"5.427209302325581","4.101162790697675","5.442790697674417","0.01980394139147385"
"4.774857142857142","4.440000000000001","4.994857142857142","0.03921055557904927"
"5.562941176470589","3.7438235294117646","5.61735294117647","0.04421607000474933"
"5.275000000000002","4.079","5.177333333333333","0.049321201115491375"
"5.526","4.21575","5.5055000000000005","0.0227861953691414"
"5.413749999999999","3.9002499999999998","5.295999999999999","0.047985854069197774"
"5.063714285714286","3.9774285714285718","5.174857142857143","0.06214536132632485"
"5.102","4.283333333333333","5.114999999999999","0.07647385610966496"
"5.98","4.194761904761903","5.6780952380952385","0.0758508623284589"
"5.312647058823529","4.211470588235294","5.435588235294117","0.08257655464533024"
"5.82375","3.941875","5.46875","0.077072598470745"
"5.23653846153846","4.169615384615384","5.39","0.08259391376530947"
"5.08793103448276","4.213448275862069","5.431724137931034","0.015073114316377591"
"5.508333333333333","3.9766666666666666","5.720555555555555","0.024731176221694996"
"5.7360869565217385","3.582608695652174","5.532173913043478","0.01596555496164789"
"5.611333333333334","4.014","5.27","0.0318377604466779"
"5.560270270270269","4.043243243243244","5.336756756756757","0.006887324569562611"
"5.280952380952381","3.9538095238095243","5.446190476190476","0.015270886056222685"
"5.1160000000000005","4.2388","5.346799999999999","0.00670764128418893"
"5.4905","3.9910000000000005","5.478","0.05689881869216303"
"5.349459459459461","3.9367567567567576","5.37027027027027","0.05154294992937003"
"5.578787878787879","4.030606060606061","5.368181818181819","0.09704042160658709"
"5.728518518518518","3.9288888888888893","5.688148148148149","0.1258619061092013"
"5.802380952380952","3.9290476190476187","5.498571428571428","0.05373700168453722"
"5.600285714285714","3.813142857142857","5.578857142857143","0.01911969172772891"
"5.3021875000000005","4.234375","5.50375","0.01735996352494405"
"5.8875","3.78","5.702083333333334","0.020357224795430926"
"5.465641025641026","3.9646153846153847","5.628717948717949","0.03255053924837403"
"5.342142857142857","3.9402380952380955","5.263571428571429","0.035000416791701655"
"5.301818181818182","3.8431818181818183","5.492727272727273","0.0494165002982449"
"5.453333333333334","3.8196296296296293","5.251481481481482","0.02039198059736172"
"4.975909090909091","3.934545454545454","5.034545454545455","0.09914825174814049"
"5.614117647058824","3.532941176470588","5.478235294117646","0.09593834926961324"
"5.173846153846155","4.513076923076923","5.327307692307693","0.21924994182618196"
"5.566896551724136","4.240344827586207","5.3162068965517255","0.39636391955550937"
"5.224482758620689","3.757586206896552","5.364827586206896","0.14516212524449115"
"5.255000000000001","4.404","5.168999999999999","0.006521530612250055"
"5.406451612903225","4.013225806451612","5.20483870967742","0.0088349322207162"
"5.199393939393939","4.221818181818182","5.107272727272728","0.023139675467332758"
"5.186842105263158","4.1968421052631575","5.143157894736842","0.020312400311238415"
"5.2835294117647065","3.9447058823529413","5.313529411764706","0.006714613014245183"
"5.426666666666666","4.1883333333333335","5.338333333333334","0.009193491717346769"
"5.423999999999999","4.0076","5.4232","0.00695471601750936"
"5.805945945945946","4.042432432432432","5.567297297297299","0.00988638643366968"
"5.122592592592593","4.462592592592593","4.999259259259259","0.058729183917205"
"5.368636363636363","4.432272727272728","5.427954545454545","0.05998660799954788"
"5.479655172413791","4.385862068965516","5.243793103448277","0.04787612046856488"
"5.069393939393939","4.28939393939394","5.269393939393939","0.014973963182433376"
"4.992666666666667","4.289333333333333","5.062","0.007484536537096455"
"5.0416","4.3904000000000005","5.3508","0.016367557634403333"
"5.402500000000001","4.012083333333334","5.46625","0.012108652853958679"
"5.3838709677419345","3.9700000000000006","5.4941935483870985","0.010927101906821677"
"5.773333333333333","4.075833333333333","5.608750000000001","0.007429183638515587"
"5.470606060606061","3.9309090909090907","5.502424242424243","0.10931115274884907"
"5.486521739130435","3.7621739130434784","5.507826086956522","0.050439419777206465"
"5.489310344827585","3.9465517241379313","5.535172413793102","0.021245905401154442"
"5.229615384615384","4.137307692307693","4.96076923076923","0.01444639593547101"
"5.062222222222222","4.506111111111111","5.4511111111111115","0.024991565576496788"
"5.871999999999999","3.7128","5.7008","0.014605262502341941"
"4.8384210526315785","4.655263157894737","4.9468421052631575","0.016567894410638682"
"5.625333333333333","3.8813333333333335","5.3823333333333325","0.062261627073937696"
"5.418666666666666","4.207111111111112","5.539111111111111","0.10934131717724326"
"5.7787096774193545","3.7412903225806446","5.344193548387096","0.08189295331702999"
"5.8768","3.904","5.539199999999999","0.07587301111721416"
"5.44188679245283","4.426981132075472","5.294905660377357","0.006637879191790748"
"5.075277777777778","4.7025000000000015","5.140555555555555","0.010474600416672463"
"5.575813953488372","4.186279069767442","5.318604651162791","0.018661678479177542"
"5.306923076923078","4.261153846153845","5.266153846153846","0.015433453056424837"
"5.660322580645162","3.8251612903225807","5.428064516129032","0.028002097954789452"
"5.5777777777777775","3.8577777777777778","5.577037037037036","0.03964192734166493"
"5.6375","3.7891666666666666","5.397916666666667","0.25817174669517623"
"5.393999999999999","3.822","5.439","0.12109521408960928"
"5.767083333333333","4.226666666666667","5.290416666666666","0.0327959123889509"
"5.5088888888888885","3.8699999999999997","5.464444444444443","0.05015726720850953"
"5.68875","3.6833333333333336","5.713333333333334","0.02463541378095527"
"5.416129032258063","3.9300000000000006","5.30258064516129","0.022193721604046063"
"5.463571428571428","3.7689285714285714","5.350357142857143","0.0054714869557003585"
"5.4688","4.24","5.3036","0.011016805857242037"
"5.304838709677418","4.032580645161291","5.276451612903227","0.01834299199333734"
"5.421764705882353","4.0926470588235295","5.240882352941177","0.045663606337355764"
"5.353076923076922","4.298076923076923","5.246538461538462","0.04143055410325134"
"5.3235714285714275","3.755714285714286","5.130357142857142","0.01264986887969092"
"5.234615384615385","4.0266666666666655","5.304358974358975","0.025979464363560745"
"5.483225806451613","4.24225806451613","5.421290322580644","0.14464450733558123"
"5.574838709677419","4.331935483870968","5.441612903225805","0.11133223034512683"
"5.796666666666668","3.972380952380953","5.6590476190476195","0.06360695253127352"
"5.427499999999999","3.7737499999999997","5.430416666666667","0.11091834565550404"
"5.99","3.8075","5.936","0.11696752427946754"
"5.40909090909091","4.017272727272727","5.715","0.1582731716174897"
"5.662105263157895","3.8389473684210524","5.136842105263158","0.1229467249850454"
"5.388235294117647","4.259411764705883","5.402941176470588","0.1197525736162384"
"5.302258064516129","3.874838709677419","5.379354838709677","0.29426811119304774"
"5.468666666666667","3.57","5.425333333333333","0.1449274782398133"
"5.327804878048781","3.924634146341463","5.449512195121951","0.051991377892813155"
"4.902857142857144","4.494857142857142","5.218857142857144","0.1636457997227819"
"5.451428571428572","4.133265306122449","5.477755102040817","0.14188769361355577"
"5.100714285714284","3.973214285714286","5.119999999999999","0.14647173918063536"
"5.226521739130436","3.9165217391304346","5.264347826086956","0.016851807435243248"
"5.328333333333334","4.45","5.427916666666666","0.05282565284376462"
"5.162195121951219","4.332195121951219","5.25390243902439","0.12172483315450898"
"5.677692307692308","4.0115384615384615","5.241923076923077","0.10746465263762263"
"5.506578947368422","3.865789473684211","5.1947368421052635","0.06667336882017562"
"6.148484848484848","3.6948484848484853","5.556969696969696","0.05504568460363014"
"5.41531914893617","3.796595744680851","5.179361702127659","0.06725597019562195"
"5.685806451612905","4.2138709677419355","5.372580645161292","0.08165272715396422"
"5.494722222222221","4.033888888888888","5.433055555555556","0.0859864732160946"
"5.2005","4.2307500000000005","4.9845","0.05586357812611209"
"5.725277777777778","3.7302777777777782","5.447500000000002","0.08489737401141066"
"5.515102040816327","4.208775510204082","5.384285714285714","0.0960403948705398"
"5.57170731707317","3.777073170731707","5.715609756097561","0.10013853688620854"
"5.231428571428571","3.924285714285715","5.3153061224489795","0.07076776882291676"
"5.065789473684211","4.172105263157895","5.121052631578947","0.10618654839979431"
"5.67340909090909","4.132045454545454","5.527727272727273","0.11110547300462255"
"5.634523809523809","4.045","5.160952380952382","0.24374555237872628"
"5.466756756756758","4.155675675675676","5.088108108108107","0.3386176645048999"
"5.615526315789475","4.141315789473683","5.198684210526315","0.1212074625949945"
"5.417931034482759","3.9748275862068962","5.367241379310344","0.07811128491667532"
"5.33","3.900952380952382","5.377142857142857","0.027947335099685975"
"5.479375","4.1203125","5.390625","0.09356614067799739"
"5.775555555555555","4.098148148148148","5.3351851851851855","0.17274785910558002"
"5.836176470588235","3.947352941176471","5.495882352941177","0.03255521631206921"
"6.009444444444444","3.6472222222222226","5.601666666666667","0.013056963460653144"
"5.761111111111111","3.9522222222222223","5.525555555555555","0.1022702063857272"
"5.216333333333333","4.440333333333333","5.231999999999999","0.11175374655930076"
"5.216","4.4716000000000005","5.2028","0.06512753843859095"
"5.255531914893616","4.393617021276595","5.165319148936169","0.07178743931885063"
"5.0589473684210535","4.339473684210525","5.149736842105264","0.048522892043621785"
"5.0237837837837835","4.285675675675677","5.137297297297297","0.06895108858202727"
"5.416250000000001","4.52875","5.5575","0.09361594613348462"
"5.262619047619048","4.147380952380952","5.39095238095238","0.13248308321068014"
"5.4944444444444445","4.188888888888889","5.236666666666666","0.11228156337579882"
"5.042307692307693","4.249038461538461","5.024423076923077","0.10121897306157657"
"5.437142857142858","4.18","5.427619047619048","0.07495365181855256"
"5.439743589743589","3.9546153846153844","5.454615384615384","0.11189570971752684"
"4.991470588235294","4.5852941176470585","5.398235294117647","0.06687753853461786"
"5.420000000000001","4.659565217391304","5.455652173913044","0.069243604030169"
"5.536410256410257","4.347692307692307","5.364102564102563","0.061432963063136406"
"5.575121951219511","4.119268292682927","5.389268292682926","0.18479758701017276"
"5.11102564102564","4.587179487179488","5.115128205128205","0.2742898333398985"
"5.3910526315789475","4.374736842105264","5.213421052631579","0.034490179582385996"
"5.4229032258064525","4.169677419354838","5.465483870967742","0.03307418631876684"
"5.48025641025641","3.9935897435897436","5.301282051282051","0.11300853369105955"
"5.74952380952381","4.240952380952382","5.585714285714285","0.058853292567720046"
"5.5905555555555555","3.7697222222222226","5.6644444444444435","0.008251756045295905"
"5.82054054054054","3.8094594594594597","5.665675675675677","0.008657180057766334"
"5.826428571428571","4.3914285714285715","5.612142857142857","0.01053288417516976"
"5.714516129032258","3.8167741935483868","5.502903225806452","0.010428684763806784"
"6.045","4.1530000000000005","5.6629999999999985","0.011335478183090664"
"5.748235294117646","3.9226470588235287","5.68470588235294","0.024754137622595346"
"5.3871875000000005","4.2215625","5.5125","0.02740682659997721"
"5.407368421052633","4.089210526315789","5.399210526315789","0.036837829965716086"
"5.2730434782608695","4.044782608695653","5.485217391304348","0.03530667694383686"
"5.713055555555555","4.269722222222222","5.566388888888889","0.02971891233412435"
"5.6145","3.779","5.5995","0.03866686467759352"
"5.556153846153846","4.110384615384616","5.364615384615385","0.023187213189721976"
"5.723333333333334","3.6830303030303027","5.6436363636363645","0.020707857896065184"
"5.696285714285715","4.0774285714285705","5.760857142857143","0.030465682004873287"
"5.493181818181818","4.158181818181818","5.507727272727272","0.06706695999385094"
"5.226071428571429","4.296428571428572","5.495357142857144","0.029889150860493565"
"5.35452380952381","4.112142857142857","5.2976190476190474","0.06907750942300868"
"5.908437500000001","3.6128125","5.8734375","0.027060474362202748"
"5.5803125","3.5503125000000004","5.4734375","0.0732902283482023"
"5.806136363636363","3.6779545454545453","5.664318181818182","0.09528091214528653"
"5.576923076923076","3.8797435897435903","5.513333333333334","0.047687825884892114"
"5.66975","4.07475","5.59925","0.05231181573473069"
"5.707","3.7754999999999996","5.6815","0.028929923371903928"
"5.823714285714286","4.144857142857142","5.3354285714285705","0.08847617158488348"
"6.443243243243243","4.0237837837837835","5.6302702702702705","0.01876873390458464"
"5.7028888888888885","3.8899999999999997","5.420444444444444","0.01005252714978658"
"5.817631578947368","4.001842105263158","5.619473684210526","0.006978771684426765"
"5.898484848484848","3.9475757575757577","5.763636363636364","0.006393529990235112"
"5.780416666666667","4.19125","5.618333333333333","0.0036001111779137844"
"6.343684210526316","3.9231578947368417","5.902105263157895","0.005053981771348893"
"5.803793103448276","4.0296551724137935","5.45","0.004651126923943779"
"5.968709677419356","4.200967741935483","5.70774193548387","0.009192789544392063"
"5.95342105263158","4.252105263157895","5.822894736842106","0.015072038342854461"
"5.872619047619048","3.902380952380952","5.7438095238095235","0.024983217484707974"
"5.592162162162162","4.053243243243244","5.647297297297298","0.016764027213331516"
"5.428846153846153","4.355384615384616","5.195769230769231","0.007067260510680356"
"5.429090909090909","4.149545454545455","5.393636363636363","0.019677590983242066"
"5.083720930232559","3.949534883720931","5.180697674418605","0.022185631427914805"
"5.3534999999999995","4.061999999999999","4.9665","0.02043937130701848"
"5.811818181818182","3.8833333333333333","5.502424242424242","0.01973425575407293"
"5.735454545454546","4.345454545454545","5.623181818181819","0.030405772884360645"
"5.333030303030302","4.161818181818182","5.562424242424242","0.018577290786333193"
"5.322","4.3345","5.0584999999999996","0.011505906459501739"
"5.693636363636364","4.347272727272728","5.592727272727272","0.021572178007330082"
"5.564054054054055","3.8267567567567577","5.585405405405407","0.017191877805752202"
"6.067777777777777","3.637407407407407","5.683703703703704","0.013447403954505876"
"5.4624999999999995","3.6711111111111117","5.500000000000001","0.016360380777018572"
"5.929545454545454","3.9193181818181815","5.597727272727273","0.00764967402648848"
"5.730294117647059","3.9908823529411763","5.510588235294118","0.014771375489563756"
"5.796666666666666","4.184814814814815","5.442962962962962","0.020075184687068905"
"5.307037037037037","4.311111111111111","5.449259259259258","0.01844546153437096"
"5.696428571428571","3.589285714285715","5.610357142857143","0.02580594382515388"
"5.47891891891892","4.125675675675675","5.438108108108108","0.023940413783397653"
"5.404285714285714","4.004571428571429","5.421428571428573","0.08079251423353105"
"5.326551724137932","3.808620689655173","5.434482758620688","0.10904682782122013"
"5.457826086956522","3.9321739130434783","5.72391304347826","0.09714851951857602"
"5.360882352941176","4.241470588235295","5.2299999999999995","0.02520351096371858"
"5.555","4.2044999999999995","5.531000000000001","0.07426147390452438"
"5.706666666666667","4.038666666666668","5.515","0.02774345720965988"
"5.325925925925926","4.104814814814814","5.054444444444444","0.014141748508470862"
"5.546774193548386","3.9712903225806446","5.397096774193548","0.022958345027524373"
"5.629090909090908","3.768636363636364","5.673636363636363","0.010360425806007347"
"5.375128205128205","3.821282051282052","5.266666666666666","0.01255393566342033"
"5.405833333333334","3.9404166666666662","5.150833333333334","0.009971790332471156"
"5.899583333333333","3.7887500000000003","5.282500000000001","0.018285039185920914"
"5.441785714285715","4.186428571428571","5.233928571428572","0.021931028519986847"
"5.574285714285715","4.13","5.219285714285713","0.014164794875626049"
"5.571891891891893","3.958648648648649","5.401621621621621","0.02218648419460172"
"5.6511538461538455","3.9399999999999995","5.6765384615384615","0.02542692035882509"
"5.6577777777777785","4.048055555555556","5.480277777777777","0.025435796980366025"
"5.864999999999999","3.7589285714285716","5.664285714285714","0.009152329580787818"
"6.502307692307692","4.020769230769231","5.991923076923078","0.027535199001880156"
"6.01875","3.81875","5.307916666666666","0.023343003603131383"
"5.632162162162162","4.228108108108108","5.482702702702702","0.012741299792425867"
"5.941081081081081","3.945675675675676","5.514864864864865","0.03075565277909657"
"4.913571428571428","3.805357142857143","5.1139285714285725","0.025405710599951226"
"5.467931034482758","3.9617241379310344","5.4255172413793105","0.02118979142051066"
"5.70235294117647","3.8","5.687647058823529","0.02321991118311395"
"5.258076923076923","4.2457692307692305","5.294615384615383","0.01604301369598464"
"5.094285714285713","4.17","5.264285714285714","0.016171409879555464"
"5.739047619047619","4.163333333333333","5.645714285714285","0.03426963872920696"
"5.831999999999999","3.804500000000001","5.728499999999999","0.016875460981532045"
"5.3504","4.352799999999999","5.4836","0.010068731425067994"
"5.6437837837837845","3.9381081081081075","5.482432432432433","0.018171547580071494"
"5.349729729729729","4.004324324324324","5.539459459459459","0.020120931414824923"
"5.370588235294117","4.117058823529412","5.506176470588236","0.019595577625529947"
"5.803999999999999","4.101666666666667","5.7749999999999995","0.016498680102085692"
"5.577241379310345","4.001379310344828","5.575862068965518","0.02103695176655119"
"5.192608695652174","4.418260869565216","5.1530434782608685","0.011776030914775007"
"5.365714285714286","4.415238095238095","5.361428571428572","0.020113593741384276"
"5.789629629629629","3.948888888888889","5.551481481481482","0.020442303397025786"
"5.764571428571429","4.033999999999999","5.467142857142858","0.052760769278679634"
"5.650555555555555","4.564444444444444","5.36388888888889","0.018021512826180298"
"5.030263157894736","4.442631578947369","5.136842105263159","0.03170013346945812"
"5.686538461538461","3.718461538461538","5.4653846153846155","0.015185868802305599"
"5.316944444444443","4.094722222222222","5.565277777777776","0.02934747625887816"
"5.582571428571428","3.9208571428571424","5.6257142857142854","0.024643255834758404"
"5.4971875","4.328125","5.4984375000000005","0.018584703046916153"
"5.5553333333333335","4.188666666666667","5.444666666666667","0.017723671139118297"
"5.843461538461538","3.8757692307692304","5.427692307692309","0.02286737610924944"
"5.560625","3.9799999999999995","5.533125","0.05173244134049142"
"5.158055555555555","4.229444444444443","5.469444444444444","0.021617196260483997"
"5.466666666666667","3.8219047619047624","5.5509523809523795","0.012620002746068492"
"5.553214285714285","4.029285714285714","5.535714285714285","0.02057222085296637"
"6.0807142857142855","4.415357142857143","5.655357142857142","0.015395097649224294"
"5.800689655172414","3.726551724137931","5.727931034482758","0.018644114933351885"
"5.216976744186046","3.478604651162791","5.344651162790697","0.015089207200754897"
"5.243939393939394","3.5060606060606063","5.6069696969696965","0.02390765324873439"
"5.559302325581395","4.035813953488372","5.633953488372093","0.022157133524416114"
"5.517777777777779","3.7381481481481478","5.637777777777779","0.02196712797046114"
"5.696562500000001","3.926875","5.6328125","0.024858356579042624"
"5.805384615384615","3.9326923076923075","5.7930769230769235","0.019839101557109152"
"5.3852941176470575","4.162647058823529","5.469705882352941","0.02283412981255776"
"5.019655172413793","4.110689655172414","5.010000000000001","0.01842811798037649"
"5.360967741935483","4.675483870967742","5.200967741935484","0.01500359391095381"
"5.329375000000001","4.03125","5.193125","0.023455422438569868"
"5.464411764705883","4.198529411764706","5.515588235294118","0.03194646090702847"
"5.741052631578946","4.26921052631579","5.601578947368421","0.019217674406655377"
"5.855813953488372","3.7490697674418607","5.659767441860465","0.016937783180313477"
"5.288918918918919","4.200810810810813","5.0200000000000005","0.03255807926478194"
"5.778965517241381","3.8282758620689665","5.519655172413792","0.0406526970635405"
"5.714516129032258","3.8151612903225804","5.384193548387096","0.02570068523841015"
"5.5948717948717945","4.2535897435897425","5.497435897435897","0.013520878333630495"
"5.838","3.9937142857142858","5.6259999999999994","0.013132910666403522"
"6.125666666666667","3.9410000000000007","5.843333333333335","0.0213095534515195"
"5.61735294117647","3.8273529411764704","5.499705882352941","0.02459952738313861"
"5.326511627906977","4.015581395348837","5.34953488372093","0.08395282248852619"
"5.728461538461537","4.33051282051282","5.510000000000001","0.0778436774306313"
"5.555","3.795625","5.570625","0.02104743623930722"
"5.976551724137932","3.819655172413793","5.610689655172415","0.01462034731235009"
"5.9553125","3.9921875","5.717812499999999","0.014875119742617574"
"5.445483870967742","4.271612903225806","5.361612903225806","0.006960286841903266"
"5.541999999999999","3.969499999999999","5.2975","0.009295517841785022"
"5.701470588235294","4.094705882352941","5.425882352941176","0.008714488128282764"
"5.6525","3.8558333333333334","5.540833333333334","0.0065611271652506525"
"5.872307692307692","3.871538461538461","5.694615384615385","0.00847574983652467"
"5.332571428571429","3.8559999999999994","5.730571428571428","0.010624109122382963"
"5.060285714285714","4.080857142857142","5.267714285714285","0.03954225619587855"
"5.110294117647059","4.200588235294117","5.421764705882352","0.021777469678920833"
"5.451212121212122","4.017575757575757","5.621818181818182","0.03807341517616236"
"5.482666666666668","4.024666666666667","5.731999999999999","0.02001867663963377"
"5.240689655172414","4.313103448275862","5.557241379310346","0.018883282971071707"
"6.032941176470588","3.776176470588235","5.772647058823529","0.011698626917651013"
"5.184444444444443","4.260000000000001","5.485277777777777","0.018978041964172788"
"5.694687500000001","4.1640625","5.5003125","0.014858662705301963"
"6.358846153846154","4.053076923076923","5.814230769230769","0.06309633630599862"
"5.669655172413792","4.031724137931034","5.652758620689654","0.020330759792022722"
"5.374482758620689","4.118620689655172","5.596206896551724","0.0350376974488393"
"5.602972972972973","4.184594594594595","5.568918918918919","0.0039112751072987685"
"5.84516129032258","4.082258064516129","5.6587096774193535","0.011213811430511113"
"5.582812499999999","4.17","5.4896875","0.007665849228517548"
"5.648387096774193","3.7506451612903224","5.540967741935485","0.006995125411972661"
"5.327931034482759","3.780344827586206","5.342758620689656","0.030103253905196418"
"6.053703703703705","4.044444444444445","5.741851851851853","0.09874481144891245"
"5.6540625","3.981875","5.6","0.09536938113543646"
"5.1408571428571435","4.366","5.302857142857142","0.04799738606822914"
"5.356363636363636","3.6572727272727272","5.4790909090909095","0.03837128633901012"
"5.70095238095238","3.739761904761905","5.598333333333334","0.05749439916682892"
"5.850714285714285","4.235714285714285","5.7275","0.04856673023935939"
"5.848518518518518","3.8770370370370375","5.78","0.0772469762607385"
"5.554166666666668","4.108888888888888","5.578888888888889","0.042364119894211606"
"5.231315789473684","4.277631578947367","5.432631578947367","0.015192508322487622"
"5.559117647058824","3.8644117647058818","5.391470588235293","0.02122874152687734"
"5.544375","3.7534374999999995","5.6509374999999995","0.05067699120198706"
"5.126315789473684","3.91","5.344736842105262","0.14280928592118197"
"5.4628125","4.0009375","5.3671875","0.018783734556350077"
"5.426774193548387","3.8993548387096784","5.435483870967741","0.04822572491493326"
"5.105263157894737","4.2984210526315785","5.456578947368421","0.024515536098773553"
"5.3465625","4.0853125","5.4496875","0.09514246472906758"
"5.309333333333332","3.9466666666666663","5.444333333333333","0.06955644709616177"
"5.427894736842105","4.096315789473684","5.3531578947368414","0.045530370534563984"
"5.412727272727273","3.892424242424242","5.597272727272727","0.030038032457320743"
"5.478076923076923","4.153076923076923","5.76","0.05424839478179755"
"5.499642857142858","4.405714285714287","5.450714285714286","0.040863387780401925"
"5.865769230769231","3.7973076923076925","5.644615384615386","0.03313111304200914"
"5.564090909090909","3.986363636363635","5.744545454545453","0.03270157727471398"
"5.0744","4.746","5.450799999999999","0.019743990220474288"
"5.250000000000001","4.123666666666667","5.2973333333333334","0.02350917980447715"
"5.741470588235295","3.8735294117647063","5.657058823529412","0.026902261229761817"
"5.661290322580644","3.8783870967741936","5.526451612903227","0.04357162714390708"
"5.595714285714285","4.309285714285713","5.4678571428571425","0.05349026373972037"
"5.385","4.4879999999999995","5.399666666666667","0.04334565165582803"
"5.652962962962963","4.242962962962964","5.965925925925926","0.058771656216627756"
"5.6309375","4.3359375","5.7559375","0.03966463810917475"
"5.390000000000001","4.550909090909091","5.501212121212121","0.03627152665865643"
"5.321428571428571","4.041785714285714","5.333928571428572","0.020511151326846652"
"4.825769230769231","4.498461538461537","5.051153846153847","0.013800914866075927"
"5.313076923076924","4.098461538461539","5.322692307692308","0.03450428388645765"
"5.1187499999999995","4.568125","5.2209375","0.028409551779940662"
"5.194285714285715","4.297857142857143","5.5096428571428575","0.043044959815147533"
"5.780000000000001","4.121304347826088","5.473043478260869","0.03872672227013235"
"5.397599999999999","4.3792","5.122000000000001","0.09694776237168333"
"5.299411764705882","4.219411764705883","5.179411764705883","0.04367171593315425"
"4.987741935483871","4.429677419354839","5.193548387096774","0.06387695573995104"
"5.194827586206896","3.9034482758620688","5.506896551724138","0.004039292398489634"
"5.085526315789473","4.59184210526316","5.3257894736842095","0.029420218949127823"
"5.502058823529412","4.425000000000001","5.608823529411764","0.024605597222531837"
"5.2056","4.2724","5.191999999999999","0.021519103738597237"
"5.544545454545455","4.472727272727273","5.361212121212121","0.050566133632656336"
"5.549666666666666","4.520666666666667","5.490833333333334","0.07028511575649588"
"5.274605263157896","4.284342105263157","5.402105263157895","0.13546760754899778"
"5.082459016393443","4.504918032786884","5.12967213114754","0.11788412127177093"
"5.676031746031745","4.0338095238095235","5.495714285714287","0.28416854764841887"
"5.186268656716418","4.203283582089552","5.284328358208955","0.22366900191552158"
"5.481489361702128","4.1423404255319145","5.31191489361702","0.13581103671035755"
"5.106888888888889","4.547777777777778","5.338222222222222","0.2419436217798444"
"5.157368421052632","4.089298245614035","5.222280701754387","0.1622899552459617"
"5.412173913043477","4.586304347826087","5.229347826086957","0.03997336529374131"
"5.64796875","4.124218750000001","5.442499999999999","0.06909605630154941"
"6.055","4.20452380952381","5.550238095238095","0.07066377014161357"
"5.622857142857143","3.983714285714285","5.590285714285714","0.0849842140879547"
"5.2779365079365075","3.973174603174603","5.403809523809524","0.0693815523955236"
"5.162558139534884","4.214186046511628","5.3067441860465125","0.06206240881067339"
"5.298474576271187","3.9298305084745766","5.372542372881355","0.06501673910892826"
"5.608437500000001","3.830625","5.323437500000001","0.015974019333164283"
"5.452500000000001","3.687291666666667","5.235416666666667","0.01556868962649841"
"5.59375","4.0687500000000005","5.504583333333334","0.023971371864182123"
"5.8219512195121945","3.711707317073172","5.579756097560976","0.017911458565107244"
"5.8619512195121946","3.9426829268292685","5.629512195121952","0.007653977167866287"
"5.930232558139536","3.949302325581396","5.716511627906976","0.03763235637826762"
"5.812222222222221","3.8633333333333337","5.580555555555555","0.03282058588235646"
"5.327142857142857","3.975","5.094714285714287","0.058934230915429375"
"5.376438356164383","3.791095890410959","5.332054794520548","0.03813516759095379"
"5.4818181818181815","4.13709090909091","5.272181818181818","0.06488466690252132"
"5.408490566037736","3.895283018867924","5.376226415094339","0.06769230008092139"
"5.692127659574467","3.910425531914893","5.495744680851064","0.049495505710271386"
"5.703404255319148","3.8774468085106384","5.721914893617021","0.0460612247311124"
"5.413333333333333","3.99923076923077","5.2379487179487185","0.03532770123359624"
"5.561960784313726","3.910196078431373","5.469999999999998","0.03823931225084293"
"5.670588235294116","4.09921568627451","5.66607843137255","0.0373644578084459"
"5.800999999999999","4.166333333333333","5.575666666666668","0.035511726133302154"
"5.875476190476189","3.9530952380952376","5.687857142857142","0.024609631871400587"
"5.819375","4.229687500000001","5.641562500000001","0.03815109909827769"
"5.766052631578947","4.109210526315789","5.576052631578947","0.028857668820549114"
"5.608431372549019","3.9321568627450985","5.412745098039217","0.02970210112760859"
"5.7263414634146335","3.83","5.728292682926829","0.03679849865659693"
"5.788200000000001","3.8529999999999998","5.557599999999999","0.04369118421652219"
"5.6489743589743595","4.083589743589744","5.466666666666667","0.02697469561644159"
"6.213846153846155","3.7035897435897427","5.787179487179488","0.022795775950156416"
"5.46125","3.7442499999999996","5.32975","0.02267683050040814"
"5.597777777777778","4.026944444444443","5.331388888888888","0.026236038626293066"
"5.938260869565217","3.895217391304348","5.477608695652174","0.1005152325041983"
"5.352608695652173","3.8543478260869573","5.414347826086956","0.0341610016015654"
"5.337910447761193","4.084029850746268","5.302686567164178","0.02993828244864677"
"5.6398","4.1258","5.5367999999999995","0.10717285022877264"
"5.5874999999999995","3.9912499999999995","5.337291666666666","0.05122542214584367"
"4.98754716981132","4.446603773584906","5.154339622641509","0.09654588279138128"
"5.887959183673469","3.941632653061225","5.530816326530612","0.08801307277824351"
"5.795333333333333","3.671","5.399000000000001","0.04147374166318772"
"5.541458333333334","3.7925000000000004","5.330208333333332","0.02468653860707778"
"5.753513513513513","3.874594594594595","5.494864864864865","0.028700219478150213"
"5.72076923076923","4.105897435897437","5.612051282051283","0.04420052517513309"
"5.16475","4.4262500000000005","5.263","0.03551934125001543"
"5.66","4.200000000000001","5.4513461538461545","0.029755324406098866"
"5.562619047619048","4.128571428571429","5.556428571428572","0.04006798431561084"
"5.1499999999999995","4.289444444444445","5.265555555555555","0.03355867183459455"
"5.100892857142857","4.013571428571429","5.473571428571428","0.03418272428912406"
"5.200384615384615","4.243846153846154","5.350384615384614","0.027145036717142426"
"5.523157894736842","4.001052631578947","5.573157894736842","0.02689700243207594"
"4.998823529411765","4.097058823529411","5.098235294117647","0.09663369014168134"
"5.338169014084507","4.3381690140845075","5.344647887323943","0.06499332089338904"
"5.093846153846153","4.054358974358974","5.266666666666666","0.08363174956336851"
"5.713684210526314","4.1547368421052635","5.564210526315789","0.128865038863688"
"5.460681818181818","4.054772727272728","5.553181818181819","0.04752442002117973"
"5.1312727272727265","4.279636363636364","5.220727272727271","0.09457746367787304"
"5.5648275862068965","4.427931034482759","5.482413793103449","0.18102914920969143"
"5.388070175438598","4.0519298245614035","5.337719298245613","0.14620786746425046"
"5.246212121212121","4.37","5.364393939393939","0.03386197071244924"
"5.7986666666666675","4.278444444444445","5.681333333333333","0.05442243901130822"
"5.644146341463415","3.976341463414635","5.47170731707317","0.10717109050800183"
"5.615","3.9979545454545455","5.442727272727272","0.06317377235782501"
"5.55219512195122","4.452682926829269","5.31560975609756","0.045951908711426674"
"5.228771929824561","4.2642105263157895","5.3214035087719305","0.059139483226151715"
"5.368367346938776","4.118979591836735","5.564897959183672","0.04706520122125529"
"5.435918367346938","3.973469387755102","5.5048979591836735","0.047518410734350584"
"5.33872340425532","4.0046808510638305","5.348510638297872","0.09115293224627602"
"5.790227272727273","4.058863636363637","5.685454545454546","0.04062382660449218"
"5.702881355932204","3.832033898305085","5.341355932203389","0.04479300122870782"
"5.615600000000001","4.2496","5.572199999999999","0.019962335137211067"
"5.535263157894738","4.3029824561403505","5.409298245614035","0.026811645793451428"
"5.88593220338983","4.214745762711865","5.554745762711864","0.031220251026259513"
"5.894772727272727","4.381590909090909","5.627954545454545","0.03362144352546634"
"5.669016393442623","4.436885245901639","5.4457377049180336","0.06213055220600417"
"5.494137931034484","4.294482758620689","5.5600000000000005","0.05388240811984063"
"5.65102564102564","3.959743589743589","5.784871794871795","0.04968275296493529"
"5.175094339622641","4.079433962264151","5.192264150943397","0.05627186601007788"
"5.800227272727273","3.8963636363636365","5.497727272727273","0.059047196823734216"
"5.5802499999999995","4.02475","5.616750000000001","0.05077538409215643"
"5.752181818181818","4.093818181818182","5.541454545454547","0.04404768626112531"
"5.607647058823528","4.111960784313726","5.663921568627451","0.11997567970073832"
"5.7924999999999995","3.9166666666666665","5.566458333333333","0.20416992686075486"
"5.3342553191489355","4.291702127659574","5.240851063829788","0.1831318664600458"
"5.19030303030303","4.3981818181818175","5.370909090909091","0.15337548834300138"
"5.507199999999999","4.198","5.5516000000000005","0.041653840358540806"
"5.707272727272728","3.9307272727272733","5.361818181818183","0.055641733935744245"
"5.460363636363637","4.37909090909091","5.510727272727272","0.06929352628696502"
"5.323529411764705","4.0526470588235295","5.301176470588235","0.18221483316393466"
"5.618148148148147","3.9998148148148154","5.464814814814814","0.0651225803011092"
"5.274893617021276","3.9882978723404263","5.186382978723404","0.07485428283390139"
"5.558653846153847","4.028076923076923","5.426153846153848","0.06605335843282864"
"5.382407407407408","4.161666666666667","5.521296296296298","0.06891823879850932"
"5.6242372881355935","4.090677966101695","5.790847457627118","0.07453626289434255"
"5.6415","3.91725","5.608500000000001","0.0405555788747787"
"5.600714285714285","4.049285714285714","5.553214285714285","0.18265022128798503"
"5.7325","4.390555555555556","5.756388888888889","0.166577137978471"
"5.6534375","4.0940625","5.682812500000001","0.14672929044843122"
"5.4865625","4.054375","5.44671875","0.18826375374329601"
"5.308571428571428","3.9021428571428567","5.297678571428571","0.11148730641415966"
"5.426136363636363","4.104772727272726","5.402500000000001","0.05223439417514829"
"5.3191428571428565","3.990857142857142","5.314","0.03379704445986279"
"5.555945945945946","4.16081081081081","5.428378378378378","0.06287805953818768"
"5.20081081081081","4.316486486486486","5.141081081081081","0.04720390173538729"
"5.281851851851851","4.09037037037037","5.301111111111111","0.09410231136502012"
"5.383636363636363","3.980181818181818","5.310545454545455","0.04112265468351163"
"5.55475","4.327999999999999","5.6025","0.04233375761328559"
"5.227600000000001","4.162400000000001","5.482","0.04868661292337939"
"5.284242424242425","4.138484848484849","5.415454545454546","0.050562572962723436"
"4.951842105263157","4.223684210526318","5.229736842105264","0.03761843937858633"
"5.4782692307692304","4.059423076923077","5.643076923076923","0.050572130117323234"
"5.289444444444445","3.965740740740741","5.337222222222224","0.06221035845495249"
"5.3348","4.0756","5.3022","0.06445093887573579"
"5.485111111111111","4.004444444444443","5.379555555555556","0.04679917171115087"
"4.996","4.223","5.3404","0.33164805187083524"
"5.434","3.9781333333333335","5.325466666666667","0.10231695565277316"
"5.238095238095238","3.993571428571429","5.40404761904762","0.10698898643586169"
"5.742040816326531","4.127551020408164","5.68061224489796","0.05798910717845341"
"5.567142857142857","3.8971428571428572","5.528809523809524","0.1508735624893523"
"5.473921568627452","4.170980392156864","5.408823529411765","0.16392593672393344"
"5.358181818181818","4.458636363636363","5.169545454545455","0.21756642785667013"
"5.063478260869565","4.220434782608695","5.158913043478261","0.22918255603239127"
"5.306326530612245","4.405918367346939","5.354489795918366","0.11819805852661103"
"5.366521739130435","4.196666666666666","5.3566666666666665","0.06481586102912092"
"5.375961538461539","3.98173076923077","5.348653846153847","0.1756823556330631"
"5.473584905660376","4.341320754716981","5.453584905660378","0.08021116729278527"
"5.41688524590164","4.440491803278689","5.437704918032787","0.292451775642726"
"5.191463414634146","4.262926829268292","5.304390243902438","0.09267144361894783"
"5.329166666666667","4.197500000000001","5.381833333333333","0.10186236660696918"
"5.6119047619047615","4.149761904761905","5.414285714285715","0.12883448671935455"
"5.39609375","4.54140625","5.375624999999999","0.13628879957911236"
"5.482985074626866","4.241044776119404","5.440746268656717","0.09359584882346703"
"5.330357142857143","4.31875","5.354285714285715","0.0763912620269509"
"5.260144927536231","4.527246376811595","5.367246376811595","0.06661336823463515"
"5.5520754716981155","4.387169811320755","5.495471698113208","0.05395504972366738"
"5.4224","4.567399999999999","5.3936","0.07154343336560551"
"5.636444444444444","4.133555555555556","5.483555555555556","0.20069179897397177"
"5.884242424242425","4.538181818181818","5.621515151515152","0.17815156508400998"
"5.790350877192982","4.129298245614034","5.537368421052632","0.18148225559809436"
"5.462592592592592","4.184259259259259","5.490185185185186","0.09252034872232327"
"5.5009999999999994","4.083833333333334","5.421000000000001","0.09970347202728665"
"5.429","4.191833333333333","5.529166666666669","0.1696634774462789"
"5.45421875","4.09703125","5.446093749999999","0.14715737667998488"
"5.5747169811320765","4.124150943396226","5.6309433962264155","0.06343192442197021"
"5.844651162790698","4.216046511627907","5.662093023255814","0.20730842571125568"
"6.055952380952381","4.118095238095239","5.741666666666667","0.157412549720784"
"5.916538461538462","4.201153846153845","5.79442307692308","0.07841143174448054"
"5.676122448979592","4.083877551020408","5.638367346938776","0.12974431541376263"
"5.3170422535211275","4.087464788732394","5.393661971830985","0.2683559857326424"
"5.463484848484848","4.371666666666666","5.380454545454545","0.30268767970907157"
"5.421694915254237","4.4308474576271175","5.407796610169492","0.24183920430985287"
"5.525342465753425","4.382328767123287","5.376849315068493","0.03302508775389128"
"5.668933333333333","4.680266666666667","5.3835999999999995","0.03188194042118018"
"5.018472222222222","4.587361111111111","5.1170833333333325","0.10135181628164859"
"5.109827586206896","4.431896551724138","5.112068965517242","0.12063400621000657"
"5.374516129032258","4.431935483870968","5.418064516129032","0.05954660788211552"
"5.151746031746033","4.663333333333333","5.004444444444445","0.02557572127264554"
"5.455937500000001","4.14796875","5.3596875","0.033144599127789665"
"5.243333333333334","4.277971014492754","5.253623188405797","0.040387551656454024"
"5.173157894736843","4.292631578947369","5.282631578947368","0.05594697844300953"
"5.337796610169492","4.2718644067796605","5.574067796610169","0.04605458695475528"
"5.152615384615385","4.367846153846154","5.2393846153846155","0.035146441026531576"
"5.533968253968255","4.535238095238095","5.5488888888888885","0.04218936529596646"
"5.411066666666667","4.446400000000001","5.2776","0.05949767312007066"
"5.446760563380281","4.699436619718311","5.399859154929577","0.07930929633665547"
"5.805657894736841","4.469736842105264","5.628684210526315","0.09983385481631799"
"5.725405405405405","4.542162162162162","5.412837837837838","0.1636690479275672"
"5.898181818181818","4.765584415584415","5.6688311688311686","0.2209315661305914"
"5.3422368421052635","4.766052631578947","5.2797368421052635","0.22502516343617268"
"5.655","4.154838709677419","5.5770967741935475","0.14753593757143985"
"5.384320987654321","4.5475308641975305","5.306049382716051","0.17170638809639832"
"5.36513888888889","4.24763888888889","5.234861111111112","0.2084714945179868"
"5.474931506849314","4.533287671232877","5.424520547945206","0.16455252372553308"
"5.351234567901235","4.4124691358024695","5.312592592592593","0.18144985057202334"
"5.193188405797101","4.726811594202897","5.333913043478261","0.1443532236926025"
"5.509705882352941","4.659117647058824","5.592352941176471","0.15326552850923716"
"5.421999999999999","4.276923076923076","5.359846153846154","0.1321448727945742"
"5.382903225806451","4.299516129032259","5.407096774193549","0.15216968900674574"
"4.972280701754387","4.325438596491228","5.1408771929824555","0.21298899164847865"
"5.3516071428571435","4.189107142857144","5.406785714285713","0.13253195961510683"
"5.367254901960783","4.4935294117647056","5.446666666666666","0.21480930880884136"
"5.057812500000001","4.4196875","5.2834375","0.17292827203537997"
"5.366785714285713","4.156785714285715","5.379107142857143","0.17577493162757454"
"5.30377358490566","4.316981132075472","5.495471698113209","0.12011580577494911"
"5.147246376811594","4.449130434782608","5.280434782608696","0.13006428104865442"
"5.281272727272727","4.363636363636364","5.3678181818181825","0.2090155576501373"
"5.476376811594203","4.194347826086956","5.308985507246377","0.2402769109885339"
"5.129571428571429","4.285428571428572","5.230285714285714","0.05920706393963126"
"5.84774193548387","4.283548387096774","5.516935483870968","0.09633843988167054"
"5.744444444444444","3.935833333333333","5.817500000000001","0.08099926269459037"
"5.932037037037038","4.1685185185185185","5.756481481481482","0.10476042553630786"
"6.0316","3.7832","5.578800000000001","0.07452052736391032"
"5.7125","3.7567500000000003","5.58925","0.021334931363318977"
"5.862727272727273","3.708181818181818","5.819696969696969","0.08578789772078028"
"5.936176470588236","4.037941176470589","5.8623529411764705","0.05714570552861413"
"5.363414634146341","4.01780487804878","5.166341463414634","0.1299665055877997"
"5.6302272727272715","3.954090909090908","5.345","0.07929913556442901"
"5.571621621621621","3.9521621621621628","5.223783783783785","0.17499093689629275"
"4.573333333333333","4.651282051282051","4.644871794871796","0.14076798442866437"
"5.8415625","3.6025","5.47125","0.16555621787786604"
"5.1625","4.123055555555556","5.422222222222222","0.07005705328360413"
"5.028529411764706","3.822352941176471","5.3426470588235295","0.028173669304786847"
"5.5779069767441865","4.108837209302326","5.446046511627907","0.010581260349927386"
"5.458974358974359","3.7866666666666666","5.466923076923076","0.011520140963933327"
"5.2515625","3.7981249999999998","5.445","0.01101605075731977"
"5.2081081081081075","3.8086486486486493","5.267837837837838","0.032173785985175465"
"5.3264516129032256","4.125161290322581","5.124838709677418","0.14428859883562326"
"5.570322580645161","3.9035483870967744","5.471612903225807","0.10136443923383974"
"5.700714285714286","3.8321428571428577","5.533214285714286","0.05258489646480722"
"5.918333333333334","4.030666666666667","5.519333333333333","0.03375242230580065"
"5.8695","4.19825","5.83425","0.01554715214944025"
"5.748857142857143","3.859142857142858","5.424000000000001","0.00749908866205745"
"5.722727272727273","4.126818181818182","5.364545454545454","0.018452810490390048"
"5.688461538461538","3.9284615384615384","5.678461538461539","0.04108370972129012"
"6.171666666666666","3.7605555555555554","5.827222222222223","0.028610967802985738"
"6.106206896551724","3.9013793103448284","5.769310344827587","0.02389504716847554"
"5.719666666666668","3.874666666666667","5.718","0.07003554724331856"
"5.597878787878788","3.7036363636363636","5.496969696969696","0.02787593358633023"
"5.6000000000000005","3.7941176470588234","5.39","0.009137323301645508"
"6.022413793103448","3.8472413793103444","5.733448275862068","0.007792881630502857"
"5.61448275862069","4.031379310344828","5.389999999999999","0.007618443908071562"
"5.3721875","3.545","5.204062500000001","0.0070285293453556524"
"5.7251724137931035","3.6872413793103442","5.48103448275862","0.020422133469200587"
"5.350810810810811","3.6924324324324327","5.3100000000000005","0.05478408337693367"
"5.135806451612903","4.334193548387097","5.168387096774193","0.03239091918137025"
"5.417","3.71625","5.53525","0.024176485794945485"
"5.567441860465116","3.9720930232558143","5.547209302325582","0.05383950579433117"
"5.5848648648648656","3.9978378378378383","5.461351351351352","0.0452879924100624"
"6.14975","3.9852499999999997","5.943499999999999","0.044112271431952225"
"5.4497297297297305","3.8678378378378375","5.235405405405405","0.09822355871629851"
"5.306410256410258","3.992051282051282","5.4569230769230765","0.028045179165058134"
"5.71470588235294","3.76235294117647","5.391764705882352","0.00672614709866807"
"5.767058823529412","3.936470588235294","5.5711764705882345","0.00811573807646196"
"5.472631578947369","4.0628947368421064","5.539736842105263","0.007322862571460219"
"5.652500000000001","4.151666666666666","5.392499999999999","0.005736326241255805"
"5.596764705882353","3.8252941176470587","5.549411764705883","0.00966776826396308"
"5.416896551724139","4.245517241379311","5.3710344827586205","0.016221737384684874"
"5.547","4.167333333333334","5.350666666666667","0.023824684204817016"
"5.399024390243903","4.137317073170731","5.348048780487805","0.020883131654028407"
"5.140263157894736","4.452105263157894","5.4768421052631595","0.032409616351263694"
"5.792727272727273","3.993030303030303","5.582727272727273","0.07323704534130113"
"6.028048780487805","3.7663414634146344","5.660975609756098","0.13879541548449698"
"5.861212121212121","3.761212121212121","5.795454545454545","0.22536199780876012"
"6.061724137931035","3.973103448275862","5.889655172413794","0.18174847596879273"
"6.064375","4.07125","5.839375","0.233816401659393"
"5.933142857142858","4.298","5.689428571428572","0.046033085673538546"
"5.6731428571428575","4.063142857142856","5.37","0.035779201474130794"
"5.873030303030303","3.9012121212121205","5.542727272727273","0.02886472884915005"
"5.390357142857143","4.081785714285714","5.446428571428571","0.02828440686255586"
"5.519333333333334","3.8756666666666666","5.514333333333334","0.03515580951555901"
"5.74483870967742","3.8300000000000005","5.6567741935483875","0.027035546364269518"
"5.5892592592592605","4.32037037037037","5.45962962962963","0.03020411365986314"
"5.658437500000001","3.8515625000000004","5.4659375","0.013508444423671783"
"5.3872","4.5048","5.2212","0.018463674028580346"
"5.502571428571429","4.368857142857142","5.498857142857142","0.07821155549389558"
"5.385128205128205","3.831538461538462","5.3910256410256405","0.031144569722193698"
"5.482702702702702","3.7343243243243247","5.537567567567568","0.11767978069895152"
"5.863076923076924","4.093589743589744","5.412564102564102","0.05327176762384794"
"4.918125","4.110833333333334","5.1414583333333335","0.040106411389684016"
"5.104333333333334","3.9440000000000004","5.300333333333333","0.028434436895728617"
"5.645882352941177","3.841764705882352","5.594117647058824","0.011838003650597636"
"5.626451612903225","3.9032258064516125","5.622580645161292","0.013957833205184044"
"5.9868","3.8736","5.9368","0.015807164316920436"
"5.433333333333334","4.011794871794872","5.306410256410256","0.01712954739868189"
"5.6247058823529406","3.834117647058824","5.646764705882352","0.018222524292394068"
"5.656666666666667","3.8239393939393937","5.582727272727272","0.039696947196766336"
"6.021666666666666","4.114333333333334","5.788333333333332","0.0396064701596675"
"5.839999999999999","3.9","5.397941176470589","0.04539231319277025"
"5.828285714285714","4.084285714285714","5.481142857142857","0.132122130133932"
"5.376060606060607","4.459696969696969","5.313939393939394","0.17833786790121076"
"5.914418604651163","4.159302325581396","5.556511627906977","0.08672345217897591"
"5.631379310344828","4.225172413793104","5.446206896551724","0.026658310323475227"
"5.806923076923078","3.746666666666666","5.727948717948717","0.08516169464530508"
"5.735384615384616","3.9407692307692312","5.592692307692307","0.037724434896502665"
"5.381944444444445","4.492222222222222","5.138055555555556","0.026125336070801284"
"5.892592592592592","3.81","5.7662962962962965","0.06553281086999546"
"5.9447368421052635","3.9855263157894747","5.662105263157895","0.012991083806474762"
"5.6329268292682935","4.1587804878048775","5.662926829268293","0.015434558844493606"
"5.341363636363637","4.072727272727273","5.415454545454545","0.07861560168671897"
"5.611785714285714","3.996785714285714","5.483214285714285","0.02167622887064483"
"5.492222222222221","4.4302777777777775","5.593611111111111","0.024471904113140073"
"5.583448275862069","3.845862068965517","5.447586206896552","0.08039351009651202"
"5.5218750000000005","4.196562500000001","5.569375","0.11099756014982706"
"5.65974358974359","4.241538461538461","5.593076923076922","0.1124761251972052"
"5.664358974358974","4.062307692307691","5.603589743589743","0.053779835198330475"
"5.7171875","3.9921875","5.53","0.009385125181587977"
"5.491818181818181","3.835151515151515","5.38878787878788","0.009382809369817825"
"5.739285714285715","4.219642857142857","5.516785714285713","0.012576693362707177"
"5.723142857142856","3.908857142857143","5.563714285714286","0.009654112454599984"
"5.919285714285714","3.8357142857142854","5.5617857142857146","0.009073100949901356"
"6.1886363636363635","4.27568181818182","5.722954545454545","0.008345095738726315"
"5.967894736842105","3.970263157894737","5.875","0.013446338886946609"
"6.1388372093023245","4.111162790697674","5.889302325581395","0.016176820070313232"
"5.449189189189188","4.020810810810811","5.465945945945945","0.014433461422529452"
"5.383809523809523","4.344285714285713","5.175238095238095","0.08245640930489757"
"5.657894736842107","3.857368421052632","5.246578947368421","0.050484980488001395"
"5.6365625","3.8484375","5.4496875","0.01936174162733196"
"5.759666666666666","3.7383333333333337","5.741999999999999","0.016106690840289418"
"5.7878125","4.0190625","5.501250000000001","0.014020922160946121"
"5.5182926829268295","3.8112195121951222","5.470487804878049","0.0114064366738988"
"5.831153846153845","3.7565384615384616","5.720384615384616","0.0036792599081962385"
"5.840571428571429","3.9374285714285713","5.555714285714285","0.012203681073778627"
"5.84842105263158","3.8389473684210533","5.490526315789474","0.0052983832946283125"
"5.940645161290322","3.990967741935484","5.749032258064516","0.012486374848188552"
"5.897297297297298","3.803513513513514","5.555675675675675","0.005718944079318517"
"5.925263157894737","3.9194736842105264","5.532105263157895","0.008315866322365997"
"5.93457142857143","3.750285714285714","5.638571428571429","0.005846255133590978"
"5.8440625","3.91875","5.3784375","0.005279885962356885"
"5.715277777777779","3.8569444444444443","5.470277777777778","0.011345022810249374"
"5.778571428571429","3.8559183673469386","5.434285714285715","0.007406235765004432"
"5.602413793103448","4.214137931034483","5.3165517241379305","0.005931917866929031"
"5.349722222222223","3.886666666666667","5.219444444444445","0.048202078378960254"
"5.290000000000001","4.036666666666668","5.276666666666667","0.01747258437012969"
"5.097272727272727","4.359545454545454","5.200681818181818","0.0936548348006993"
"5.619999999999999","3.8153125","5.3434375","0.05240172669061951"
"5.450697674418604","3.7325581395348837","5.233023255813953","0.02775417599152301"
"5.440833333333333","3.5475","5.11625","0.009285774294604632"
"5.465249999999999","4.008750000000001","4.993","0.052318271098229466"
"5.550810810810812","4.055675675675676","5.308918918918918","0.13028460538005612"
"5.334324324324324","3.9697297297297287","5.177567567567567","0.21147841932336214"
"5.06452380952381","4.121666666666667","5.156190476190476","0.09537864618325757"
"5.501842105263158","3.951578947368421","5.41421052631579","0.0688107854240313"
"5.604137931034482","3.8368965517241387","5.665172413793103","0.03363827158742602"
"4.8358064516129025","4.445806451612903","5.130967741935484","0.03451862971604945"
"5.200740740740741","4.402592592592593","5.395925925925926","0.04792434906428634"
"5.4755","3.8957499999999996","5.49225","0.010101994538418495"
"5.311111111111112","4.0313888888888885","5.172222222222221","0.012879085483825157"
"5.304571428571428","3.9939999999999998","5.41","0.02271980455916645"
"5.427105263157894","3.849473684210527","5.332894736842105","0.02406624064609179"
"5.261891891891892","4.042972972972974","5.35","0.02102525185944665"
"5.620217391304348","4.150434782608696","5.446304347826087","0.038588461047296595"
"5.392972972972973","3.751621621621621","5.2624324324324325","0.042887786449956396"
"5.665172413793103","4.151379310344828","5.397931034482759","0.010656588119127383"
"4.9584375000000005","4.4071875","5.1378125","0.015717178381054204"
"5.5390625","4.2909375","5.4896875000000005","0.010302092378628775"
"5.758437499999999","4.24","5.7034375","0.01844997234660987"
"5.40939393939394","4.073939393939395","5.3978787878787875","0.01656733500672453"
"5.567499999999999","4.230277777777777","5.394166666666666","0.018405241405800937"
"5.721698113207547","3.999433962264152","5.572641509433962","0.022099146330670505"
"5.27611111111111","3.7127777777777777","5.590277777777777","0.01908199964833577"
"5.404761904761905","3.957380952380952","5.478333333333333","0.024880335409943978"
"5.252249999999999","4.04","5.455","0.012963112136336937"
"5.279411764705882","4.182058823529412","5.297058823529412","0.011532518696944188"
"5.710243902439024","4.041219512195122","5.497073170731707","0.05184512318455984"
"5.818387096774192","4.073225806451613","5.607741935483871","0.008055650294206823"
"5.6478125","4.1828125","5.3881250000000005","0.010280171012694702"
"6.124230769230769","3.83923076923077","5.833846153846154","0.03449076196481434"
"5.846","3.7776666666666676","5.578666666666668","0.11186844629142514"
"5.187058823529412","4.012352941176471","5.268235294117648","0.2694511320852025"
"5.355405405405406","3.798378378378378","5.467837837837837","0.31348572426042615"
"5.316190476190476","4.151666666666666","5.231190476190477","0.2841422396236874"
"5.248235294117647","4.0988235294117645","5.489705882352942","0.023148358606159953"
"5.530731707317074","3.843658536585366","5.504634146341464","0.06187703410357124"
"5.334473684210527","3.9981578947368424","5.174736842105264","0.24809546043052394"
"5.487777777777777","4.267222222222223","5.293611111111112","0.18834321131328915"
"5.329444444444444","4.219722222222223","5.239722222222222","0.08955260050644577"
"5.033142857142857","4.357428571428571","5.527142857142858","0.057107450559379686"
"5.0808","4.3612","5.2776","0.27888784522959265"
"5.115714285714286","4.162857142857143","5.256571428571428","0.11615918238091012"
"5.358108108108108","4.451351351351351","5.350270270270269","0.18059880752388047"
"5.205952380952381","4.090714285714286","5.3569047619047625","0.1880328069174453"
"5.502","4.2051428571428575","5.409714285714287","0.23386732766531762"
"5.352","4.1777500000000005","5.284000000000001","0.2652791597899316"
"5.562285714285714","4.123714285714286","5.377428571428571","0.023884826407827155"
"5.432777777777777","3.9825","5.32","0.03180900788564171"
"5.116666666666665","4.134333333333334","5.237333333333333","0.020812015885631956"
"5.18","4.264545454545455","5.530606060606062","0.18069063481586867"
"5.46","4.592962962962963","5.463703703703702","0.04343013667406105"
"5.911333333333334","3.6723333333333334","5.687333333333332","0.1521148340571206"
"5.186190476190475","3.8207142857142857","5.317380952380952","0.1043598891517194"
"5.247297297297297","3.9900000000000007","5.150540540540542","0.10748001979711634"
"5.1664864864864875","4.126756756756757","5.112972972972974","0.1437961741067361"
"6.016969696969697","4.249393939393939","5.5618181818181816","0.051598499438890354"
"5.052580645161291","4.314193548387097","5.155161290322581","0.19313538610280326"
"5.5081081081081065","4.463243243243243","5.57864864864865","0.03680460222666671"
"5.132857142857143","4.288857142857143","5.513714285714286","0.0636611651405462"
"5.343846153846154","4.358205128205127","5.183589743589743","0.10152271553194896"
"5.088055555555555","4.251111111111111","5.393611111111111","0.12799901515181492"
"4.957857142857143","4.178571428571429","5.128214285714285","0.12607015638465247"
"5.284375000000001","4.3100000000000005","5.308125","0.13350507598276495"
"5.4985","4.111","5.309","0.06733337380299476"
"5.563421052631579","3.848421052631579","5.545526315789474","0.02911790518303183"
"5.4559375","3.8749999999999996","5.224375","0.07858101915200044"
"5.558823529411764","4.073823529411765","5.2608823529411755","0.06665011735975271"
"5.607692307692309","3.9825641025641025","5.406410256410258","0.12668618858471065"
"5.291612903225806","4.030967741935483","5.213225806451613","0.11841488093214668"
"5.886756756756756","4.176756756756757","5.599729729729729","0.1154752392036113"
"5.614571428571428","3.976571428571429","5.370857142857143","0.21124147386372427"
"5.268108108108109","4.074594594594595","5.3870270270270275","0.006987968488339695"
"6.030000000000001","3.8058620689655176","5.563793103448275","0.030952888629781718"
"5.847948717948718","4.087435897435896","5.448461538461538","0.09772321287421129"
